solid case_50x70_usb_borde_lid
  facet normal 0.000000 0.000000 -1.000000
    outer loop
      vertex 0.000 0.000 0.000
      vertex 0.000 33.000 0.000
      vertex 95.000 33.000 0.000
    endloop
  endfacet
  facet normal 0.000000 0.000000 -1.000000
    outer loop
      vertex 0.000 0.000 0.000
      vertex 95.000 33.000 0.000
      vertex 95.000 0.000 0.000
    endloop
  endfacet
  facet normal 0.000000 0.000000 1.000000
    outer loop
      vertex 0.000 0.000 3.000
      vertex 95.000 0.000 3.000
      vertex 95.000 33.000 3.000
    endloop
  endfacet
  facet normal 0.000000 0.000000 1.000000
    outer loop
      vertex 0.000 0.000 3.000
      vertex 95.000 33.000 3.000
      vertex 0.000 33.000 3.000
    endloop
  endfacet
  facet normal 0.000000 -1.000000 0.000000
    outer loop
      vertex 0.000 0.000 0.000
      vertex 95.000 0.000 0.000
      vertex 95.000 0.000 3.000
    endloop
  endfacet
  facet normal 0.000000 -1.000000 0.000000
    outer loop
      vertex 0.000 0.000 0.000
      vertex 95.000 0.000 3.000
      vertex 0.000 0.000 3.000
    endloop
  endfacet
  facet normal 1.000000 0.000000 0.000000
    outer loop
      vertex 95.000 0.000 0.000
      vertex 95.000 33.000 0.000
      vertex 95.000 33.000 3.000
    endloop
  endfacet
  facet normal 1.000000 0.000000 0.000000
    outer loop
      vertex 95.000 0.000 0.000
      vertex 95.000 33.000 3.000
      vertex 95.000 0.000 3.000
    endloop
  endfacet
  facet normal 0.000000 1.000000 0.000000
    outer loop
      vertex 95.000 33.000 0.000
      vertex 0.000 33.000 0.000
      vertex 0.000 33.000 3.000
    endloop
  endfacet
  facet normal 0.000000 1.000000 0.000000
    outer loop
      vertex 95.000 33.000 0.000
      vertex 0.000 33.000 3.000
      vertex 95.000 33.000 3.000
    endloop
  endfacet
  facet normal -1.000000 0.000000 0.000000
    outer loop
      vertex 0.000 33.000 0.000
      vertex 0.000 0.000 0.000
      vertex 0.000 0.000 3.000
    endloop
  endfacet
  facet normal -1.000000 0.000000 0.000000
    outer loop
      vertex 0.000 33.000 0.000
      vertex 0.000 0.000 3.000
      vertex 0.000 33.000 3.000
    endloop
  endfacet
  facet normal 0.000000 0.000000 -1.000000
    outer loop
      vertex 0.000 81.000 0.000
      vertex 0.000 125.000 0.000
      vertex 95.000 125.000 0.000
    endloop
  endfacet
  facet normal 0.000000 0.000000 -1.000000
    outer loop
      vertex 0.000 81.000 0.000
      vertex 95.000 125.000 0.000
      vertex 95.000 81.000 0.000
    endloop
  endfacet
  facet normal 0.000000 0.000000 1.000000
    outer loop
      vertex 0.000 81.000 3.000
      vertex 95.000 81.000 3.000
      vertex 95.000 125.000 3.000
    endloop
  endfacet
  facet normal 0.000000 0.000000 1.000000
    outer loop
      vertex 0.000 81.000 3.000
      vertex 95.000 125.000 3.000
      vertex 0.000 125.000 3.000
    endloop
  endfacet
  facet normal 0.000000 -1.000000 0.000000
    outer loop
      vertex 0.000 81.000 0.000
      vertex 95.000 81.000 0.000
      vertex 95.000 81.000 3.000
    endloop
  endfacet
  facet normal 0.000000 -1.000000 0.000000
    outer loop
      vertex 0.000 81.000 0.000
      vertex 95.000 81.000 3.000
      vertex 0.000 81.000 3.000
    endloop
  endfacet
  facet normal 1.000000 0.000000 0.000000
    outer loop
      vertex 95.000 81.000 0.000
      vertex 95.000 125.000 0.000
      vertex 95.000 125.000 3.000
    endloop
  endfacet
  facet normal 1.000000 0.000000 0.000000
    outer loop
      vertex 95.000 81.000 0.000
      vertex 95.000 125.000 3.000
      vertex 95.000 81.000 3.000
    endloop
  endfacet
  facet normal 0.000000 1.000000 0.000000
    outer loop
      vertex 95.000 125.000 0.000
      vertex 0.000 125.000 0.000
      vertex 0.000 125.000 3.000
    endloop
  endfacet
  facet normal 0.000000 1.000000 0.000000
    outer loop
      vertex 95.000 125.000 0.000
      vertex 0.000 125.000 3.000
      vertex 95.000 125.000 3.000
    endloop
  endfacet
  facet normal -1.000000 0.000000 0.000000
    outer loop
      vertex 0.000 125.000 0.000
      vertex 0.000 81.000 0.000
      vertex 0.000 81.000 3.000
    endloop
  endfacet
  facet normal -1.000000 0.000000 0.000000
    outer loop
      vertex 0.000 125.000 0.000
      vertex 0.000 81.000 3.000
      vertex 0.000 125.000 3.000
    endloop
  endfacet
  facet normal 0.000000 0.000000 -1.000000
    outer loop
      vertex 0.000 33.000 0.000
      vertex 0.000 81.000 0.000
      vertex 16.000 81.000 0.000
    endloop
  endfacet
  facet normal 0.000000 0.000000 -1.000000
    outer loop
      vertex 0.000 33.000 0.000
      vertex 16.000 81.000 0.000
      vertex 16.000 33.000 0.000
    endloop
  endfacet
  facet normal 0.000000 0.000000 1.000000
    outer loop
      vertex 0.000 33.000 3.000
      vertex 16.000 33.000 3.000
      vertex 16.000 81.000 3.000
    endloop
  endfacet
  facet normal 0.000000 0.000000 1.000000
    outer loop
      vertex 0.000 33.000 3.000
      vertex 16.000 81.000 3.000
      vertex 0.000 81.000 3.000
    endloop
  endfacet
  facet normal 0.000000 -1.000000 0.000000
    outer loop
      vertex 0.000 33.000 0.000
      vertex 16.000 33.000 0.000
      vertex 16.000 33.000 3.000
    endloop
  endfacet
  facet normal 0.000000 -1.000000 0.000000
    outer loop
      vertex 0.000 33.000 0.000
      vertex 16.000 33.000 3.000
      vertex 0.000 33.000 3.000
    endloop
  endfacet
  facet normal 1.000000 0.000000 0.000000
    outer loop
      vertex 16.000 33.000 0.000
      vertex 16.000 81.000 0.000
      vertex 16.000 81.000 3.000
    endloop
  endfacet
  facet normal 1.000000 0.000000 0.000000
    outer loop
      vertex 16.000 33.000 0.000
      vertex 16.000 81.000 3.000
      vertex 16.000 33.000 3.000
    endloop
  endfacet
  facet normal 0.000000 1.000000 0.000000
    outer loop
      vertex 16.000 81.000 0.000
      vertex 0.000 81.000 0.000
      vertex 0.000 81.000 3.000
    endloop
  endfacet
  facet normal 0.000000 1.000000 0.000000
    outer loop
      vertex 16.000 81.000 0.000
      vertex 0.000 81.000 3.000
      vertex 16.000 81.000 3.000
    endloop
  endfacet
  facet normal -1.000000 0.000000 0.000000
    outer loop
      vertex 0.000 81.000 0.000
      vertex 0.000 33.000 0.000
      vertex 0.000 33.000 3.000
    endloop
  endfacet
  facet normal -1.000000 0.000000 0.000000
    outer loop
      vertex 0.000 81.000 0.000
      vertex 0.000 33.000 3.000
      vertex 0.000 81.000 3.000
    endloop
  endfacet
  facet normal 0.000000 0.000000 -1.000000
    outer loop
      vertex 79.000 33.000 0.000
      vertex 79.000 81.000 0.000
      vertex 95.000 81.000 0.000
    endloop
  endfacet
  facet normal 0.000000 0.000000 -1.000000
    outer loop
      vertex 79.000 33.000 0.000
      vertex 95.000 81.000 0.000
      vertex 95.000 33.000 0.000
    endloop
  endfacet
  facet normal 0.000000 0.000000 1.000000
    outer loop
      vertex 79.000 33.000 3.000
      vertex 95.000 33.000 3.000
      vertex 95.000 81.000 3.000
    endloop
  endfacet
  facet normal 0.000000 0.000000 1.000000
    outer loop
      vertex 79.000 33.000 3.000
      vertex 95.000 81.000 3.000
      vertex 79.000 81.000 3.000
    endloop
  endfacet
  facet normal 0.000000 -1.000000 0.000000
    outer loop
      vertex 79.000 33.000 0.000
      vertex 95.000 33.000 0.000
      vertex 95.000 33.000 3.000
    endloop
  endfacet
  facet normal 0.000000 -1.000000 0.000000
    outer loop
      vertex 79.000 33.000 0.000
      vertex 95.000 33.000 3.000
      vertex 79.000 33.000 3.000
    endloop
  endfacet
  facet normal 1.000000 0.000000 0.000000
    outer loop
      vertex 95.000 33.000 0.000
      vertex 95.000 81.000 0.000
      vertex 95.000 81.000 3.000
    endloop
  endfacet
  facet normal 1.000000 0.000000 0.000000
    outer loop
      vertex 95.000 33.000 0.000
      vertex 95.000 81.000 3.000
      vertex 95.000 33.000 3.000
    endloop
  endfacet
  facet normal 0.000000 1.000000 0.000000
    outer loop
      vertex 95.000 81.000 0.000
      vertex 79.000 81.000 0.000
      vertex 79.000 81.000 3.000
    endloop
  endfacet
  facet normal 0.000000 1.000000 0.000000
    outer loop
      vertex 95.000 81.000 0.000
      vertex 79.000 81.000 3.000
      vertex 95.000 81.000 3.000
    endloop
  endfacet
  facet normal -1.000000 0.000000 0.000000
    outer loop
      vertex 79.000 81.000 0.000
      vertex 79.000 33.000 0.000
      vertex 79.000 33.000 3.000
    endloop
  endfacet
  facet normal -1.000000 0.000000 0.000000
    outer loop
      vertex 79.000 81.000 0.000
      vertex 79.000 33.000 3.000
      vertex 79.000 81.000 3.000
    endloop
  endfacet
  facet normal 0.000000 0.000000 -1.000000
    outer loop
      vertex 4.000 4.000 -3.000
      vertex 4.000 6.000 -3.000
      vertex 91.000 6.000 -3.000
    endloop
  endfacet
  facet normal 0.000000 0.000000 -1.000000
    outer loop
      vertex 4.000 4.000 -3.000
      vertex 91.000 6.000 -3.000
      vertex 91.000 4.000 -3.000
    endloop
  endfacet
  facet normal 0.000000 0.000000 1.000000
    outer loop
      vertex 4.000 4.000 0.000
      vertex 91.000 4.000 0.000
      vertex 91.000 6.000 0.000
    endloop
  endfacet
  facet normal 0.000000 0.000000 1.000000
    outer loop
      vertex 4.000 4.000 0.000
      vertex 91.000 6.000 0.000
      vertex 4.000 6.000 0.000
    endloop
  endfacet
  facet normal 0.000000 -1.000000 0.000000
    outer loop
      vertex 4.000 4.000 -3.000
      vertex 91.000 4.000 -3.000
      vertex 91.000 4.000 0.000
    endloop
  endfacet
  facet normal 0.000000 -1.000000 0.000000
    outer loop
      vertex 4.000 4.000 -3.000
      vertex 91.000 4.000 0.000
      vertex 4.000 4.000 0.000
    endloop
  endfacet
  facet normal 1.000000 0.000000 0.000000
    outer loop
      vertex 91.000 4.000 -3.000
      vertex 91.000 6.000 -3.000
      vertex 91.000 6.000 0.000
    endloop
  endfacet
  facet normal 1.000000 0.000000 0.000000
    outer loop
      vertex 91.000 4.000 -3.000
      vertex 91.000 6.000 0.000
      vertex 91.000 4.000 0.000
    endloop
  endfacet
  facet normal 0.000000 1.000000 0.000000
    outer loop
      vertex 91.000 6.000 -3.000
      vertex 4.000 6.000 -3.000
      vertex 4.000 6.000 0.000
    endloop
  endfacet
  facet normal 0.000000 1.000000 0.000000
    outer loop
      vertex 91.000 6.000 -3.000
      vertex 4.000 6.000 0.000
      vertex 91.000 6.000 0.000
    endloop
  endfacet
  facet normal -1.000000 0.000000 0.000000
    outer loop
      vertex 4.000 6.000 -3.000
      vertex 4.000 4.000 -3.000
      vertex 4.000 4.000 0.000
    endloop
  endfacet
  facet normal -1.000000 0.000000 0.000000
    outer loop
      vertex 4.000 6.000 -3.000
      vertex 4.000 4.000 0.000
      vertex 4.000 6.000 0.000
    endloop
  endfacet
  facet normal 0.000000 0.000000 -1.000000
    outer loop
      vertex 4.000 119.000 -3.000
      vertex 4.000 121.000 -3.000
      vertex 91.000 121.000 -3.000
    endloop
  endfacet
  facet normal 0.000000 0.000000 -1.000000
    outer loop
      vertex 4.000 119.000 -3.000
      vertex 91.000 121.000 -3.000
      vertex 91.000 119.000 -3.000
    endloop
  endfacet
  facet normal 0.000000 0.000000 1.000000
    outer loop
      vertex 4.000 119.000 0.000
      vertex 91.000 119.000 0.000
      vertex 91.000 121.000 0.000
    endloop
  endfacet
  facet normal 0.000000 0.000000 1.000000
    outer loop
      vertex 4.000 119.000 0.000
      vertex 91.000 121.000 0.000
      vertex 4.000 121.000 0.000
    endloop
  endfacet
  facet normal 0.000000 -1.000000 0.000000
    outer loop
      vertex 4.000 119.000 -3.000
      vertex 91.000 119.000 -3.000
      vertex 91.000 119.000 0.000
    endloop
  endfacet
  facet normal 0.000000 -1.000000 0.000000
    outer loop
      vertex 4.000 119.000 -3.000
      vertex 91.000 119.000 0.000
      vertex 4.000 119.000 0.000
    endloop
  endfacet
  facet normal 1.000000 0.000000 0.000000
    outer loop
      vertex 91.000 119.000 -3.000
      vertex 91.000 121.000 -3.000
      vertex 91.000 121.000 0.000
    endloop
  endfacet
  facet normal 1.000000 0.000000 0.000000
    outer loop
      vertex 91.000 119.000 -3.000
      vertex 91.000 121.000 0.000
      vertex 91.000 119.000 0.000
    endloop
  endfacet
  facet normal 0.000000 1.000000 0.000000
    outer loop
      vertex 91.000 121.000 -3.000
      vertex 4.000 121.000 -3.000
      vertex 4.000 121.000 0.000
    endloop
  endfacet
  facet normal 0.000000 1.000000 0.000000
    outer loop
      vertex 91.000 121.000 -3.000
      vertex 4.000 121.000 0.000
      vertex 91.000 121.000 0.000
    endloop
  endfacet
  facet normal -1.000000 0.000000 0.000000
    outer loop
      vertex 4.000 121.000 -3.000
      vertex 4.000 119.000 -3.000
      vertex 4.000 119.000 0.000
    endloop
  endfacet
  facet normal -1.000000 0.000000 0.000000
    outer loop
      vertex 4.000 121.000 -3.000
      vertex 4.000 119.000 0.000
      vertex 4.000 121.000 0.000
    endloop
  endfacet
  facet normal 0.000000 0.000000 -1.000000
    outer loop
      vertex 4.000 6.000 -3.000
      vertex 4.000 119.000 -3.000
      vertex 6.000 119.000 -3.000
    endloop
  endfacet
  facet normal 0.000000 0.000000 -1.000000
    outer loop
      vertex 4.000 6.000 -3.000
      vertex 6.000 119.000 -3.000
      vertex 6.000 6.000 -3.000
    endloop
  endfacet
  facet normal 0.000000 0.000000 1.000000
    outer loop
      vertex 4.000 6.000 0.000
      vertex 6.000 6.000 0.000
      vertex 6.000 119.000 0.000
    endloop
  endfacet
  facet normal 0.000000 0.000000 1.000000
    outer loop
      vertex 4.000 6.000 0.000
      vertex 6.000 119.000 0.000
      vertex 4.000 119.000 0.000
    endloop
  endfacet
  facet normal 0.000000 -1.000000 0.000000
    outer loop
      vertex 4.000 6.000 -3.000
      vertex 6.000 6.000 -3.000
      vertex 6.000 6.000 0.000
    endloop
  endfacet
  facet normal 0.000000 -1.000000 0.000000
    outer loop
      vertex 4.000 6.000 -3.000
      vertex 6.000 6.000 0.000
      vertex 4.000 6.000 0.000
    endloop
  endfacet
  facet normal 1.000000 0.000000 0.000000
    outer loop
      vertex 6.000 6.000 -3.000
      vertex 6.000 119.000 -3.000
      vertex 6.000 119.000 0.000
    endloop
  endfacet
  facet normal 1.000000 0.000000 0.000000
    outer loop
      vertex 6.000 6.000 -3.000
      vertex 6.000 119.000 0.000
      vertex 6.000 6.000 0.000
    endloop
  endfacet
  facet normal 0.000000 1.000000 0.000000
    outer loop
      vertex 6.000 119.000 -3.000
      vertex 4.000 119.000 -3.000
      vertex 4.000 119.000 0.000
    endloop
  endfacet
  facet normal 0.000000 1.000000 0.000000
    outer loop
      vertex 6.000 119.000 -3.000
      vertex 4.000 119.000 0.000
      vertex 6.000 119.000 0.000
    endloop
  endfacet
  facet normal -1.000000 0.000000 0.000000
    outer loop
      vertex 4.000 119.000 -3.000
      vertex 4.000 6.000 -3.000
      vertex 4.000 6.000 0.000
    endloop
  endfacet
  facet normal -1.000000 0.000000 0.000000
    outer loop
      vertex 4.000 119.000 -3.000
      vertex 4.000 6.000 0.000
      vertex 4.000 119.000 0.000
    endloop
  endfacet
  facet normal 0.000000 0.000000 -1.000000
    outer loop
      vertex 89.000 6.000 -3.000
      vertex 89.000 119.000 -3.000
      vertex 91.000 119.000 -3.000
    endloop
  endfacet
  facet normal 0.000000 0.000000 -1.000000
    outer loop
      vertex 89.000 6.000 -3.000
      vertex 91.000 119.000 -3.000
      vertex 91.000 6.000 -3.000
    endloop
  endfacet
  facet normal 0.000000 0.000000 1.000000
    outer loop
      vertex 89.000 6.000 0.000
      vertex 91.000 6.000 0.000
      vertex 91.000 119.000 0.000
    endloop
  endfacet
  facet normal 0.000000 0.000000 1.000000
    outer loop
      vertex 89.000 6.000 0.000
      vertex 91.000 119.000 0.000
      vertex 89.000 119.000 0.000
    endloop
  endfacet
  facet normal 0.000000 -1.000000 0.000000
    outer loop
      vertex 89.000 6.000 -3.000
      vertex 91.000 6.000 -3.000
      vertex 91.000 6.000 0.000
    endloop
  endfacet
  facet normal 0.000000 -1.000000 0.000000
    outer loop
      vertex 89.000 6.000 -3.000
      vertex 91.000 6.000 0.000
      vertex 89.000 6.000 0.000
    endloop
  endfacet
  facet normal 1.000000 0.000000 0.000000
    outer loop
      vertex 91.000 6.000 -3.000
      vertex 91.000 119.000 -3.000
      vertex 91.000 119.000 0.000
    endloop
  endfacet
  facet normal 1.000000 0.000000 0.000000
    outer loop
      vertex 91.000 6.000 -3.000
      vertex 91.000 119.000 0.000
      vertex 91.000 6.000 0.000
    endloop
  endfacet
  facet normal 0.000000 1.000000 0.000000
    outer loop
      vertex 91.000 119.000 -3.000
      vertex 89.000 119.000 -3.000
      vertex 89.000 119.000 0.000
    endloop
  endfacet
  facet normal 0.000000 1.000000 0.000000
    outer loop
      vertex 91.000 119.000 -3.000
      vertex 89.000 119.000 0.000
      vertex 91.000 119.000 0.000
    endloop
  endfacet
  facet normal -1.000000 0.000000 0.000000
    outer loop
      vertex 89.000 119.000 -3.000
      vertex 89.000 6.000 -3.000
      vertex 89.000 6.000 0.000
    endloop
  endfacet
  facet normal -1.000000 0.000000 0.000000
    outer loop
      vertex 89.000 119.000 -3.000
      vertex 89.000 6.000 0.000
      vertex 89.000 119.000 0.000
    endloop
  endfacet
  facet normal 0.995185 0.098017 0.000000
    outer loop
      vertex 16.200 28.000 -6.000
      vertex 16.139 28.624 -6.000
      vertex 16.139 28.624 0.000
    endloop
  endfacet
  facet normal 0.995185 0.098017 -0.000000
    outer loop
      vertex 16.200 28.000 -6.000
      vertex 16.139 28.624 0.000
      vertex 16.200 28.000 0.000
    endloop
  endfacet
  facet normal 0.000000 0.000000 -1.000000
    outer loop
      vertex 13.000 28.000 -6.000
      vertex 16.139 28.624 -6.000
      vertex 16.200 28.000 -6.000
    endloop
  endfacet
  facet normal 0.000000 0.000000 1.000000
    outer loop
      vertex 13.000 28.000 0.000
      vertex 16.200 28.000 0.000
      vertex 16.139 28.624 0.000
    endloop
  endfacet
  facet normal 0.956940 0.290285 0.000000
    outer loop
      vertex 16.139 28.624 -6.000
      vertex 15.956 29.225 -6.000
      vertex 15.956 29.225 0.000
    endloop
  endfacet
  facet normal 0.956940 0.290285 -0.000000
    outer loop
      vertex 16.139 28.624 -6.000
      vertex 15.956 29.225 0.000
      vertex 16.139 28.624 0.000
    endloop
  endfacet
  facet normal 0.000000 0.000000 -1.000000
    outer loop
      vertex 13.000 28.000 -6.000
      vertex 15.956 29.225 -6.000
      vertex 16.139 28.624 -6.000
    endloop
  endfacet
  facet normal 0.000000 0.000000 1.000000
    outer loop
      vertex 13.000 28.000 0.000
      vertex 16.139 28.624 0.000
      vertex 15.956 29.225 0.000
    endloop
  endfacet
  facet normal 0.881921 0.471397 0.000000
    outer loop
      vertex 15.956 29.225 -6.000
      vertex 15.661 29.778 -6.000
      vertex 15.661 29.778 0.000
    endloop
  endfacet
  facet normal 0.881921 0.471397 -0.000000
    outer loop
      vertex 15.956 29.225 -6.000
      vertex 15.661 29.778 0.000
      vertex 15.956 29.225 0.000
    endloop
  endfacet
  facet normal 0.000000 0.000000 -1.000000
    outer loop
      vertex 13.000 28.000 -6.000
      vertex 15.661 29.778 -6.000
      vertex 15.956 29.225 -6.000
    endloop
  endfacet
  facet normal 0.000000 0.000000 1.000000
    outer loop
      vertex 13.000 28.000 0.000
      vertex 15.956 29.225 0.000
      vertex 15.661 29.778 0.000
    endloop
  endfacet
  facet normal 0.773010 0.634393 0.000000
    outer loop
      vertex 15.661 29.778 -6.000
      vertex 15.263 30.263 -6.000
      vertex 15.263 30.263 0.000
    endloop
  endfacet
  facet normal 0.773010 0.634393 -0.000000
    outer loop
      vertex 15.661 29.778 -6.000
      vertex 15.263 30.263 0.000
      vertex 15.661 29.778 0.000
    endloop
  endfacet
  facet normal 0.000000 0.000000 -1.000000
    outer loop
      vertex 13.000 28.000 -6.000
      vertex 15.263 30.263 -6.000
      vertex 15.661 29.778 -6.000
    endloop
  endfacet
  facet normal 0.000000 0.000000 1.000000
    outer loop
      vertex 13.000 28.000 0.000
      vertex 15.661 29.778 0.000
      vertex 15.263 30.263 0.000
    endloop
  endfacet
  facet normal 0.634393 0.773010 0.000000
    outer loop
      vertex 15.263 30.263 -6.000
      vertex 14.778 30.661 -6.000
      vertex 14.778 30.661 0.000
    endloop
  endfacet
  facet normal 0.634393 0.773010 -0.000000
    outer loop
      vertex 15.263 30.263 -6.000
      vertex 14.778 30.661 0.000
      vertex 15.263 30.263 0.000
    endloop
  endfacet
  facet normal 0.000000 0.000000 -1.000000
    outer loop
      vertex 13.000 28.000 -6.000
      vertex 14.778 30.661 -6.000
      vertex 15.263 30.263 -6.000
    endloop
  endfacet
  facet normal 0.000000 0.000000 1.000000
    outer loop
      vertex 13.000 28.000 0.000
      vertex 15.263 30.263 0.000
      vertex 14.778 30.661 0.000
    endloop
  endfacet
  facet normal 0.471397 0.881921 0.000000
    outer loop
      vertex 14.778 30.661 -6.000
      vertex 14.225 30.956 -6.000
      vertex 14.225 30.956 0.000
    endloop
  endfacet
  facet normal 0.471397 0.881921 -0.000000
    outer loop
      vertex 14.778 30.661 -6.000
      vertex 14.225 30.956 0.000
      vertex 14.778 30.661 0.000
    endloop
  endfacet
  facet normal 0.000000 0.000000 -1.000000
    outer loop
      vertex 13.000 28.000 -6.000
      vertex 14.225 30.956 -6.000
      vertex 14.778 30.661 -6.000
    endloop
  endfacet
  facet normal 0.000000 0.000000 1.000000
    outer loop
      vertex 13.000 28.000 0.000
      vertex 14.778 30.661 0.000
      vertex 14.225 30.956 0.000
    endloop
  endfacet
  facet normal 0.290285 0.956940 0.000000
    outer loop
      vertex 14.225 30.956 -6.000
      vertex 13.624 31.139 -6.000
      vertex 13.624 31.139 0.000
    endloop
  endfacet
  facet normal 0.290285 0.956940 -0.000000
    outer loop
      vertex 14.225 30.956 -6.000
      vertex 13.624 31.139 0.000
      vertex 14.225 30.956 0.000
    endloop
  endfacet
  facet normal 0.000000 0.000000 -1.000000
    outer loop
      vertex 13.000 28.000 -6.000
      vertex 13.624 31.139 -6.000
      vertex 14.225 30.956 -6.000
    endloop
  endfacet
  facet normal 0.000000 0.000000 1.000000
    outer loop
      vertex 13.000 28.000 0.000
      vertex 14.225 30.956 0.000
      vertex 13.624 31.139 0.000
    endloop
  endfacet
  facet normal 0.098017 0.995185 0.000000
    outer loop
      vertex 13.624 31.139 -6.000
      vertex 13.000 31.200 -6.000
      vertex 13.000 31.200 0.000
    endloop
  endfacet
  facet normal 0.098017 0.995185 -0.000000
    outer loop
      vertex 13.624 31.139 -6.000
      vertex 13.000 31.200 0.000
      vertex 13.624 31.139 0.000
    endloop
  endfacet
  facet normal 0.000000 0.000000 -1.000000
    outer loop
      vertex 13.000 28.000 -6.000
      vertex 13.000 31.200 -6.000
      vertex 13.624 31.139 -6.000
    endloop
  endfacet
  facet normal 0.000000 0.000000 1.000000
    outer loop
      vertex 13.000 28.000 0.000
      vertex 13.624 31.139 0.000
      vertex 13.000 31.200 0.000
    endloop
  endfacet
  facet normal -0.098017 0.995185 0.000000
    outer loop
      vertex 13.000 31.200 -6.000
      vertex 12.376 31.139 -6.000
      vertex 12.376 31.139 0.000
    endloop
  endfacet
  facet normal -0.098017 0.995185 0.000000
    outer loop
      vertex 13.000 31.200 -6.000
      vertex 12.376 31.139 0.000
      vertex 13.000 31.200 0.000
    endloop
  endfacet
  facet normal 0.000000 0.000000 -1.000000
    outer loop
      vertex 13.000 28.000 -6.000
      vertex 12.376 31.139 -6.000
      vertex 13.000 31.200 -6.000
    endloop
  endfacet
  facet normal 0.000000 -0.000000 1.000000
    outer loop
      vertex 13.000 28.000 0.000
      vertex 13.000 31.200 0.000
      vertex 12.376 31.139 0.000
    endloop
  endfacet
  facet normal -0.290285 0.956940 0.000000
    outer loop
      vertex 12.376 31.139 -6.000
      vertex 11.775 30.956 -6.000
      vertex 11.775 30.956 0.000
    endloop
  endfacet
  facet normal -0.290285 0.956940 0.000000
    outer loop
      vertex 12.376 31.139 -6.000
      vertex 11.775 30.956 0.000
      vertex 12.376 31.139 0.000
    endloop
  endfacet
  facet normal 0.000000 0.000000 -1.000000
    outer loop
      vertex 13.000 28.000 -6.000
      vertex 11.775 30.956 -6.000
      vertex 12.376 31.139 -6.000
    endloop
  endfacet
  facet normal 0.000000 0.000000 1.000000
    outer loop
      vertex 13.000 28.000 0.000
      vertex 12.376 31.139 0.000
      vertex 11.775 30.956 0.000
    endloop
  endfacet
  facet normal -0.471397 0.881921 0.000000
    outer loop
      vertex 11.775 30.956 -6.000
      vertex 11.222 30.661 -6.000
      vertex 11.222 30.661 0.000
    endloop
  endfacet
  facet normal -0.471397 0.881921 0.000000
    outer loop
      vertex 11.775 30.956 -6.000
      vertex 11.222 30.661 0.000
      vertex 11.775 30.956 0.000
    endloop
  endfacet
  facet normal 0.000000 0.000000 -1.000000
    outer loop
      vertex 13.000 28.000 -6.000
      vertex 11.222 30.661 -6.000
      vertex 11.775 30.956 -6.000
    endloop
  endfacet
  facet normal 0.000000 0.000000 1.000000
    outer loop
      vertex 13.000 28.000 0.000
      vertex 11.775 30.956 0.000
      vertex 11.222 30.661 0.000
    endloop
  endfacet
  facet normal -0.634393 0.773010 0.000000
    outer loop
      vertex 11.222 30.661 -6.000
      vertex 10.737 30.263 -6.000
      vertex 10.737 30.263 0.000
    endloop
  endfacet
  facet normal -0.634393 0.773010 0.000000
    outer loop
      vertex 11.222 30.661 -6.000
      vertex 10.737 30.263 0.000
      vertex 11.222 30.661 0.000
    endloop
  endfacet
  facet normal 0.000000 0.000000 -1.000000
    outer loop
      vertex 13.000 28.000 -6.000
      vertex 10.737 30.263 -6.000
      vertex 11.222 30.661 -6.000
    endloop
  endfacet
  facet normal 0.000000 0.000000 1.000000
    outer loop
      vertex 13.000 28.000 0.000
      vertex 11.222 30.661 0.000
      vertex 10.737 30.263 0.000
    endloop
  endfacet
  facet normal -0.773010 0.634393 0.000000
    outer loop
      vertex 10.737 30.263 -6.000
      vertex 10.339 29.778 -6.000
      vertex 10.339 29.778 0.000
    endloop
  endfacet
  facet normal -0.773010 0.634393 0.000000
    outer loop
      vertex 10.737 30.263 -6.000
      vertex 10.339 29.778 0.000
      vertex 10.737 30.263 0.000
    endloop
  endfacet
  facet normal 0.000000 0.000000 -1.000000
    outer loop
      vertex 13.000 28.000 -6.000
      vertex 10.339 29.778 -6.000
      vertex 10.737 30.263 -6.000
    endloop
  endfacet
  facet normal 0.000000 0.000000 1.000000
    outer loop
      vertex 13.000 28.000 0.000
      vertex 10.737 30.263 0.000
      vertex 10.339 29.778 0.000
    endloop
  endfacet
  facet normal -0.881921 0.471397 0.000000
    outer loop
      vertex 10.339 29.778 -6.000
      vertex 10.044 29.225 -6.000
      vertex 10.044 29.225 0.000
    endloop
  endfacet
  facet normal -0.881921 0.471397 0.000000
    outer loop
      vertex 10.339 29.778 -6.000
      vertex 10.044 29.225 0.000
      vertex 10.339 29.778 0.000
    endloop
  endfacet
  facet normal 0.000000 0.000000 -1.000000
    outer loop
      vertex 13.000 28.000 -6.000
      vertex 10.044 29.225 -6.000
      vertex 10.339 29.778 -6.000
    endloop
  endfacet
  facet normal 0.000000 0.000000 1.000000
    outer loop
      vertex 13.000 28.000 0.000
      vertex 10.339 29.778 0.000
      vertex 10.044 29.225 0.000
    endloop
  endfacet
  facet normal -0.956940 0.290285 0.000000
    outer loop
      vertex 10.044 29.225 -6.000
      vertex 9.861 28.624 -6.000
      vertex 9.861 28.624 0.000
    endloop
  endfacet
  facet normal -0.956940 0.290285 0.000000
    outer loop
      vertex 10.044 29.225 -6.000
      vertex 9.861 28.624 0.000
      vertex 10.044 29.225 0.000
    endloop
  endfacet
  facet normal 0.000000 0.000000 -1.000000
    outer loop
      vertex 13.000 28.000 -6.000
      vertex 9.861 28.624 -6.000
      vertex 10.044 29.225 -6.000
    endloop
  endfacet
  facet normal 0.000000 0.000000 1.000000
    outer loop
      vertex 13.000 28.000 0.000
      vertex 10.044 29.225 0.000
      vertex 9.861 28.624 0.000
    endloop
  endfacet
  facet normal -0.995185 0.098017 0.000000
    outer loop
      vertex 9.861 28.624 -6.000
      vertex 9.800 28.000 -6.000
      vertex 9.800 28.000 0.000
    endloop
  endfacet
  facet normal -0.995185 0.098017 0.000000
    outer loop
      vertex 9.861 28.624 -6.000
      vertex 9.800 28.000 0.000
      vertex 9.861 28.624 0.000
    endloop
  endfacet
  facet normal 0.000000 0.000000 -1.000000
    outer loop
      vertex 13.000 28.000 -6.000
      vertex 9.800 28.000 -6.000
      vertex 9.861 28.624 -6.000
    endloop
  endfacet
  facet normal 0.000000 0.000000 1.000000
    outer loop
      vertex 13.000 28.000 0.000
      vertex 9.861 28.624 0.000
      vertex 9.800 28.000 0.000
    endloop
  endfacet
  facet normal -0.995185 -0.098017 0.000000
    outer loop
      vertex 9.800 28.000 -6.000
      vertex 9.861 27.376 -6.000
      vertex 9.861 27.376 0.000
    endloop
  endfacet
  facet normal -0.995185 -0.098017 0.000000
    outer loop
      vertex 9.800 28.000 -6.000
      vertex 9.861 27.376 0.000
      vertex 9.800 28.000 0.000
    endloop
  endfacet
  facet normal -0.000000 0.000000 -1.000000
    outer loop
      vertex 13.000 28.000 -6.000
      vertex 9.861 27.376 -6.000
      vertex 9.800 28.000 -6.000
    endloop
  endfacet
  facet normal 0.000000 0.000000 1.000000
    outer loop
      vertex 13.000 28.000 0.000
      vertex 9.800 28.000 0.000
      vertex 9.861 27.376 0.000
    endloop
  endfacet
  facet normal -0.956940 -0.290285 0.000000
    outer loop
      vertex 9.861 27.376 -6.000
      vertex 10.044 26.775 -6.000
      vertex 10.044 26.775 0.000
    endloop
  endfacet
  facet normal -0.956940 -0.290285 0.000000
    outer loop
      vertex 9.861 27.376 -6.000
      vertex 10.044 26.775 0.000
      vertex 9.861 27.376 0.000
    endloop
  endfacet
  facet normal 0.000000 0.000000 -1.000000
    outer loop
      vertex 13.000 28.000 -6.000
      vertex 10.044 26.775 -6.000
      vertex 9.861 27.376 -6.000
    endloop
  endfacet
  facet normal 0.000000 0.000000 1.000000
    outer loop
      vertex 13.000 28.000 0.000
      vertex 9.861 27.376 0.000
      vertex 10.044 26.775 0.000
    endloop
  endfacet
  facet normal -0.881921 -0.471397 0.000000
    outer loop
      vertex 10.044 26.775 -6.000
      vertex 10.339 26.222 -6.000
      vertex 10.339 26.222 0.000
    endloop
  endfacet
  facet normal -0.881921 -0.471397 0.000000
    outer loop
      vertex 10.044 26.775 -6.000
      vertex 10.339 26.222 0.000
      vertex 10.044 26.775 0.000
    endloop
  endfacet
  facet normal 0.000000 0.000000 -1.000000
    outer loop
      vertex 13.000 28.000 -6.000
      vertex 10.339 26.222 -6.000
      vertex 10.044 26.775 -6.000
    endloop
  endfacet
  facet normal 0.000000 0.000000 1.000000
    outer loop
      vertex 13.000 28.000 0.000
      vertex 10.044 26.775 0.000
      vertex 10.339 26.222 0.000
    endloop
  endfacet
  facet normal -0.773010 -0.634393 0.000000
    outer loop
      vertex 10.339 26.222 -6.000
      vertex 10.737 25.737 -6.000
      vertex 10.737 25.737 0.000
    endloop
  endfacet
  facet normal -0.773010 -0.634393 0.000000
    outer loop
      vertex 10.339 26.222 -6.000
      vertex 10.737 25.737 0.000
      vertex 10.339 26.222 0.000
    endloop
  endfacet
  facet normal 0.000000 0.000000 -1.000000
    outer loop
      vertex 13.000 28.000 -6.000
      vertex 10.737 25.737 -6.000
      vertex 10.339 26.222 -6.000
    endloop
  endfacet
  facet normal 0.000000 0.000000 1.000000
    outer loop
      vertex 13.000 28.000 0.000
      vertex 10.339 26.222 0.000
      vertex 10.737 25.737 0.000
    endloop
  endfacet
  facet normal -0.634393 -0.773010 0.000000
    outer loop
      vertex 10.737 25.737 -6.000
      vertex 11.222 25.339 -6.000
      vertex 11.222 25.339 0.000
    endloop
  endfacet
  facet normal -0.634393 -0.773010 0.000000
    outer loop
      vertex 10.737 25.737 -6.000
      vertex 11.222 25.339 0.000
      vertex 10.737 25.737 0.000
    endloop
  endfacet
  facet normal 0.000000 0.000000 -1.000000
    outer loop
      vertex 13.000 28.000 -6.000
      vertex 11.222 25.339 -6.000
      vertex 10.737 25.737 -6.000
    endloop
  endfacet
  facet normal 0.000000 0.000000 1.000000
    outer loop
      vertex 13.000 28.000 0.000
      vertex 10.737 25.737 0.000
      vertex 11.222 25.339 0.000
    endloop
  endfacet
  facet normal -0.471397 -0.881921 0.000000
    outer loop
      vertex 11.222 25.339 -6.000
      vertex 11.775 25.044 -6.000
      vertex 11.775 25.044 0.000
    endloop
  endfacet
  facet normal -0.471397 -0.881921 0.000000
    outer loop
      vertex 11.222 25.339 -6.000
      vertex 11.775 25.044 0.000
      vertex 11.222 25.339 0.000
    endloop
  endfacet
  facet normal 0.000000 0.000000 -1.000000
    outer loop
      vertex 13.000 28.000 -6.000
      vertex 11.775 25.044 -6.000
      vertex 11.222 25.339 -6.000
    endloop
  endfacet
  facet normal 0.000000 0.000000 1.000000
    outer loop
      vertex 13.000 28.000 0.000
      vertex 11.222 25.339 0.000
      vertex 11.775 25.044 0.000
    endloop
  endfacet
  facet normal -0.290285 -0.956940 0.000000
    outer loop
      vertex 11.775 25.044 -6.000
      vertex 12.376 24.861 -6.000
      vertex 12.376 24.861 0.000
    endloop
  endfacet
  facet normal -0.290285 -0.956940 0.000000
    outer loop
      vertex 11.775 25.044 -6.000
      vertex 12.376 24.861 0.000
      vertex 11.775 25.044 0.000
    endloop
  endfacet
  facet normal 0.000000 0.000000 -1.000000
    outer loop
      vertex 13.000 28.000 -6.000
      vertex 12.376 24.861 -6.000
      vertex 11.775 25.044 -6.000
    endloop
  endfacet
  facet normal 0.000000 0.000000 1.000000
    outer loop
      vertex 13.000 28.000 0.000
      vertex 11.775 25.044 0.000
      vertex 12.376 24.861 0.000
    endloop
  endfacet
  facet normal -0.098017 -0.995185 0.000000
    outer loop
      vertex 12.376 24.861 -6.000
      vertex 13.000 24.800 -6.000
      vertex 13.000 24.800 0.000
    endloop
  endfacet
  facet normal -0.098017 -0.995185 0.000000
    outer loop
      vertex 12.376 24.861 -6.000
      vertex 13.000 24.800 0.000
      vertex 12.376 24.861 0.000
    endloop
  endfacet
  facet normal 0.000000 -0.000000 -1.000000
    outer loop
      vertex 13.000 28.000 -6.000
      vertex 13.000 24.800 -6.000
      vertex 12.376 24.861 -6.000
    endloop
  endfacet
  facet normal 0.000000 0.000000 1.000000
    outer loop
      vertex 13.000 28.000 0.000
      vertex 12.376 24.861 0.000
      vertex 13.000 24.800 0.000
    endloop
  endfacet
  facet normal 0.098017 -0.995185 0.000000
    outer loop
      vertex 13.000 24.800 -6.000
      vertex 13.624 24.861 -6.000
      vertex 13.624 24.861 0.000
    endloop
  endfacet
  facet normal 0.098017 -0.995185 0.000000
    outer loop
      vertex 13.000 24.800 -6.000
      vertex 13.624 24.861 0.000
      vertex 13.000 24.800 0.000
    endloop
  endfacet
  facet normal 0.000000 0.000000 -1.000000
    outer loop
      vertex 13.000 28.000 -6.000
      vertex 13.624 24.861 -6.000
      vertex 13.000 24.800 -6.000
    endloop
  endfacet
  facet normal 0.000000 0.000000 1.000000
    outer loop
      vertex 13.000 28.000 0.000
      vertex 13.000 24.800 0.000
      vertex 13.624 24.861 0.000
    endloop
  endfacet
  facet normal 0.290285 -0.956940 0.000000
    outer loop
      vertex 13.624 24.861 -6.000
      vertex 14.225 25.044 -6.000
      vertex 14.225 25.044 0.000
    endloop
  endfacet
  facet normal 0.290285 -0.956940 0.000000
    outer loop
      vertex 13.624 24.861 -6.000
      vertex 14.225 25.044 0.000
      vertex 13.624 24.861 0.000
    endloop
  endfacet
  facet normal 0.000000 0.000000 -1.000000
    outer loop
      vertex 13.000 28.000 -6.000
      vertex 14.225 25.044 -6.000
      vertex 13.624 24.861 -6.000
    endloop
  endfacet
  facet normal 0.000000 0.000000 1.000000
    outer loop
      vertex 13.000 28.000 0.000
      vertex 13.624 24.861 0.000
      vertex 14.225 25.044 0.000
    endloop
  endfacet
  facet normal 0.471397 -0.881921 0.000000
    outer loop
      vertex 14.225 25.044 -6.000
      vertex 14.778 25.339 -6.000
      vertex 14.778 25.339 0.000
    endloop
  endfacet
  facet normal 0.471397 -0.881921 0.000000
    outer loop
      vertex 14.225 25.044 -6.000
      vertex 14.778 25.339 0.000
      vertex 14.225 25.044 0.000
    endloop
  endfacet
  facet normal 0.000000 0.000000 -1.000000
    outer loop
      vertex 13.000 28.000 -6.000
      vertex 14.778 25.339 -6.000
      vertex 14.225 25.044 -6.000
    endloop
  endfacet
  facet normal 0.000000 0.000000 1.000000
    outer loop
      vertex 13.000 28.000 0.000
      vertex 14.225 25.044 0.000
      vertex 14.778 25.339 0.000
    endloop
  endfacet
  facet normal 0.634393 -0.773010 0.000000
    outer loop
      vertex 14.778 25.339 -6.000
      vertex 15.263 25.737 -6.000
      vertex 15.263 25.737 0.000
    endloop
  endfacet
  facet normal 0.634393 -0.773010 0.000000
    outer loop
      vertex 14.778 25.339 -6.000
      vertex 15.263 25.737 0.000
      vertex 14.778 25.339 0.000
    endloop
  endfacet
  facet normal 0.000000 0.000000 -1.000000
    outer loop
      vertex 13.000 28.000 -6.000
      vertex 15.263 25.737 -6.000
      vertex 14.778 25.339 -6.000
    endloop
  endfacet
  facet normal 0.000000 0.000000 1.000000
    outer loop
      vertex 13.000 28.000 0.000
      vertex 14.778 25.339 0.000
      vertex 15.263 25.737 0.000
    endloop
  endfacet
  facet normal 0.773010 -0.634393 0.000000
    outer loop
      vertex 15.263 25.737 -6.000
      vertex 15.661 26.222 -6.000
      vertex 15.661 26.222 0.000
    endloop
  endfacet
  facet normal 0.773010 -0.634393 0.000000
    outer loop
      vertex 15.263 25.737 -6.000
      vertex 15.661 26.222 0.000
      vertex 15.263 25.737 0.000
    endloop
  endfacet
  facet normal 0.000000 0.000000 -1.000000
    outer loop
      vertex 13.000 28.000 -6.000
      vertex 15.661 26.222 -6.000
      vertex 15.263 25.737 -6.000
    endloop
  endfacet
  facet normal 0.000000 0.000000 1.000000
    outer loop
      vertex 13.000 28.000 0.000
      vertex 15.263 25.737 0.000
      vertex 15.661 26.222 0.000
    endloop
  endfacet
  facet normal 0.881921 -0.471397 0.000000
    outer loop
      vertex 15.661 26.222 -6.000
      vertex 15.956 26.775 -6.000
      vertex 15.956 26.775 0.000
    endloop
  endfacet
  facet normal 0.881921 -0.471397 0.000000
    outer loop
      vertex 15.661 26.222 -6.000
      vertex 15.956 26.775 0.000
      vertex 15.661 26.222 0.000
    endloop
  endfacet
  facet normal 0.000000 0.000000 -1.000000
    outer loop
      vertex 13.000 28.000 -6.000
      vertex 15.956 26.775 -6.000
      vertex 15.661 26.222 -6.000
    endloop
  endfacet
  facet normal 0.000000 0.000000 1.000000
    outer loop
      vertex 13.000 28.000 0.000
      vertex 15.661 26.222 0.000
      vertex 15.956 26.775 0.000
    endloop
  endfacet
  facet normal 0.956940 -0.290285 0.000000
    outer loop
      vertex 15.956 26.775 -6.000
      vertex 16.139 27.376 -6.000
      vertex 16.139 27.376 0.000
    endloop
  endfacet
  facet normal 0.956940 -0.290285 0.000000
    outer loop
      vertex 15.956 26.775 -6.000
      vertex 16.139 27.376 0.000
      vertex 15.956 26.775 0.000
    endloop
  endfacet
  facet normal 0.000000 0.000000 -1.000000
    outer loop
      vertex 13.000 28.000 -6.000
      vertex 16.139 27.376 -6.000
      vertex 15.956 26.775 -6.000
    endloop
  endfacet
  facet normal 0.000000 0.000000 1.000000
    outer loop
      vertex 13.000 28.000 0.000
      vertex 15.956 26.775 0.000
      vertex 16.139 27.376 0.000
    endloop
  endfacet
  facet normal 0.995185 -0.098017 0.000000
    outer loop
      vertex 16.139 27.376 -6.000
      vertex 16.200 28.000 -6.000
      vertex 16.200 28.000 0.000
    endloop
  endfacet
  facet normal 0.995185 -0.098017 0.000000
    outer loop
      vertex 16.139 27.376 -6.000
      vertex 16.200 28.000 0.000
      vertex 16.139 27.376 0.000
    endloop
  endfacet
  facet normal 0.000000 0.000000 -1.000000
    outer loop
      vertex 13.000 28.000 -6.000
      vertex 16.200 28.000 -6.000
      vertex 16.139 27.376 -6.000
    endloop
  endfacet
  facet normal -0.000000 0.000000 1.000000
    outer loop
      vertex 13.000 28.000 0.000
      vertex 16.139 27.376 0.000
      vertex 16.200 28.000 0.000
    endloop
  endfacet
  facet normal 0.995185 0.098017 0.000000
    outer loop
      vertex 14.100 28.000 0.000
      vertex 14.079 28.215 0.000
      vertex 14.079 28.215 1.200
    endloop
  endfacet
  facet normal 0.995185 0.098017 -0.000000
    outer loop
      vertex 14.100 28.000 0.000
      vertex 14.079 28.215 1.200
      vertex 14.100 28.000 1.200
    endloop
  endfacet
  facet normal 0.000000 0.000000 -1.000000
    outer loop
      vertex 13.000 28.000 0.000
      vertex 14.079 28.215 0.000
      vertex 14.100 28.000 0.000
    endloop
  endfacet
  facet normal 0.000000 0.000000 1.000000
    outer loop
      vertex 13.000 28.000 1.200
      vertex 14.100 28.000 1.200
      vertex 14.079 28.215 1.200
    endloop
  endfacet
  facet normal 0.956940 0.290285 0.000000
    outer loop
      vertex 14.079 28.215 0.000
      vertex 14.016 28.421 0.000
      vertex 14.016 28.421 1.200
    endloop
  endfacet
  facet normal 0.956940 0.290285 -0.000000
    outer loop
      vertex 14.079 28.215 0.000
      vertex 14.016 28.421 1.200
      vertex 14.079 28.215 1.200
    endloop
  endfacet
  facet normal 0.000000 0.000000 -1.000000
    outer loop
      vertex 13.000 28.000 0.000
      vertex 14.016 28.421 0.000
      vertex 14.079 28.215 0.000
    endloop
  endfacet
  facet normal 0.000000 0.000000 1.000000
    outer loop
      vertex 13.000 28.000 1.200
      vertex 14.079 28.215 1.200
      vertex 14.016 28.421 1.200
    endloop
  endfacet
  facet normal 0.881921 0.471397 0.000000
    outer loop
      vertex 14.016 28.421 0.000
      vertex 13.915 28.611 0.000
      vertex 13.915 28.611 1.200
    endloop
  endfacet
  facet normal 0.881921 0.471397 -0.000000
    outer loop
      vertex 14.016 28.421 0.000
      vertex 13.915 28.611 1.200
      vertex 14.016 28.421 1.200
    endloop
  endfacet
  facet normal 0.000000 0.000000 -1.000000
    outer loop
      vertex 13.000 28.000 0.000
      vertex 13.915 28.611 0.000
      vertex 14.016 28.421 0.000
    endloop
  endfacet
  facet normal 0.000000 0.000000 1.000000
    outer loop
      vertex 13.000 28.000 1.200
      vertex 14.016 28.421 1.200
      vertex 13.915 28.611 1.200
    endloop
  endfacet
  facet normal 0.773010 0.634393 0.000000
    outer loop
      vertex 13.915 28.611 0.000
      vertex 13.778 28.778 0.000
      vertex 13.778 28.778 1.200
    endloop
  endfacet
  facet normal 0.773010 0.634393 -0.000000
    outer loop
      vertex 13.915 28.611 0.000
      vertex 13.778 28.778 1.200
      vertex 13.915 28.611 1.200
    endloop
  endfacet
  facet normal 0.000000 0.000000 -1.000000
    outer loop
      vertex 13.000 28.000 0.000
      vertex 13.778 28.778 0.000
      vertex 13.915 28.611 0.000
    endloop
  endfacet
  facet normal 0.000000 0.000000 1.000000
    outer loop
      vertex 13.000 28.000 1.200
      vertex 13.915 28.611 1.200
      vertex 13.778 28.778 1.200
    endloop
  endfacet
  facet normal 0.634393 0.773010 0.000000
    outer loop
      vertex 13.778 28.778 0.000
      vertex 13.611 28.915 0.000
      vertex 13.611 28.915 1.200
    endloop
  endfacet
  facet normal 0.634393 0.773010 -0.000000
    outer loop
      vertex 13.778 28.778 0.000
      vertex 13.611 28.915 1.200
      vertex 13.778 28.778 1.200
    endloop
  endfacet
  facet normal 0.000000 0.000000 -1.000000
    outer loop
      vertex 13.000 28.000 0.000
      vertex 13.611 28.915 0.000
      vertex 13.778 28.778 0.000
    endloop
  endfacet
  facet normal 0.000000 0.000000 1.000000
    outer loop
      vertex 13.000 28.000 1.200
      vertex 13.778 28.778 1.200
      vertex 13.611 28.915 1.200
    endloop
  endfacet
  facet normal 0.471397 0.881921 0.000000
    outer loop
      vertex 13.611 28.915 0.000
      vertex 13.421 29.016 0.000
      vertex 13.421 29.016 1.200
    endloop
  endfacet
  facet normal 0.471397 0.881921 -0.000000
    outer loop
      vertex 13.611 28.915 0.000
      vertex 13.421 29.016 1.200
      vertex 13.611 28.915 1.200
    endloop
  endfacet
  facet normal 0.000000 0.000000 -1.000000
    outer loop
      vertex 13.000 28.000 0.000
      vertex 13.421 29.016 0.000
      vertex 13.611 28.915 0.000
    endloop
  endfacet
  facet normal 0.000000 0.000000 1.000000
    outer loop
      vertex 13.000 28.000 1.200
      vertex 13.611 28.915 1.200
      vertex 13.421 29.016 1.200
    endloop
  endfacet
  facet normal 0.290285 0.956940 0.000000
    outer loop
      vertex 13.421 29.016 0.000
      vertex 13.215 29.079 0.000
      vertex 13.215 29.079 1.200
    endloop
  endfacet
  facet normal 0.290285 0.956940 -0.000000
    outer loop
      vertex 13.421 29.016 0.000
      vertex 13.215 29.079 1.200
      vertex 13.421 29.016 1.200
    endloop
  endfacet
  facet normal 0.000000 0.000000 -1.000000
    outer loop
      vertex 13.000 28.000 0.000
      vertex 13.215 29.079 0.000
      vertex 13.421 29.016 0.000
    endloop
  endfacet
  facet normal 0.000000 0.000000 1.000000
    outer loop
      vertex 13.000 28.000 1.200
      vertex 13.421 29.016 1.200
      vertex 13.215 29.079 1.200
    endloop
  endfacet
  facet normal 0.098017 0.995185 0.000000
    outer loop
      vertex 13.215 29.079 0.000
      vertex 13.000 29.100 0.000
      vertex 13.000 29.100 1.200
    endloop
  endfacet
  facet normal 0.098017 0.995185 -0.000000
    outer loop
      vertex 13.215 29.079 0.000
      vertex 13.000 29.100 1.200
      vertex 13.215 29.079 1.200
    endloop
  endfacet
  facet normal 0.000000 0.000000 -1.000000
    outer loop
      vertex 13.000 28.000 0.000
      vertex 13.000 29.100 0.000
      vertex 13.215 29.079 0.000
    endloop
  endfacet
  facet normal 0.000000 0.000000 1.000000
    outer loop
      vertex 13.000 28.000 1.200
      vertex 13.215 29.079 1.200
      vertex 13.000 29.100 1.200
    endloop
  endfacet
  facet normal -0.098017 0.995185 0.000000
    outer loop
      vertex 13.000 29.100 0.000
      vertex 12.785 29.079 0.000
      vertex 12.785 29.079 1.200
    endloop
  endfacet
  facet normal -0.098017 0.995185 0.000000
    outer loop
      vertex 13.000 29.100 0.000
      vertex 12.785 29.079 1.200
      vertex 13.000 29.100 1.200
    endloop
  endfacet
  facet normal 0.000000 0.000000 -1.000000
    outer loop
      vertex 13.000 28.000 0.000
      vertex 12.785 29.079 0.000
      vertex 13.000 29.100 0.000
    endloop
  endfacet
  facet normal 0.000000 -0.000000 1.000000
    outer loop
      vertex 13.000 28.000 1.200
      vertex 13.000 29.100 1.200
      vertex 12.785 29.079 1.200
    endloop
  endfacet
  facet normal -0.290285 0.956940 0.000000
    outer loop
      vertex 12.785 29.079 0.000
      vertex 12.579 29.016 0.000
      vertex 12.579 29.016 1.200
    endloop
  endfacet
  facet normal -0.290285 0.956940 0.000000
    outer loop
      vertex 12.785 29.079 0.000
      vertex 12.579 29.016 1.200
      vertex 12.785 29.079 1.200
    endloop
  endfacet
  facet normal 0.000000 0.000000 -1.000000
    outer loop
      vertex 13.000 28.000 0.000
      vertex 12.579 29.016 0.000
      vertex 12.785 29.079 0.000
    endloop
  endfacet
  facet normal 0.000000 0.000000 1.000000
    outer loop
      vertex 13.000 28.000 1.200
      vertex 12.785 29.079 1.200
      vertex 12.579 29.016 1.200
    endloop
  endfacet
  facet normal -0.471397 0.881921 0.000000
    outer loop
      vertex 12.579 29.016 0.000
      vertex 12.389 28.915 0.000
      vertex 12.389 28.915 1.200
    endloop
  endfacet
  facet normal -0.471397 0.881921 0.000000
    outer loop
      vertex 12.579 29.016 0.000
      vertex 12.389 28.915 1.200
      vertex 12.579 29.016 1.200
    endloop
  endfacet
  facet normal 0.000000 0.000000 -1.000000
    outer loop
      vertex 13.000 28.000 0.000
      vertex 12.389 28.915 0.000
      vertex 12.579 29.016 0.000
    endloop
  endfacet
  facet normal 0.000000 0.000000 1.000000
    outer loop
      vertex 13.000 28.000 1.200
      vertex 12.579 29.016 1.200
      vertex 12.389 28.915 1.200
    endloop
  endfacet
  facet normal -0.634393 0.773010 0.000000
    outer loop
      vertex 12.389 28.915 0.000
      vertex 12.222 28.778 0.000
      vertex 12.222 28.778 1.200
    endloop
  endfacet
  facet normal -0.634393 0.773010 0.000000
    outer loop
      vertex 12.389 28.915 0.000
      vertex 12.222 28.778 1.200
      vertex 12.389 28.915 1.200
    endloop
  endfacet
  facet normal 0.000000 0.000000 -1.000000
    outer loop
      vertex 13.000 28.000 0.000
      vertex 12.222 28.778 0.000
      vertex 12.389 28.915 0.000
    endloop
  endfacet
  facet normal 0.000000 0.000000 1.000000
    outer loop
      vertex 13.000 28.000 1.200
      vertex 12.389 28.915 1.200
      vertex 12.222 28.778 1.200
    endloop
  endfacet
  facet normal -0.773010 0.634393 0.000000
    outer loop
      vertex 12.222 28.778 0.000
      vertex 12.085 28.611 0.000
      vertex 12.085 28.611 1.200
    endloop
  endfacet
  facet normal -0.773010 0.634393 0.000000
    outer loop
      vertex 12.222 28.778 0.000
      vertex 12.085 28.611 1.200
      vertex 12.222 28.778 1.200
    endloop
  endfacet
  facet normal 0.000000 0.000000 -1.000000
    outer loop
      vertex 13.000 28.000 0.000
      vertex 12.085 28.611 0.000
      vertex 12.222 28.778 0.000
    endloop
  endfacet
  facet normal 0.000000 0.000000 1.000000
    outer loop
      vertex 13.000 28.000 1.200
      vertex 12.222 28.778 1.200
      vertex 12.085 28.611 1.200
    endloop
  endfacet
  facet normal -0.881921 0.471397 0.000000
    outer loop
      vertex 12.085 28.611 0.000
      vertex 11.984 28.421 0.000
      vertex 11.984 28.421 1.200
    endloop
  endfacet
  facet normal -0.881921 0.471397 0.000000
    outer loop
      vertex 12.085 28.611 0.000
      vertex 11.984 28.421 1.200
      vertex 12.085 28.611 1.200
    endloop
  endfacet
  facet normal 0.000000 0.000000 -1.000000
    outer loop
      vertex 13.000 28.000 0.000
      vertex 11.984 28.421 0.000
      vertex 12.085 28.611 0.000
    endloop
  endfacet
  facet normal 0.000000 0.000000 1.000000
    outer loop
      vertex 13.000 28.000 1.200
      vertex 12.085 28.611 1.200
      vertex 11.984 28.421 1.200
    endloop
  endfacet
  facet normal -0.956940 0.290285 0.000000
    outer loop
      vertex 11.984 28.421 0.000
      vertex 11.921 28.215 0.000
      vertex 11.921 28.215 1.200
    endloop
  endfacet
  facet normal -0.956940 0.290285 0.000000
    outer loop
      vertex 11.984 28.421 0.000
      vertex 11.921 28.215 1.200
      vertex 11.984 28.421 1.200
    endloop
  endfacet
  facet normal 0.000000 0.000000 -1.000000
    outer loop
      vertex 13.000 28.000 0.000
      vertex 11.921 28.215 0.000
      vertex 11.984 28.421 0.000
    endloop
  endfacet
  facet normal 0.000000 0.000000 1.000000
    outer loop
      vertex 13.000 28.000 1.200
      vertex 11.984 28.421 1.200
      vertex 11.921 28.215 1.200
    endloop
  endfacet
  facet normal -0.995185 0.098017 0.000000
    outer loop
      vertex 11.921 28.215 0.000
      vertex 11.900 28.000 0.000
      vertex 11.900 28.000 1.200
    endloop
  endfacet
  facet normal -0.995185 0.098017 0.000000
    outer loop
      vertex 11.921 28.215 0.000
      vertex 11.900 28.000 1.200
      vertex 11.921 28.215 1.200
    endloop
  endfacet
  facet normal 0.000000 0.000000 -1.000000
    outer loop
      vertex 13.000 28.000 0.000
      vertex 11.900 28.000 0.000
      vertex 11.921 28.215 0.000
    endloop
  endfacet
  facet normal 0.000000 0.000000 1.000000
    outer loop
      vertex 13.000 28.000 1.200
      vertex 11.921 28.215 1.200
      vertex 11.900 28.000 1.200
    endloop
  endfacet
  facet normal -0.995185 -0.098017 0.000000
    outer loop
      vertex 11.900 28.000 0.000
      vertex 11.921 27.785 0.000
      vertex 11.921 27.785 1.200
    endloop
  endfacet
  facet normal -0.995185 -0.098017 0.000000
    outer loop
      vertex 11.900 28.000 0.000
      vertex 11.921 27.785 1.200
      vertex 11.900 28.000 1.200
    endloop
  endfacet
  facet normal -0.000000 0.000000 -1.000000
    outer loop
      vertex 13.000 28.000 0.000
      vertex 11.921 27.785 0.000
      vertex 11.900 28.000 0.000
    endloop
  endfacet
  facet normal 0.000000 0.000000 1.000000
    outer loop
      vertex 13.000 28.000 1.200
      vertex 11.900 28.000 1.200
      vertex 11.921 27.785 1.200
    endloop
  endfacet
  facet normal -0.956940 -0.290285 0.000000
    outer loop
      vertex 11.921 27.785 0.000
      vertex 11.984 27.579 0.000
      vertex 11.984 27.579 1.200
    endloop
  endfacet
  facet normal -0.956940 -0.290285 0.000000
    outer loop
      vertex 11.921 27.785 0.000
      vertex 11.984 27.579 1.200
      vertex 11.921 27.785 1.200
    endloop
  endfacet
  facet normal 0.000000 0.000000 -1.000000
    outer loop
      vertex 13.000 28.000 0.000
      vertex 11.984 27.579 0.000
      vertex 11.921 27.785 0.000
    endloop
  endfacet
  facet normal 0.000000 0.000000 1.000000
    outer loop
      vertex 13.000 28.000 1.200
      vertex 11.921 27.785 1.200
      vertex 11.984 27.579 1.200
    endloop
  endfacet
  facet normal -0.881921 -0.471397 0.000000
    outer loop
      vertex 11.984 27.579 0.000
      vertex 12.085 27.389 0.000
      vertex 12.085 27.389 1.200
    endloop
  endfacet
  facet normal -0.881921 -0.471397 0.000000
    outer loop
      vertex 11.984 27.579 0.000
      vertex 12.085 27.389 1.200
      vertex 11.984 27.579 1.200
    endloop
  endfacet
  facet normal 0.000000 0.000000 -1.000000
    outer loop
      vertex 13.000 28.000 0.000
      vertex 12.085 27.389 0.000
      vertex 11.984 27.579 0.000
    endloop
  endfacet
  facet normal 0.000000 0.000000 1.000000
    outer loop
      vertex 13.000 28.000 1.200
      vertex 11.984 27.579 1.200
      vertex 12.085 27.389 1.200
    endloop
  endfacet
  facet normal -0.773010 -0.634393 0.000000
    outer loop
      vertex 12.085 27.389 0.000
      vertex 12.222 27.222 0.000
      vertex 12.222 27.222 1.200
    endloop
  endfacet
  facet normal -0.773010 -0.634393 0.000000
    outer loop
      vertex 12.085 27.389 0.000
      vertex 12.222 27.222 1.200
      vertex 12.085 27.389 1.200
    endloop
  endfacet
  facet normal 0.000000 0.000000 -1.000000
    outer loop
      vertex 13.000 28.000 0.000
      vertex 12.222 27.222 0.000
      vertex 12.085 27.389 0.000
    endloop
  endfacet
  facet normal 0.000000 0.000000 1.000000
    outer loop
      vertex 13.000 28.000 1.200
      vertex 12.085 27.389 1.200
      vertex 12.222 27.222 1.200
    endloop
  endfacet
  facet normal -0.634393 -0.773010 0.000000
    outer loop
      vertex 12.222 27.222 0.000
      vertex 12.389 27.085 0.000
      vertex 12.389 27.085 1.200
    endloop
  endfacet
  facet normal -0.634393 -0.773010 0.000000
    outer loop
      vertex 12.222 27.222 0.000
      vertex 12.389 27.085 1.200
      vertex 12.222 27.222 1.200
    endloop
  endfacet
  facet normal 0.000000 0.000000 -1.000000
    outer loop
      vertex 13.000 28.000 0.000
      vertex 12.389 27.085 0.000
      vertex 12.222 27.222 0.000
    endloop
  endfacet
  facet normal 0.000000 0.000000 1.000000
    outer loop
      vertex 13.000 28.000 1.200
      vertex 12.222 27.222 1.200
      vertex 12.389 27.085 1.200
    endloop
  endfacet
  facet normal -0.471397 -0.881921 0.000000
    outer loop
      vertex 12.389 27.085 0.000
      vertex 12.579 26.984 0.000
      vertex 12.579 26.984 1.200
    endloop
  endfacet
  facet normal -0.471397 -0.881921 0.000000
    outer loop
      vertex 12.389 27.085 0.000
      vertex 12.579 26.984 1.200
      vertex 12.389 27.085 1.200
    endloop
  endfacet
  facet normal 0.000000 0.000000 -1.000000
    outer loop
      vertex 13.000 28.000 0.000
      vertex 12.579 26.984 0.000
      vertex 12.389 27.085 0.000
    endloop
  endfacet
  facet normal 0.000000 0.000000 1.000000
    outer loop
      vertex 13.000 28.000 1.200
      vertex 12.389 27.085 1.200
      vertex 12.579 26.984 1.200
    endloop
  endfacet
  facet normal -0.290285 -0.956940 0.000000
    outer loop
      vertex 12.579 26.984 0.000
      vertex 12.785 26.921 0.000
      vertex 12.785 26.921 1.200
    endloop
  endfacet
  facet normal -0.290285 -0.956940 0.000000
    outer loop
      vertex 12.579 26.984 0.000
      vertex 12.785 26.921 1.200
      vertex 12.579 26.984 1.200
    endloop
  endfacet
  facet normal 0.000000 0.000000 -1.000000
    outer loop
      vertex 13.000 28.000 0.000
      vertex 12.785 26.921 0.000
      vertex 12.579 26.984 0.000
    endloop
  endfacet
  facet normal 0.000000 0.000000 1.000000
    outer loop
      vertex 13.000 28.000 1.200
      vertex 12.579 26.984 1.200
      vertex 12.785 26.921 1.200
    endloop
  endfacet
  facet normal -0.098017 -0.995185 0.000000
    outer loop
      vertex 12.785 26.921 0.000
      vertex 13.000 26.900 0.000
      vertex 13.000 26.900 1.200
    endloop
  endfacet
  facet normal -0.098017 -0.995185 0.000000
    outer loop
      vertex 12.785 26.921 0.000
      vertex 13.000 26.900 1.200
      vertex 12.785 26.921 1.200
    endloop
  endfacet
  facet normal 0.000000 -0.000000 -1.000000
    outer loop
      vertex 13.000 28.000 0.000
      vertex 13.000 26.900 0.000
      vertex 12.785 26.921 0.000
    endloop
  endfacet
  facet normal 0.000000 0.000000 1.000000
    outer loop
      vertex 13.000 28.000 1.200
      vertex 12.785 26.921 1.200
      vertex 13.000 26.900 1.200
    endloop
  endfacet
  facet normal 0.098017 -0.995185 0.000000
    outer loop
      vertex 13.000 26.900 0.000
      vertex 13.215 26.921 0.000
      vertex 13.215 26.921 1.200
    endloop
  endfacet
  facet normal 0.098017 -0.995185 0.000000
    outer loop
      vertex 13.000 26.900 0.000
      vertex 13.215 26.921 1.200
      vertex 13.000 26.900 1.200
    endloop
  endfacet
  facet normal 0.000000 0.000000 -1.000000
    outer loop
      vertex 13.000 28.000 0.000
      vertex 13.215 26.921 0.000
      vertex 13.000 26.900 0.000
    endloop
  endfacet
  facet normal 0.000000 0.000000 1.000000
    outer loop
      vertex 13.000 28.000 1.200
      vertex 13.000 26.900 1.200
      vertex 13.215 26.921 1.200
    endloop
  endfacet
  facet normal 0.290285 -0.956940 0.000000
    outer loop
      vertex 13.215 26.921 0.000
      vertex 13.421 26.984 0.000
      vertex 13.421 26.984 1.200
    endloop
  endfacet
  facet normal 0.290285 -0.956940 0.000000
    outer loop
      vertex 13.215 26.921 0.000
      vertex 13.421 26.984 1.200
      vertex 13.215 26.921 1.200
    endloop
  endfacet
  facet normal 0.000000 0.000000 -1.000000
    outer loop
      vertex 13.000 28.000 0.000
      vertex 13.421 26.984 0.000
      vertex 13.215 26.921 0.000
    endloop
  endfacet
  facet normal 0.000000 0.000000 1.000000
    outer loop
      vertex 13.000 28.000 1.200
      vertex 13.215 26.921 1.200
      vertex 13.421 26.984 1.200
    endloop
  endfacet
  facet normal 0.471397 -0.881921 0.000000
    outer loop
      vertex 13.421 26.984 0.000
      vertex 13.611 27.085 0.000
      vertex 13.611 27.085 1.200
    endloop
  endfacet
  facet normal 0.471397 -0.881921 0.000000
    outer loop
      vertex 13.421 26.984 0.000
      vertex 13.611 27.085 1.200
      vertex 13.421 26.984 1.200
    endloop
  endfacet
  facet normal 0.000000 0.000000 -1.000000
    outer loop
      vertex 13.000 28.000 0.000
      vertex 13.611 27.085 0.000
      vertex 13.421 26.984 0.000
    endloop
  endfacet
  facet normal 0.000000 0.000000 1.000000
    outer loop
      vertex 13.000 28.000 1.200
      vertex 13.421 26.984 1.200
      vertex 13.611 27.085 1.200
    endloop
  endfacet
  facet normal 0.634393 -0.773010 0.000000
    outer loop
      vertex 13.611 27.085 0.000
      vertex 13.778 27.222 0.000
      vertex 13.778 27.222 1.200
    endloop
  endfacet
  facet normal 0.634393 -0.773010 0.000000
    outer loop
      vertex 13.611 27.085 0.000
      vertex 13.778 27.222 1.200
      vertex 13.611 27.085 1.200
    endloop
  endfacet
  facet normal 0.000000 0.000000 -1.000000
    outer loop
      vertex 13.000 28.000 0.000
      vertex 13.778 27.222 0.000
      vertex 13.611 27.085 0.000
    endloop
  endfacet
  facet normal 0.000000 0.000000 1.000000
    outer loop
      vertex 13.000 28.000 1.200
      vertex 13.611 27.085 1.200
      vertex 13.778 27.222 1.200
    endloop
  endfacet
  facet normal 0.773010 -0.634393 0.000000
    outer loop
      vertex 13.778 27.222 0.000
      vertex 13.915 27.389 0.000
      vertex 13.915 27.389 1.200
    endloop
  endfacet
  facet normal 0.773010 -0.634393 0.000000
    outer loop
      vertex 13.778 27.222 0.000
      vertex 13.915 27.389 1.200
      vertex 13.778 27.222 1.200
    endloop
  endfacet
  facet normal 0.000000 0.000000 -1.000000
    outer loop
      vertex 13.000 28.000 0.000
      vertex 13.915 27.389 0.000
      vertex 13.778 27.222 0.000
    endloop
  endfacet
  facet normal 0.000000 0.000000 1.000000
    outer loop
      vertex 13.000 28.000 1.200
      vertex 13.778 27.222 1.200
      vertex 13.915 27.389 1.200
    endloop
  endfacet
  facet normal 0.881921 -0.471397 0.000000
    outer loop
      vertex 13.915 27.389 0.000
      vertex 14.016 27.579 0.000
      vertex 14.016 27.579 1.200
    endloop
  endfacet
  facet normal 0.881921 -0.471397 0.000000
    outer loop
      vertex 13.915 27.389 0.000
      vertex 14.016 27.579 1.200
      vertex 13.915 27.389 1.200
    endloop
  endfacet
  facet normal 0.000000 0.000000 -1.000000
    outer loop
      vertex 13.000 28.000 0.000
      vertex 14.016 27.579 0.000
      vertex 13.915 27.389 0.000
    endloop
  endfacet
  facet normal 0.000000 0.000000 1.000000
    outer loop
      vertex 13.000 28.000 1.200
      vertex 13.915 27.389 1.200
      vertex 14.016 27.579 1.200
    endloop
  endfacet
  facet normal 0.956940 -0.290285 0.000000
    outer loop
      vertex 14.016 27.579 0.000
      vertex 14.079 27.785 0.000
      vertex 14.079 27.785 1.200
    endloop
  endfacet
  facet normal 0.956940 -0.290285 0.000000
    outer loop
      vertex 14.016 27.579 0.000
      vertex 14.079 27.785 1.200
      vertex 14.016 27.579 1.200
    endloop
  endfacet
  facet normal 0.000000 0.000000 -1.000000
    outer loop
      vertex 13.000 28.000 0.000
      vertex 14.079 27.785 0.000
      vertex 14.016 27.579 0.000
    endloop
  endfacet
  facet normal 0.000000 0.000000 1.000000
    outer loop
      vertex 13.000 28.000 1.200
      vertex 14.016 27.579 1.200
      vertex 14.079 27.785 1.200
    endloop
  endfacet
  facet normal 0.995185 -0.098017 0.000000
    outer loop
      vertex 14.079 27.785 0.000
      vertex 14.100 28.000 0.000
      vertex 14.100 28.000 1.200
    endloop
  endfacet
  facet normal 0.995185 -0.098017 0.000000
    outer loop
      vertex 14.079 27.785 0.000
      vertex 14.100 28.000 1.200
      vertex 14.079 27.785 1.200
    endloop
  endfacet
  facet normal 0.000000 0.000000 -1.000000
    outer loop
      vertex 13.000 28.000 0.000
      vertex 14.100 28.000 0.000
      vertex 14.079 27.785 0.000
    endloop
  endfacet
  facet normal -0.000000 0.000000 1.000000
    outer loop
      vertex 13.000 28.000 1.200
      vertex 14.079 27.785 1.200
      vertex 14.100 28.000 1.200
    endloop
  endfacet
  facet normal 0.995185 0.098017 0.000000
    outer loop
      vertex 85.200 28.000 -6.000
      vertex 85.139 28.624 -6.000
      vertex 85.139 28.624 0.000
    endloop
  endfacet
  facet normal 0.995185 0.098017 -0.000000
    outer loop
      vertex 85.200 28.000 -6.000
      vertex 85.139 28.624 0.000
      vertex 85.200 28.000 0.000
    endloop
  endfacet
  facet normal 0.000000 0.000000 -1.000000
    outer loop
      vertex 82.000 28.000 -6.000
      vertex 85.139 28.624 -6.000
      vertex 85.200 28.000 -6.000
    endloop
  endfacet
  facet normal 0.000000 0.000000 1.000000
    outer loop
      vertex 82.000 28.000 0.000
      vertex 85.200 28.000 0.000
      vertex 85.139 28.624 0.000
    endloop
  endfacet
  facet normal 0.956940 0.290285 0.000000
    outer loop
      vertex 85.139 28.624 -6.000
      vertex 84.956 29.225 -6.000
      vertex 84.956 29.225 0.000
    endloop
  endfacet
  facet normal 0.956940 0.290285 -0.000000
    outer loop
      vertex 85.139 28.624 -6.000
      vertex 84.956 29.225 0.000
      vertex 85.139 28.624 0.000
    endloop
  endfacet
  facet normal 0.000000 0.000000 -1.000000
    outer loop
      vertex 82.000 28.000 -6.000
      vertex 84.956 29.225 -6.000
      vertex 85.139 28.624 -6.000
    endloop
  endfacet
  facet normal 0.000000 0.000000 1.000000
    outer loop
      vertex 82.000 28.000 0.000
      vertex 85.139 28.624 0.000
      vertex 84.956 29.225 0.000
    endloop
  endfacet
  facet normal 0.881921 0.471397 0.000000
    outer loop
      vertex 84.956 29.225 -6.000
      vertex 84.661 29.778 -6.000
      vertex 84.661 29.778 0.000
    endloop
  endfacet
  facet normal 0.881921 0.471397 -0.000000
    outer loop
      vertex 84.956 29.225 -6.000
      vertex 84.661 29.778 0.000
      vertex 84.956 29.225 0.000
    endloop
  endfacet
  facet normal 0.000000 0.000000 -1.000000
    outer loop
      vertex 82.000 28.000 -6.000
      vertex 84.661 29.778 -6.000
      vertex 84.956 29.225 -6.000
    endloop
  endfacet
  facet normal 0.000000 0.000000 1.000000
    outer loop
      vertex 82.000 28.000 0.000
      vertex 84.956 29.225 0.000
      vertex 84.661 29.778 0.000
    endloop
  endfacet
  facet normal 0.773010 0.634393 0.000000
    outer loop
      vertex 84.661 29.778 -6.000
      vertex 84.263 30.263 -6.000
      vertex 84.263 30.263 0.000
    endloop
  endfacet
  facet normal 0.773010 0.634393 -0.000000
    outer loop
      vertex 84.661 29.778 -6.000
      vertex 84.263 30.263 0.000
      vertex 84.661 29.778 0.000
    endloop
  endfacet
  facet normal 0.000000 0.000000 -1.000000
    outer loop
      vertex 82.000 28.000 -6.000
      vertex 84.263 30.263 -6.000
      vertex 84.661 29.778 -6.000
    endloop
  endfacet
  facet normal 0.000000 0.000000 1.000000
    outer loop
      vertex 82.000 28.000 0.000
      vertex 84.661 29.778 0.000
      vertex 84.263 30.263 0.000
    endloop
  endfacet
  facet normal 0.634393 0.773010 0.000000
    outer loop
      vertex 84.263 30.263 -6.000
      vertex 83.778 30.661 -6.000
      vertex 83.778 30.661 0.000
    endloop
  endfacet
  facet normal 0.634393 0.773010 -0.000000
    outer loop
      vertex 84.263 30.263 -6.000
      vertex 83.778 30.661 0.000
      vertex 84.263 30.263 0.000
    endloop
  endfacet
  facet normal 0.000000 0.000000 -1.000000
    outer loop
      vertex 82.000 28.000 -6.000
      vertex 83.778 30.661 -6.000
      vertex 84.263 30.263 -6.000
    endloop
  endfacet
  facet normal 0.000000 0.000000 1.000000
    outer loop
      vertex 82.000 28.000 0.000
      vertex 84.263 30.263 0.000
      vertex 83.778 30.661 0.000
    endloop
  endfacet
  facet normal 0.471397 0.881921 0.000000
    outer loop
      vertex 83.778 30.661 -6.000
      vertex 83.225 30.956 -6.000
      vertex 83.225 30.956 0.000
    endloop
  endfacet
  facet normal 0.471397 0.881921 -0.000000
    outer loop
      vertex 83.778 30.661 -6.000
      vertex 83.225 30.956 0.000
      vertex 83.778 30.661 0.000
    endloop
  endfacet
  facet normal 0.000000 0.000000 -1.000000
    outer loop
      vertex 82.000 28.000 -6.000
      vertex 83.225 30.956 -6.000
      vertex 83.778 30.661 -6.000
    endloop
  endfacet
  facet normal 0.000000 0.000000 1.000000
    outer loop
      vertex 82.000 28.000 0.000
      vertex 83.778 30.661 0.000
      vertex 83.225 30.956 0.000
    endloop
  endfacet
  facet normal 0.290285 0.956940 0.000000
    outer loop
      vertex 83.225 30.956 -6.000
      vertex 82.624 31.139 -6.000
      vertex 82.624 31.139 0.000
    endloop
  endfacet
  facet normal 0.290285 0.956940 -0.000000
    outer loop
      vertex 83.225 30.956 -6.000
      vertex 82.624 31.139 0.000
      vertex 83.225 30.956 0.000
    endloop
  endfacet
  facet normal 0.000000 0.000000 -1.000000
    outer loop
      vertex 82.000 28.000 -6.000
      vertex 82.624 31.139 -6.000
      vertex 83.225 30.956 -6.000
    endloop
  endfacet
  facet normal 0.000000 0.000000 1.000000
    outer loop
      vertex 82.000 28.000 0.000
      vertex 83.225 30.956 0.000
      vertex 82.624 31.139 0.000
    endloop
  endfacet
  facet normal 0.098017 0.995185 0.000000
    outer loop
      vertex 82.624 31.139 -6.000
      vertex 82.000 31.200 -6.000
      vertex 82.000 31.200 0.000
    endloop
  endfacet
  facet normal 0.098017 0.995185 -0.000000
    outer loop
      vertex 82.624 31.139 -6.000
      vertex 82.000 31.200 0.000
      vertex 82.624 31.139 0.000
    endloop
  endfacet
  facet normal 0.000000 0.000000 -1.000000
    outer loop
      vertex 82.000 28.000 -6.000
      vertex 82.000 31.200 -6.000
      vertex 82.624 31.139 -6.000
    endloop
  endfacet
  facet normal 0.000000 0.000000 1.000000
    outer loop
      vertex 82.000 28.000 0.000
      vertex 82.624 31.139 0.000
      vertex 82.000 31.200 0.000
    endloop
  endfacet
  facet normal -0.098017 0.995185 0.000000
    outer loop
      vertex 82.000 31.200 -6.000
      vertex 81.376 31.139 -6.000
      vertex 81.376 31.139 0.000
    endloop
  endfacet
  facet normal -0.098017 0.995185 0.000000
    outer loop
      vertex 82.000 31.200 -6.000
      vertex 81.376 31.139 0.000
      vertex 82.000 31.200 0.000
    endloop
  endfacet
  facet normal 0.000000 0.000000 -1.000000
    outer loop
      vertex 82.000 28.000 -6.000
      vertex 81.376 31.139 -6.000
      vertex 82.000 31.200 -6.000
    endloop
  endfacet
  facet normal 0.000000 -0.000000 1.000000
    outer loop
      vertex 82.000 28.000 0.000
      vertex 82.000 31.200 0.000
      vertex 81.376 31.139 0.000
    endloop
  endfacet
  facet normal -0.290285 0.956940 0.000000
    outer loop
      vertex 81.376 31.139 -6.000
      vertex 80.775 30.956 -6.000
      vertex 80.775 30.956 0.000
    endloop
  endfacet
  facet normal -0.290285 0.956940 0.000000
    outer loop
      vertex 81.376 31.139 -6.000
      vertex 80.775 30.956 0.000
      vertex 81.376 31.139 0.000
    endloop
  endfacet
  facet normal 0.000000 0.000000 -1.000000
    outer loop
      vertex 82.000 28.000 -6.000
      vertex 80.775 30.956 -6.000
      vertex 81.376 31.139 -6.000
    endloop
  endfacet
  facet normal 0.000000 0.000000 1.000000
    outer loop
      vertex 82.000 28.000 0.000
      vertex 81.376 31.139 0.000
      vertex 80.775 30.956 0.000
    endloop
  endfacet
  facet normal -0.471397 0.881921 0.000000
    outer loop
      vertex 80.775 30.956 -6.000
      vertex 80.222 30.661 -6.000
      vertex 80.222 30.661 0.000
    endloop
  endfacet
  facet normal -0.471397 0.881921 0.000000
    outer loop
      vertex 80.775 30.956 -6.000
      vertex 80.222 30.661 0.000
      vertex 80.775 30.956 0.000
    endloop
  endfacet
  facet normal 0.000000 0.000000 -1.000000
    outer loop
      vertex 82.000 28.000 -6.000
      vertex 80.222 30.661 -6.000
      vertex 80.775 30.956 -6.000
    endloop
  endfacet
  facet normal 0.000000 0.000000 1.000000
    outer loop
      vertex 82.000 28.000 0.000
      vertex 80.775 30.956 0.000
      vertex 80.222 30.661 0.000
    endloop
  endfacet
  facet normal -0.634393 0.773010 0.000000
    outer loop
      vertex 80.222 30.661 -6.000
      vertex 79.737 30.263 -6.000
      vertex 79.737 30.263 0.000
    endloop
  endfacet
  facet normal -0.634393 0.773010 0.000000
    outer loop
      vertex 80.222 30.661 -6.000
      vertex 79.737 30.263 0.000
      vertex 80.222 30.661 0.000
    endloop
  endfacet
  facet normal 0.000000 0.000000 -1.000000
    outer loop
      vertex 82.000 28.000 -6.000
      vertex 79.737 30.263 -6.000
      vertex 80.222 30.661 -6.000
    endloop
  endfacet
  facet normal 0.000000 0.000000 1.000000
    outer loop
      vertex 82.000 28.000 0.000
      vertex 80.222 30.661 0.000
      vertex 79.737 30.263 0.000
    endloop
  endfacet
  facet normal -0.773010 0.634393 0.000000
    outer loop
      vertex 79.737 30.263 -6.000
      vertex 79.339 29.778 -6.000
      vertex 79.339 29.778 0.000
    endloop
  endfacet
  facet normal -0.773010 0.634393 0.000000
    outer loop
      vertex 79.737 30.263 -6.000
      vertex 79.339 29.778 0.000
      vertex 79.737 30.263 0.000
    endloop
  endfacet
  facet normal 0.000000 0.000000 -1.000000
    outer loop
      vertex 82.000 28.000 -6.000
      vertex 79.339 29.778 -6.000
      vertex 79.737 30.263 -6.000
    endloop
  endfacet
  facet normal 0.000000 0.000000 1.000000
    outer loop
      vertex 82.000 28.000 0.000
      vertex 79.737 30.263 0.000
      vertex 79.339 29.778 0.000
    endloop
  endfacet
  facet normal -0.881921 0.471397 0.000000
    outer loop
      vertex 79.339 29.778 -6.000
      vertex 79.044 29.225 -6.000
      vertex 79.044 29.225 0.000
    endloop
  endfacet
  facet normal -0.881921 0.471397 0.000000
    outer loop
      vertex 79.339 29.778 -6.000
      vertex 79.044 29.225 0.000
      vertex 79.339 29.778 0.000
    endloop
  endfacet
  facet normal 0.000000 0.000000 -1.000000
    outer loop
      vertex 82.000 28.000 -6.000
      vertex 79.044 29.225 -6.000
      vertex 79.339 29.778 -6.000
    endloop
  endfacet
  facet normal 0.000000 0.000000 1.000000
    outer loop
      vertex 82.000 28.000 0.000
      vertex 79.339 29.778 0.000
      vertex 79.044 29.225 0.000
    endloop
  endfacet
  facet normal -0.956940 0.290285 0.000000
    outer loop
      vertex 79.044 29.225 -6.000
      vertex 78.861 28.624 -6.000
      vertex 78.861 28.624 0.000
    endloop
  endfacet
  facet normal -0.956940 0.290285 0.000000
    outer loop
      vertex 79.044 29.225 -6.000
      vertex 78.861 28.624 0.000
      vertex 79.044 29.225 0.000
    endloop
  endfacet
  facet normal 0.000000 0.000000 -1.000000
    outer loop
      vertex 82.000 28.000 -6.000
      vertex 78.861 28.624 -6.000
      vertex 79.044 29.225 -6.000
    endloop
  endfacet
  facet normal 0.000000 0.000000 1.000000
    outer loop
      vertex 82.000 28.000 0.000
      vertex 79.044 29.225 0.000
      vertex 78.861 28.624 0.000
    endloop
  endfacet
  facet normal -0.995185 0.098017 0.000000
    outer loop
      vertex 78.861 28.624 -6.000
      vertex 78.800 28.000 -6.000
      vertex 78.800 28.000 0.000
    endloop
  endfacet
  facet normal -0.995185 0.098017 0.000000
    outer loop
      vertex 78.861 28.624 -6.000
      vertex 78.800 28.000 0.000
      vertex 78.861 28.624 0.000
    endloop
  endfacet
  facet normal 0.000000 0.000000 -1.000000
    outer loop
      vertex 82.000 28.000 -6.000
      vertex 78.800 28.000 -6.000
      vertex 78.861 28.624 -6.000
    endloop
  endfacet
  facet normal 0.000000 0.000000 1.000000
    outer loop
      vertex 82.000 28.000 0.000
      vertex 78.861 28.624 0.000
      vertex 78.800 28.000 0.000
    endloop
  endfacet
  facet normal -0.995185 -0.098017 0.000000
    outer loop
      vertex 78.800 28.000 -6.000
      vertex 78.861 27.376 -6.000
      vertex 78.861 27.376 0.000
    endloop
  endfacet
  facet normal -0.995185 -0.098017 0.000000
    outer loop
      vertex 78.800 28.000 -6.000
      vertex 78.861 27.376 0.000
      vertex 78.800 28.000 0.000
    endloop
  endfacet
  facet normal -0.000000 0.000000 -1.000000
    outer loop
      vertex 82.000 28.000 -6.000
      vertex 78.861 27.376 -6.000
      vertex 78.800 28.000 -6.000
    endloop
  endfacet
  facet normal 0.000000 0.000000 1.000000
    outer loop
      vertex 82.000 28.000 0.000
      vertex 78.800 28.000 0.000
      vertex 78.861 27.376 0.000
    endloop
  endfacet
  facet normal -0.956940 -0.290285 0.000000
    outer loop
      vertex 78.861 27.376 -6.000
      vertex 79.044 26.775 -6.000
      vertex 79.044 26.775 0.000
    endloop
  endfacet
  facet normal -0.956940 -0.290285 0.000000
    outer loop
      vertex 78.861 27.376 -6.000
      vertex 79.044 26.775 0.000
      vertex 78.861 27.376 0.000
    endloop
  endfacet
  facet normal 0.000000 0.000000 -1.000000
    outer loop
      vertex 82.000 28.000 -6.000
      vertex 79.044 26.775 -6.000
      vertex 78.861 27.376 -6.000
    endloop
  endfacet
  facet normal 0.000000 0.000000 1.000000
    outer loop
      vertex 82.000 28.000 0.000
      vertex 78.861 27.376 0.000
      vertex 79.044 26.775 0.000
    endloop
  endfacet
  facet normal -0.881921 -0.471397 0.000000
    outer loop
      vertex 79.044 26.775 -6.000
      vertex 79.339 26.222 -6.000
      vertex 79.339 26.222 0.000
    endloop
  endfacet
  facet normal -0.881921 -0.471397 0.000000
    outer loop
      vertex 79.044 26.775 -6.000
      vertex 79.339 26.222 0.000
      vertex 79.044 26.775 0.000
    endloop
  endfacet
  facet normal 0.000000 0.000000 -1.000000
    outer loop
      vertex 82.000 28.000 -6.000
      vertex 79.339 26.222 -6.000
      vertex 79.044 26.775 -6.000
    endloop
  endfacet
  facet normal 0.000000 0.000000 1.000000
    outer loop
      vertex 82.000 28.000 0.000
      vertex 79.044 26.775 0.000
      vertex 79.339 26.222 0.000
    endloop
  endfacet
  facet normal -0.773010 -0.634393 0.000000
    outer loop
      vertex 79.339 26.222 -6.000
      vertex 79.737 25.737 -6.000
      vertex 79.737 25.737 0.000
    endloop
  endfacet
  facet normal -0.773010 -0.634393 0.000000
    outer loop
      vertex 79.339 26.222 -6.000
      vertex 79.737 25.737 0.000
      vertex 79.339 26.222 0.000
    endloop
  endfacet
  facet normal 0.000000 0.000000 -1.000000
    outer loop
      vertex 82.000 28.000 -6.000
      vertex 79.737 25.737 -6.000
      vertex 79.339 26.222 -6.000
    endloop
  endfacet
  facet normal 0.000000 0.000000 1.000000
    outer loop
      vertex 82.000 28.000 0.000
      vertex 79.339 26.222 0.000
      vertex 79.737 25.737 0.000
    endloop
  endfacet
  facet normal -0.634393 -0.773010 0.000000
    outer loop
      vertex 79.737 25.737 -6.000
      vertex 80.222 25.339 -6.000
      vertex 80.222 25.339 0.000
    endloop
  endfacet
  facet normal -0.634393 -0.773010 0.000000
    outer loop
      vertex 79.737 25.737 -6.000
      vertex 80.222 25.339 0.000
      vertex 79.737 25.737 0.000
    endloop
  endfacet
  facet normal 0.000000 0.000000 -1.000000
    outer loop
      vertex 82.000 28.000 -6.000
      vertex 80.222 25.339 -6.000
      vertex 79.737 25.737 -6.000
    endloop
  endfacet
  facet normal 0.000000 0.000000 1.000000
    outer loop
      vertex 82.000 28.000 0.000
      vertex 79.737 25.737 0.000
      vertex 80.222 25.339 0.000
    endloop
  endfacet
  facet normal -0.471397 -0.881921 0.000000
    outer loop
      vertex 80.222 25.339 -6.000
      vertex 80.775 25.044 -6.000
      vertex 80.775 25.044 0.000
    endloop
  endfacet
  facet normal -0.471397 -0.881921 0.000000
    outer loop
      vertex 80.222 25.339 -6.000
      vertex 80.775 25.044 0.000
      vertex 80.222 25.339 0.000
    endloop
  endfacet
  facet normal 0.000000 0.000000 -1.000000
    outer loop
      vertex 82.000 28.000 -6.000
      vertex 80.775 25.044 -6.000
      vertex 80.222 25.339 -6.000
    endloop
  endfacet
  facet normal 0.000000 0.000000 1.000000
    outer loop
      vertex 82.000 28.000 0.000
      vertex 80.222 25.339 0.000
      vertex 80.775 25.044 0.000
    endloop
  endfacet
  facet normal -0.290285 -0.956940 0.000000
    outer loop
      vertex 80.775 25.044 -6.000
      vertex 81.376 24.861 -6.000
      vertex 81.376 24.861 0.000
    endloop
  endfacet
  facet normal -0.290285 -0.956940 0.000000
    outer loop
      vertex 80.775 25.044 -6.000
      vertex 81.376 24.861 0.000
      vertex 80.775 25.044 0.000
    endloop
  endfacet
  facet normal 0.000000 0.000000 -1.000000
    outer loop
      vertex 82.000 28.000 -6.000
      vertex 81.376 24.861 -6.000
      vertex 80.775 25.044 -6.000
    endloop
  endfacet
  facet normal 0.000000 0.000000 1.000000
    outer loop
      vertex 82.000 28.000 0.000
      vertex 80.775 25.044 0.000
      vertex 81.376 24.861 0.000
    endloop
  endfacet
  facet normal -0.098017 -0.995185 0.000000
    outer loop
      vertex 81.376 24.861 -6.000
      vertex 82.000 24.800 -6.000
      vertex 82.000 24.800 0.000
    endloop
  endfacet
  facet normal -0.098017 -0.995185 0.000000
    outer loop
      vertex 81.376 24.861 -6.000
      vertex 82.000 24.800 0.000
      vertex 81.376 24.861 0.000
    endloop
  endfacet
  facet normal 0.000000 -0.000000 -1.000000
    outer loop
      vertex 82.000 28.000 -6.000
      vertex 82.000 24.800 -6.000
      vertex 81.376 24.861 -6.000
    endloop
  endfacet
  facet normal 0.000000 0.000000 1.000000
    outer loop
      vertex 82.000 28.000 0.000
      vertex 81.376 24.861 0.000
      vertex 82.000 24.800 0.000
    endloop
  endfacet
  facet normal 0.098017 -0.995185 0.000000
    outer loop
      vertex 82.000 24.800 -6.000
      vertex 82.624 24.861 -6.000
      vertex 82.624 24.861 0.000
    endloop
  endfacet
  facet normal 0.098017 -0.995185 0.000000
    outer loop
      vertex 82.000 24.800 -6.000
      vertex 82.624 24.861 0.000
      vertex 82.000 24.800 0.000
    endloop
  endfacet
  facet normal 0.000000 0.000000 -1.000000
    outer loop
      vertex 82.000 28.000 -6.000
      vertex 82.624 24.861 -6.000
      vertex 82.000 24.800 -6.000
    endloop
  endfacet
  facet normal 0.000000 0.000000 1.000000
    outer loop
      vertex 82.000 28.000 0.000
      vertex 82.000 24.800 0.000
      vertex 82.624 24.861 0.000
    endloop
  endfacet
  facet normal 0.290285 -0.956940 0.000000
    outer loop
      vertex 82.624 24.861 -6.000
      vertex 83.225 25.044 -6.000
      vertex 83.225 25.044 0.000
    endloop
  endfacet
  facet normal 0.290285 -0.956940 0.000000
    outer loop
      vertex 82.624 24.861 -6.000
      vertex 83.225 25.044 0.000
      vertex 82.624 24.861 0.000
    endloop
  endfacet
  facet normal 0.000000 0.000000 -1.000000
    outer loop
      vertex 82.000 28.000 -6.000
      vertex 83.225 25.044 -6.000
      vertex 82.624 24.861 -6.000
    endloop
  endfacet
  facet normal 0.000000 0.000000 1.000000
    outer loop
      vertex 82.000 28.000 0.000
      vertex 82.624 24.861 0.000
      vertex 83.225 25.044 0.000
    endloop
  endfacet
  facet normal 0.471397 -0.881921 0.000000
    outer loop
      vertex 83.225 25.044 -6.000
      vertex 83.778 25.339 -6.000
      vertex 83.778 25.339 0.000
    endloop
  endfacet
  facet normal 0.471397 -0.881921 0.000000
    outer loop
      vertex 83.225 25.044 -6.000
      vertex 83.778 25.339 0.000
      vertex 83.225 25.044 0.000
    endloop
  endfacet
  facet normal 0.000000 0.000000 -1.000000
    outer loop
      vertex 82.000 28.000 -6.000
      vertex 83.778 25.339 -6.000
      vertex 83.225 25.044 -6.000
    endloop
  endfacet
  facet normal 0.000000 0.000000 1.000000
    outer loop
      vertex 82.000 28.000 0.000
      vertex 83.225 25.044 0.000
      vertex 83.778 25.339 0.000
    endloop
  endfacet
  facet normal 0.634393 -0.773010 0.000000
    outer loop
      vertex 83.778 25.339 -6.000
      vertex 84.263 25.737 -6.000
      vertex 84.263 25.737 0.000
    endloop
  endfacet
  facet normal 0.634393 -0.773010 0.000000
    outer loop
      vertex 83.778 25.339 -6.000
      vertex 84.263 25.737 0.000
      vertex 83.778 25.339 0.000
    endloop
  endfacet
  facet normal 0.000000 0.000000 -1.000000
    outer loop
      vertex 82.000 28.000 -6.000
      vertex 84.263 25.737 -6.000
      vertex 83.778 25.339 -6.000
    endloop
  endfacet
  facet normal 0.000000 0.000000 1.000000
    outer loop
      vertex 82.000 28.000 0.000
      vertex 83.778 25.339 0.000
      vertex 84.263 25.737 0.000
    endloop
  endfacet
  facet normal 0.773010 -0.634393 0.000000
    outer loop
      vertex 84.263 25.737 -6.000
      vertex 84.661 26.222 -6.000
      vertex 84.661 26.222 0.000
    endloop
  endfacet
  facet normal 0.773010 -0.634393 0.000000
    outer loop
      vertex 84.263 25.737 -6.000
      vertex 84.661 26.222 0.000
      vertex 84.263 25.737 0.000
    endloop
  endfacet
  facet normal 0.000000 0.000000 -1.000000
    outer loop
      vertex 82.000 28.000 -6.000
      vertex 84.661 26.222 -6.000
      vertex 84.263 25.737 -6.000
    endloop
  endfacet
  facet normal 0.000000 0.000000 1.000000
    outer loop
      vertex 82.000 28.000 0.000
      vertex 84.263 25.737 0.000
      vertex 84.661 26.222 0.000
    endloop
  endfacet
  facet normal 0.881921 -0.471397 0.000000
    outer loop
      vertex 84.661 26.222 -6.000
      vertex 84.956 26.775 -6.000
      vertex 84.956 26.775 0.000
    endloop
  endfacet
  facet normal 0.881921 -0.471397 0.000000
    outer loop
      vertex 84.661 26.222 -6.000
      vertex 84.956 26.775 0.000
      vertex 84.661 26.222 0.000
    endloop
  endfacet
  facet normal 0.000000 0.000000 -1.000000
    outer loop
      vertex 82.000 28.000 -6.000
      vertex 84.956 26.775 -6.000
      vertex 84.661 26.222 -6.000
    endloop
  endfacet
  facet normal 0.000000 0.000000 1.000000
    outer loop
      vertex 82.000 28.000 0.000
      vertex 84.661 26.222 0.000
      vertex 84.956 26.775 0.000
    endloop
  endfacet
  facet normal 0.956940 -0.290285 0.000000
    outer loop
      vertex 84.956 26.775 -6.000
      vertex 85.139 27.376 -6.000
      vertex 85.139 27.376 0.000
    endloop
  endfacet
  facet normal 0.956940 -0.290285 0.000000
    outer loop
      vertex 84.956 26.775 -6.000
      vertex 85.139 27.376 0.000
      vertex 84.956 26.775 0.000
    endloop
  endfacet
  facet normal 0.000000 0.000000 -1.000000
    outer loop
      vertex 82.000 28.000 -6.000
      vertex 85.139 27.376 -6.000
      vertex 84.956 26.775 -6.000
    endloop
  endfacet
  facet normal 0.000000 0.000000 1.000000
    outer loop
      vertex 82.000 28.000 0.000
      vertex 84.956 26.775 0.000
      vertex 85.139 27.376 0.000
    endloop
  endfacet
  facet normal 0.995185 -0.098017 0.000000
    outer loop
      vertex 85.139 27.376 -6.000
      vertex 85.200 28.000 -6.000
      vertex 85.200 28.000 0.000
    endloop
  endfacet
  facet normal 0.995185 -0.098017 0.000000
    outer loop
      vertex 85.139 27.376 -6.000
      vertex 85.200 28.000 0.000
      vertex 85.139 27.376 0.000
    endloop
  endfacet
  facet normal 0.000000 0.000000 -1.000000
    outer loop
      vertex 82.000 28.000 -6.000
      vertex 85.200 28.000 -6.000
      vertex 85.139 27.376 -6.000
    endloop
  endfacet
  facet normal -0.000000 0.000000 1.000000
    outer loop
      vertex 82.000 28.000 0.000
      vertex 85.139 27.376 0.000
      vertex 85.200 28.000 0.000
    endloop
  endfacet
  facet normal 0.995185 0.098017 0.000000
    outer loop
      vertex 83.100 28.000 0.000
      vertex 83.079 28.215 0.000
      vertex 83.079 28.215 1.200
    endloop
  endfacet
  facet normal 0.995185 0.098017 -0.000000
    outer loop
      vertex 83.100 28.000 0.000
      vertex 83.079 28.215 1.200
      vertex 83.100 28.000 1.200
    endloop
  endfacet
  facet normal 0.000000 0.000000 -1.000000
    outer loop
      vertex 82.000 28.000 0.000
      vertex 83.079 28.215 0.000
      vertex 83.100 28.000 0.000
    endloop
  endfacet
  facet normal 0.000000 0.000000 1.000000
    outer loop
      vertex 82.000 28.000 1.200
      vertex 83.100 28.000 1.200
      vertex 83.079 28.215 1.200
    endloop
  endfacet
  facet normal 0.956940 0.290285 0.000000
    outer loop
      vertex 83.079 28.215 0.000
      vertex 83.016 28.421 0.000
      vertex 83.016 28.421 1.200
    endloop
  endfacet
  facet normal 0.956940 0.290285 -0.000000
    outer loop
      vertex 83.079 28.215 0.000
      vertex 83.016 28.421 1.200
      vertex 83.079 28.215 1.200
    endloop
  endfacet
  facet normal 0.000000 0.000000 -1.000000
    outer loop
      vertex 82.000 28.000 0.000
      vertex 83.016 28.421 0.000
      vertex 83.079 28.215 0.000
    endloop
  endfacet
  facet normal 0.000000 0.000000 1.000000
    outer loop
      vertex 82.000 28.000 1.200
      vertex 83.079 28.215 1.200
      vertex 83.016 28.421 1.200
    endloop
  endfacet
  facet normal 0.881921 0.471397 0.000000
    outer loop
      vertex 83.016 28.421 0.000
      vertex 82.915 28.611 0.000
      vertex 82.915 28.611 1.200
    endloop
  endfacet
  facet normal 0.881921 0.471397 -0.000000
    outer loop
      vertex 83.016 28.421 0.000
      vertex 82.915 28.611 1.200
      vertex 83.016 28.421 1.200
    endloop
  endfacet
  facet normal 0.000000 0.000000 -1.000000
    outer loop
      vertex 82.000 28.000 0.000
      vertex 82.915 28.611 0.000
      vertex 83.016 28.421 0.000
    endloop
  endfacet
  facet normal 0.000000 0.000000 1.000000
    outer loop
      vertex 82.000 28.000 1.200
      vertex 83.016 28.421 1.200
      vertex 82.915 28.611 1.200
    endloop
  endfacet
  facet normal 0.773010 0.634393 0.000000
    outer loop
      vertex 82.915 28.611 0.000
      vertex 82.778 28.778 0.000
      vertex 82.778 28.778 1.200
    endloop
  endfacet
  facet normal 0.773010 0.634393 -0.000000
    outer loop
      vertex 82.915 28.611 0.000
      vertex 82.778 28.778 1.200
      vertex 82.915 28.611 1.200
    endloop
  endfacet
  facet normal 0.000000 0.000000 -1.000000
    outer loop
      vertex 82.000 28.000 0.000
      vertex 82.778 28.778 0.000
      vertex 82.915 28.611 0.000
    endloop
  endfacet
  facet normal 0.000000 0.000000 1.000000
    outer loop
      vertex 82.000 28.000 1.200
      vertex 82.915 28.611 1.200
      vertex 82.778 28.778 1.200
    endloop
  endfacet
  facet normal 0.634393 0.773010 0.000000
    outer loop
      vertex 82.778 28.778 0.000
      vertex 82.611 28.915 0.000
      vertex 82.611 28.915 1.200
    endloop
  endfacet
  facet normal 0.634393 0.773010 -0.000000
    outer loop
      vertex 82.778 28.778 0.000
      vertex 82.611 28.915 1.200
      vertex 82.778 28.778 1.200
    endloop
  endfacet
  facet normal 0.000000 0.000000 -1.000000
    outer loop
      vertex 82.000 28.000 0.000
      vertex 82.611 28.915 0.000
      vertex 82.778 28.778 0.000
    endloop
  endfacet
  facet normal 0.000000 0.000000 1.000000
    outer loop
      vertex 82.000 28.000 1.200
      vertex 82.778 28.778 1.200
      vertex 82.611 28.915 1.200
    endloop
  endfacet
  facet normal 0.471397 0.881921 0.000000
    outer loop
      vertex 82.611 28.915 0.000
      vertex 82.421 29.016 0.000
      vertex 82.421 29.016 1.200
    endloop
  endfacet
  facet normal 0.471397 0.881921 -0.000000
    outer loop
      vertex 82.611 28.915 0.000
      vertex 82.421 29.016 1.200
      vertex 82.611 28.915 1.200
    endloop
  endfacet
  facet normal 0.000000 0.000000 -1.000000
    outer loop
      vertex 82.000 28.000 0.000
      vertex 82.421 29.016 0.000
      vertex 82.611 28.915 0.000
    endloop
  endfacet
  facet normal 0.000000 0.000000 1.000000
    outer loop
      vertex 82.000 28.000 1.200
      vertex 82.611 28.915 1.200
      vertex 82.421 29.016 1.200
    endloop
  endfacet
  facet normal 0.290285 0.956940 0.000000
    outer loop
      vertex 82.421 29.016 0.000
      vertex 82.215 29.079 0.000
      vertex 82.215 29.079 1.200
    endloop
  endfacet
  facet normal 0.290285 0.956940 -0.000000
    outer loop
      vertex 82.421 29.016 0.000
      vertex 82.215 29.079 1.200
      vertex 82.421 29.016 1.200
    endloop
  endfacet
  facet normal 0.000000 0.000000 -1.000000
    outer loop
      vertex 82.000 28.000 0.000
      vertex 82.215 29.079 0.000
      vertex 82.421 29.016 0.000
    endloop
  endfacet
  facet normal 0.000000 0.000000 1.000000
    outer loop
      vertex 82.000 28.000 1.200
      vertex 82.421 29.016 1.200
      vertex 82.215 29.079 1.200
    endloop
  endfacet
  facet normal 0.098017 0.995185 0.000000
    outer loop
      vertex 82.215 29.079 0.000
      vertex 82.000 29.100 0.000
      vertex 82.000 29.100 1.200
    endloop
  endfacet
  facet normal 0.098017 0.995185 -0.000000
    outer loop
      vertex 82.215 29.079 0.000
      vertex 82.000 29.100 1.200
      vertex 82.215 29.079 1.200
    endloop
  endfacet
  facet normal 0.000000 0.000000 -1.000000
    outer loop
      vertex 82.000 28.000 0.000
      vertex 82.000 29.100 0.000
      vertex 82.215 29.079 0.000
    endloop
  endfacet
  facet normal 0.000000 0.000000 1.000000
    outer loop
      vertex 82.000 28.000 1.200
      vertex 82.215 29.079 1.200
      vertex 82.000 29.100 1.200
    endloop
  endfacet
  facet normal -0.098017 0.995185 0.000000
    outer loop
      vertex 82.000 29.100 0.000
      vertex 81.785 29.079 0.000
      vertex 81.785 29.079 1.200
    endloop
  endfacet
  facet normal -0.098017 0.995185 0.000000
    outer loop
      vertex 82.000 29.100 0.000
      vertex 81.785 29.079 1.200
      vertex 82.000 29.100 1.200
    endloop
  endfacet
  facet normal 0.000000 0.000000 -1.000000
    outer loop
      vertex 82.000 28.000 0.000
      vertex 81.785 29.079 0.000
      vertex 82.000 29.100 0.000
    endloop
  endfacet
  facet normal 0.000000 -0.000000 1.000000
    outer loop
      vertex 82.000 28.000 1.200
      vertex 82.000 29.100 1.200
      vertex 81.785 29.079 1.200
    endloop
  endfacet
  facet normal -0.290285 0.956940 0.000000
    outer loop
      vertex 81.785 29.079 0.000
      vertex 81.579 29.016 0.000
      vertex 81.579 29.016 1.200
    endloop
  endfacet
  facet normal -0.290285 0.956940 0.000000
    outer loop
      vertex 81.785 29.079 0.000
      vertex 81.579 29.016 1.200
      vertex 81.785 29.079 1.200
    endloop
  endfacet
  facet normal 0.000000 0.000000 -1.000000
    outer loop
      vertex 82.000 28.000 0.000
      vertex 81.579 29.016 0.000
      vertex 81.785 29.079 0.000
    endloop
  endfacet
  facet normal 0.000000 0.000000 1.000000
    outer loop
      vertex 82.000 28.000 1.200
      vertex 81.785 29.079 1.200
      vertex 81.579 29.016 1.200
    endloop
  endfacet
  facet normal -0.471397 0.881921 0.000000
    outer loop
      vertex 81.579 29.016 0.000
      vertex 81.389 28.915 0.000
      vertex 81.389 28.915 1.200
    endloop
  endfacet
  facet normal -0.471397 0.881921 0.000000
    outer loop
      vertex 81.579 29.016 0.000
      vertex 81.389 28.915 1.200
      vertex 81.579 29.016 1.200
    endloop
  endfacet
  facet normal 0.000000 0.000000 -1.000000
    outer loop
      vertex 82.000 28.000 0.000
      vertex 81.389 28.915 0.000
      vertex 81.579 29.016 0.000
    endloop
  endfacet
  facet normal 0.000000 0.000000 1.000000
    outer loop
      vertex 82.000 28.000 1.200
      vertex 81.579 29.016 1.200
      vertex 81.389 28.915 1.200
    endloop
  endfacet
  facet normal -0.634393 0.773010 0.000000
    outer loop
      vertex 81.389 28.915 0.000
      vertex 81.222 28.778 0.000
      vertex 81.222 28.778 1.200
    endloop
  endfacet
  facet normal -0.634393 0.773010 0.000000
    outer loop
      vertex 81.389 28.915 0.000
      vertex 81.222 28.778 1.200
      vertex 81.389 28.915 1.200
    endloop
  endfacet
  facet normal 0.000000 0.000000 -1.000000
    outer loop
      vertex 82.000 28.000 0.000
      vertex 81.222 28.778 0.000
      vertex 81.389 28.915 0.000
    endloop
  endfacet
  facet normal 0.000000 0.000000 1.000000
    outer loop
      vertex 82.000 28.000 1.200
      vertex 81.389 28.915 1.200
      vertex 81.222 28.778 1.200
    endloop
  endfacet
  facet normal -0.773010 0.634393 0.000000
    outer loop
      vertex 81.222 28.778 0.000
      vertex 81.085 28.611 0.000
      vertex 81.085 28.611 1.200
    endloop
  endfacet
  facet normal -0.773010 0.634393 0.000000
    outer loop
      vertex 81.222 28.778 0.000
      vertex 81.085 28.611 1.200
      vertex 81.222 28.778 1.200
    endloop
  endfacet
  facet normal 0.000000 0.000000 -1.000000
    outer loop
      vertex 82.000 28.000 0.000
      vertex 81.085 28.611 0.000
      vertex 81.222 28.778 0.000
    endloop
  endfacet
  facet normal 0.000000 0.000000 1.000000
    outer loop
      vertex 82.000 28.000 1.200
      vertex 81.222 28.778 1.200
      vertex 81.085 28.611 1.200
    endloop
  endfacet
  facet normal -0.881921 0.471397 0.000000
    outer loop
      vertex 81.085 28.611 0.000
      vertex 80.984 28.421 0.000
      vertex 80.984 28.421 1.200
    endloop
  endfacet
  facet normal -0.881921 0.471397 0.000000
    outer loop
      vertex 81.085 28.611 0.000
      vertex 80.984 28.421 1.200
      vertex 81.085 28.611 1.200
    endloop
  endfacet
  facet normal 0.000000 0.000000 -1.000000
    outer loop
      vertex 82.000 28.000 0.000
      vertex 80.984 28.421 0.000
      vertex 81.085 28.611 0.000
    endloop
  endfacet
  facet normal 0.000000 0.000000 1.000000
    outer loop
      vertex 82.000 28.000 1.200
      vertex 81.085 28.611 1.200
      vertex 80.984 28.421 1.200
    endloop
  endfacet
  facet normal -0.956940 0.290285 0.000000
    outer loop
      vertex 80.984 28.421 0.000
      vertex 80.921 28.215 0.000
      vertex 80.921 28.215 1.200
    endloop
  endfacet
  facet normal -0.956940 0.290285 0.000000
    outer loop
      vertex 80.984 28.421 0.000
      vertex 80.921 28.215 1.200
      vertex 80.984 28.421 1.200
    endloop
  endfacet
  facet normal 0.000000 0.000000 -1.000000
    outer loop
      vertex 82.000 28.000 0.000
      vertex 80.921 28.215 0.000
      vertex 80.984 28.421 0.000
    endloop
  endfacet
  facet normal 0.000000 0.000000 1.000000
    outer loop
      vertex 82.000 28.000 1.200
      vertex 80.984 28.421 1.200
      vertex 80.921 28.215 1.200
    endloop
  endfacet
  facet normal -0.995185 0.098017 0.000000
    outer loop
      vertex 80.921 28.215 0.000
      vertex 80.900 28.000 0.000
      vertex 80.900 28.000 1.200
    endloop
  endfacet
  facet normal -0.995185 0.098017 0.000000
    outer loop
      vertex 80.921 28.215 0.000
      vertex 80.900 28.000 1.200
      vertex 80.921 28.215 1.200
    endloop
  endfacet
  facet normal 0.000000 0.000000 -1.000000
    outer loop
      vertex 82.000 28.000 0.000
      vertex 80.900 28.000 0.000
      vertex 80.921 28.215 0.000
    endloop
  endfacet
  facet normal 0.000000 0.000000 1.000000
    outer loop
      vertex 82.000 28.000 1.200
      vertex 80.921 28.215 1.200
      vertex 80.900 28.000 1.200
    endloop
  endfacet
  facet normal -0.995185 -0.098017 0.000000
    outer loop
      vertex 80.900 28.000 0.000
      vertex 80.921 27.785 0.000
      vertex 80.921 27.785 1.200
    endloop
  endfacet
  facet normal -0.995185 -0.098017 0.000000
    outer loop
      vertex 80.900 28.000 0.000
      vertex 80.921 27.785 1.200
      vertex 80.900 28.000 1.200
    endloop
  endfacet
  facet normal -0.000000 0.000000 -1.000000
    outer loop
      vertex 82.000 28.000 0.000
      vertex 80.921 27.785 0.000
      vertex 80.900 28.000 0.000
    endloop
  endfacet
  facet normal 0.000000 0.000000 1.000000
    outer loop
      vertex 82.000 28.000 1.200
      vertex 80.900 28.000 1.200
      vertex 80.921 27.785 1.200
    endloop
  endfacet
  facet normal -0.956940 -0.290285 0.000000
    outer loop
      vertex 80.921 27.785 0.000
      vertex 80.984 27.579 0.000
      vertex 80.984 27.579 1.200
    endloop
  endfacet
  facet normal -0.956940 -0.290285 0.000000
    outer loop
      vertex 80.921 27.785 0.000
      vertex 80.984 27.579 1.200
      vertex 80.921 27.785 1.200
    endloop
  endfacet
  facet normal 0.000000 0.000000 -1.000000
    outer loop
      vertex 82.000 28.000 0.000
      vertex 80.984 27.579 0.000
      vertex 80.921 27.785 0.000
    endloop
  endfacet
  facet normal 0.000000 0.000000 1.000000
    outer loop
      vertex 82.000 28.000 1.200
      vertex 80.921 27.785 1.200
      vertex 80.984 27.579 1.200
    endloop
  endfacet
  facet normal -0.881921 -0.471397 0.000000
    outer loop
      vertex 80.984 27.579 0.000
      vertex 81.085 27.389 0.000
      vertex 81.085 27.389 1.200
    endloop
  endfacet
  facet normal -0.881921 -0.471397 0.000000
    outer loop
      vertex 80.984 27.579 0.000
      vertex 81.085 27.389 1.200
      vertex 80.984 27.579 1.200
    endloop
  endfacet
  facet normal 0.000000 0.000000 -1.000000
    outer loop
      vertex 82.000 28.000 0.000
      vertex 81.085 27.389 0.000
      vertex 80.984 27.579 0.000
    endloop
  endfacet
  facet normal 0.000000 0.000000 1.000000
    outer loop
      vertex 82.000 28.000 1.200
      vertex 80.984 27.579 1.200
      vertex 81.085 27.389 1.200
    endloop
  endfacet
  facet normal -0.773010 -0.634393 0.000000
    outer loop
      vertex 81.085 27.389 0.000
      vertex 81.222 27.222 0.000
      vertex 81.222 27.222 1.200
    endloop
  endfacet
  facet normal -0.773010 -0.634393 0.000000
    outer loop
      vertex 81.085 27.389 0.000
      vertex 81.222 27.222 1.200
      vertex 81.085 27.389 1.200
    endloop
  endfacet
  facet normal 0.000000 0.000000 -1.000000
    outer loop
      vertex 82.000 28.000 0.000
      vertex 81.222 27.222 0.000
      vertex 81.085 27.389 0.000
    endloop
  endfacet
  facet normal 0.000000 0.000000 1.000000
    outer loop
      vertex 82.000 28.000 1.200
      vertex 81.085 27.389 1.200
      vertex 81.222 27.222 1.200
    endloop
  endfacet
  facet normal -0.634393 -0.773010 0.000000
    outer loop
      vertex 81.222 27.222 0.000
      vertex 81.389 27.085 0.000
      vertex 81.389 27.085 1.200
    endloop
  endfacet
  facet normal -0.634393 -0.773010 0.000000
    outer loop
      vertex 81.222 27.222 0.000
      vertex 81.389 27.085 1.200
      vertex 81.222 27.222 1.200
    endloop
  endfacet
  facet normal 0.000000 0.000000 -1.000000
    outer loop
      vertex 82.000 28.000 0.000
      vertex 81.389 27.085 0.000
      vertex 81.222 27.222 0.000
    endloop
  endfacet
  facet normal 0.000000 0.000000 1.000000
    outer loop
      vertex 82.000 28.000 1.200
      vertex 81.222 27.222 1.200
      vertex 81.389 27.085 1.200
    endloop
  endfacet
  facet normal -0.471397 -0.881921 0.000000
    outer loop
      vertex 81.389 27.085 0.000
      vertex 81.579 26.984 0.000
      vertex 81.579 26.984 1.200
    endloop
  endfacet
  facet normal -0.471397 -0.881921 0.000000
    outer loop
      vertex 81.389 27.085 0.000
      vertex 81.579 26.984 1.200
      vertex 81.389 27.085 1.200
    endloop
  endfacet
  facet normal 0.000000 0.000000 -1.000000
    outer loop
      vertex 82.000 28.000 0.000
      vertex 81.579 26.984 0.000
      vertex 81.389 27.085 0.000
    endloop
  endfacet
  facet normal 0.000000 0.000000 1.000000
    outer loop
      vertex 82.000 28.000 1.200
      vertex 81.389 27.085 1.200
      vertex 81.579 26.984 1.200
    endloop
  endfacet
  facet normal -0.290285 -0.956940 0.000000
    outer loop
      vertex 81.579 26.984 0.000
      vertex 81.785 26.921 0.000
      vertex 81.785 26.921 1.200
    endloop
  endfacet
  facet normal -0.290285 -0.956940 0.000000
    outer loop
      vertex 81.579 26.984 0.000
      vertex 81.785 26.921 1.200
      vertex 81.579 26.984 1.200
    endloop
  endfacet
  facet normal 0.000000 0.000000 -1.000000
    outer loop
      vertex 82.000 28.000 0.000
      vertex 81.785 26.921 0.000
      vertex 81.579 26.984 0.000
    endloop
  endfacet
  facet normal 0.000000 0.000000 1.000000
    outer loop
      vertex 82.000 28.000 1.200
      vertex 81.579 26.984 1.200
      vertex 81.785 26.921 1.200
    endloop
  endfacet
  facet normal -0.098017 -0.995185 0.000000
    outer loop
      vertex 81.785 26.921 0.000
      vertex 82.000 26.900 0.000
      vertex 82.000 26.900 1.200
    endloop
  endfacet
  facet normal -0.098017 -0.995185 0.000000
    outer loop
      vertex 81.785 26.921 0.000
      vertex 82.000 26.900 1.200
      vertex 81.785 26.921 1.200
    endloop
  endfacet
  facet normal 0.000000 -0.000000 -1.000000
    outer loop
      vertex 82.000 28.000 0.000
      vertex 82.000 26.900 0.000
      vertex 81.785 26.921 0.000
    endloop
  endfacet
  facet normal 0.000000 0.000000 1.000000
    outer loop
      vertex 82.000 28.000 1.200
      vertex 81.785 26.921 1.200
      vertex 82.000 26.900 1.200
    endloop
  endfacet
  facet normal 0.098017 -0.995185 0.000000
    outer loop
      vertex 82.000 26.900 0.000
      vertex 82.215 26.921 0.000
      vertex 82.215 26.921 1.200
    endloop
  endfacet
  facet normal 0.098017 -0.995185 0.000000
    outer loop
      vertex 82.000 26.900 0.000
      vertex 82.215 26.921 1.200
      vertex 82.000 26.900 1.200
    endloop
  endfacet
  facet normal 0.000000 0.000000 -1.000000
    outer loop
      vertex 82.000 28.000 0.000
      vertex 82.215 26.921 0.000
      vertex 82.000 26.900 0.000
    endloop
  endfacet
  facet normal 0.000000 0.000000 1.000000
    outer loop
      vertex 82.000 28.000 1.200
      vertex 82.000 26.900 1.200
      vertex 82.215 26.921 1.200
    endloop
  endfacet
  facet normal 0.290285 -0.956940 0.000000
    outer loop
      vertex 82.215 26.921 0.000
      vertex 82.421 26.984 0.000
      vertex 82.421 26.984 1.200
    endloop
  endfacet
  facet normal 0.290285 -0.956940 0.000000
    outer loop
      vertex 82.215 26.921 0.000
      vertex 82.421 26.984 1.200
      vertex 82.215 26.921 1.200
    endloop
  endfacet
  facet normal 0.000000 0.000000 -1.000000
    outer loop
      vertex 82.000 28.000 0.000
      vertex 82.421 26.984 0.000
      vertex 82.215 26.921 0.000
    endloop
  endfacet
  facet normal 0.000000 0.000000 1.000000
    outer loop
      vertex 82.000 28.000 1.200
      vertex 82.215 26.921 1.200
      vertex 82.421 26.984 1.200
    endloop
  endfacet
  facet normal 0.471397 -0.881921 0.000000
    outer loop
      vertex 82.421 26.984 0.000
      vertex 82.611 27.085 0.000
      vertex 82.611 27.085 1.200
    endloop
  endfacet
  facet normal 0.471397 -0.881921 0.000000
    outer loop
      vertex 82.421 26.984 0.000
      vertex 82.611 27.085 1.200
      vertex 82.421 26.984 1.200
    endloop
  endfacet
  facet normal 0.000000 0.000000 -1.000000
    outer loop
      vertex 82.000 28.000 0.000
      vertex 82.611 27.085 0.000
      vertex 82.421 26.984 0.000
    endloop
  endfacet
  facet normal 0.000000 0.000000 1.000000
    outer loop
      vertex 82.000 28.000 1.200
      vertex 82.421 26.984 1.200
      vertex 82.611 27.085 1.200
    endloop
  endfacet
  facet normal 0.634393 -0.773010 0.000000
    outer loop
      vertex 82.611 27.085 0.000
      vertex 82.778 27.222 0.000
      vertex 82.778 27.222 1.200
    endloop
  endfacet
  facet normal 0.634393 -0.773010 0.000000
    outer loop
      vertex 82.611 27.085 0.000
      vertex 82.778 27.222 1.200
      vertex 82.611 27.085 1.200
    endloop
  endfacet
  facet normal 0.000000 0.000000 -1.000000
    outer loop
      vertex 82.000 28.000 0.000
      vertex 82.778 27.222 0.000
      vertex 82.611 27.085 0.000
    endloop
  endfacet
  facet normal 0.000000 0.000000 1.000000
    outer loop
      vertex 82.000 28.000 1.200
      vertex 82.611 27.085 1.200
      vertex 82.778 27.222 1.200
    endloop
  endfacet
  facet normal 0.773010 -0.634393 0.000000
    outer loop
      vertex 82.778 27.222 0.000
      vertex 82.915 27.389 0.000
      vertex 82.915 27.389 1.200
    endloop
  endfacet
  facet normal 0.773010 -0.634393 0.000000
    outer loop
      vertex 82.778 27.222 0.000
      vertex 82.915 27.389 1.200
      vertex 82.778 27.222 1.200
    endloop
  endfacet
  facet normal 0.000000 0.000000 -1.000000
    outer loop
      vertex 82.000 28.000 0.000
      vertex 82.915 27.389 0.000
      vertex 82.778 27.222 0.000
    endloop
  endfacet
  facet normal 0.000000 0.000000 1.000000
    outer loop
      vertex 82.000 28.000 1.200
      vertex 82.778 27.222 1.200
      vertex 82.915 27.389 1.200
    endloop
  endfacet
  facet normal 0.881921 -0.471397 0.000000
    outer loop
      vertex 82.915 27.389 0.000
      vertex 83.016 27.579 0.000
      vertex 83.016 27.579 1.200
    endloop
  endfacet
  facet normal 0.881921 -0.471397 0.000000
    outer loop
      vertex 82.915 27.389 0.000
      vertex 83.016 27.579 1.200
      vertex 82.915 27.389 1.200
    endloop
  endfacet
  facet normal 0.000000 0.000000 -1.000000
    outer loop
      vertex 82.000 28.000 0.000
      vertex 83.016 27.579 0.000
      vertex 82.915 27.389 0.000
    endloop
  endfacet
  facet normal 0.000000 0.000000 1.000000
    outer loop
      vertex 82.000 28.000 1.200
      vertex 82.915 27.389 1.200
      vertex 83.016 27.579 1.200
    endloop
  endfacet
  facet normal 0.956940 -0.290285 0.000000
    outer loop
      vertex 83.016 27.579 0.000
      vertex 83.079 27.785 0.000
      vertex 83.079 27.785 1.200
    endloop
  endfacet
  facet normal 0.956940 -0.290285 0.000000
    outer loop
      vertex 83.016 27.579 0.000
      vertex 83.079 27.785 1.200
      vertex 83.016 27.579 1.200
    endloop
  endfacet
  facet normal 0.000000 0.000000 -1.000000
    outer loop
      vertex 82.000 28.000 0.000
      vertex 83.079 27.785 0.000
      vertex 83.016 27.579 0.000
    endloop
  endfacet
  facet normal 0.000000 0.000000 1.000000
    outer loop
      vertex 82.000 28.000 1.200
      vertex 83.016 27.579 1.200
      vertex 83.079 27.785 1.200
    endloop
  endfacet
  facet normal 0.995185 -0.098017 0.000000
    outer loop
      vertex 83.079 27.785 0.000
      vertex 83.100 28.000 0.000
      vertex 83.100 28.000 1.200
    endloop
  endfacet
  facet normal 0.995185 -0.098017 0.000000
    outer loop
      vertex 83.079 27.785 0.000
      vertex 83.100 28.000 1.200
      vertex 83.079 27.785 1.200
    endloop
  endfacet
  facet normal 0.000000 0.000000 -1.000000
    outer loop
      vertex 82.000 28.000 0.000
      vertex 83.100 28.000 0.000
      vertex 83.079 27.785 0.000
    endloop
  endfacet
  facet normal -0.000000 0.000000 1.000000
    outer loop
      vertex 82.000 28.000 1.200
      vertex 83.079 27.785 1.200
      vertex 83.100 28.000 1.200
    endloop
  endfacet
  facet normal 0.995185 0.098017 0.000000
    outer loop
      vertex 16.200 86.000 -6.000
      vertex 16.139 86.624 -6.000
      vertex 16.139 86.624 0.000
    endloop
  endfacet
  facet normal 0.995185 0.098017 -0.000000
    outer loop
      vertex 16.200 86.000 -6.000
      vertex 16.139 86.624 0.000
      vertex 16.200 86.000 0.000
    endloop
  endfacet
  facet normal 0.000000 0.000000 -1.000000
    outer loop
      vertex 13.000 86.000 -6.000
      vertex 16.139 86.624 -6.000
      vertex 16.200 86.000 -6.000
    endloop
  endfacet
  facet normal 0.000000 0.000000 1.000000
    outer loop
      vertex 13.000 86.000 0.000
      vertex 16.200 86.000 0.000
      vertex 16.139 86.624 0.000
    endloop
  endfacet
  facet normal 0.956940 0.290285 0.000000
    outer loop
      vertex 16.139 86.624 -6.000
      vertex 15.956 87.225 -6.000
      vertex 15.956 87.225 0.000
    endloop
  endfacet
  facet normal 0.956940 0.290285 -0.000000
    outer loop
      vertex 16.139 86.624 -6.000
      vertex 15.956 87.225 0.000
      vertex 16.139 86.624 0.000
    endloop
  endfacet
  facet normal 0.000000 0.000000 -1.000000
    outer loop
      vertex 13.000 86.000 -6.000
      vertex 15.956 87.225 -6.000
      vertex 16.139 86.624 -6.000
    endloop
  endfacet
  facet normal 0.000000 0.000000 1.000000
    outer loop
      vertex 13.000 86.000 0.000
      vertex 16.139 86.624 0.000
      vertex 15.956 87.225 0.000
    endloop
  endfacet
  facet normal 0.881921 0.471397 0.000000
    outer loop
      vertex 15.956 87.225 -6.000
      vertex 15.661 87.778 -6.000
      vertex 15.661 87.778 0.000
    endloop
  endfacet
  facet normal 0.881921 0.471397 -0.000000
    outer loop
      vertex 15.956 87.225 -6.000
      vertex 15.661 87.778 0.000
      vertex 15.956 87.225 0.000
    endloop
  endfacet
  facet normal 0.000000 0.000000 -1.000000
    outer loop
      vertex 13.000 86.000 -6.000
      vertex 15.661 87.778 -6.000
      vertex 15.956 87.225 -6.000
    endloop
  endfacet
  facet normal 0.000000 0.000000 1.000000
    outer loop
      vertex 13.000 86.000 0.000
      vertex 15.956 87.225 0.000
      vertex 15.661 87.778 0.000
    endloop
  endfacet
  facet normal 0.773010 0.634393 0.000000
    outer loop
      vertex 15.661 87.778 -6.000
      vertex 15.263 88.263 -6.000
      vertex 15.263 88.263 0.000
    endloop
  endfacet
  facet normal 0.773010 0.634393 -0.000000
    outer loop
      vertex 15.661 87.778 -6.000
      vertex 15.263 88.263 0.000
      vertex 15.661 87.778 0.000
    endloop
  endfacet
  facet normal 0.000000 0.000000 -1.000000
    outer loop
      vertex 13.000 86.000 -6.000
      vertex 15.263 88.263 -6.000
      vertex 15.661 87.778 -6.000
    endloop
  endfacet
  facet normal 0.000000 0.000000 1.000000
    outer loop
      vertex 13.000 86.000 0.000
      vertex 15.661 87.778 0.000
      vertex 15.263 88.263 0.000
    endloop
  endfacet
  facet normal 0.634393 0.773010 0.000000
    outer loop
      vertex 15.263 88.263 -6.000
      vertex 14.778 88.661 -6.000
      vertex 14.778 88.661 0.000
    endloop
  endfacet
  facet normal 0.634393 0.773010 -0.000000
    outer loop
      vertex 15.263 88.263 -6.000
      vertex 14.778 88.661 0.000
      vertex 15.263 88.263 0.000
    endloop
  endfacet
  facet normal 0.000000 0.000000 -1.000000
    outer loop
      vertex 13.000 86.000 -6.000
      vertex 14.778 88.661 -6.000
      vertex 15.263 88.263 -6.000
    endloop
  endfacet
  facet normal 0.000000 0.000000 1.000000
    outer loop
      vertex 13.000 86.000 0.000
      vertex 15.263 88.263 0.000
      vertex 14.778 88.661 0.000
    endloop
  endfacet
  facet normal 0.471397 0.881921 0.000000
    outer loop
      vertex 14.778 88.661 -6.000
      vertex 14.225 88.956 -6.000
      vertex 14.225 88.956 0.000
    endloop
  endfacet
  facet normal 0.471397 0.881921 -0.000000
    outer loop
      vertex 14.778 88.661 -6.000
      vertex 14.225 88.956 0.000
      vertex 14.778 88.661 0.000
    endloop
  endfacet
  facet normal 0.000000 0.000000 -1.000000
    outer loop
      vertex 13.000 86.000 -6.000
      vertex 14.225 88.956 -6.000
      vertex 14.778 88.661 -6.000
    endloop
  endfacet
  facet normal 0.000000 0.000000 1.000000
    outer loop
      vertex 13.000 86.000 0.000
      vertex 14.778 88.661 0.000
      vertex 14.225 88.956 0.000
    endloop
  endfacet
  facet normal 0.290285 0.956940 0.000000
    outer loop
      vertex 14.225 88.956 -6.000
      vertex 13.624 89.139 -6.000
      vertex 13.624 89.139 0.000
    endloop
  endfacet
  facet normal 0.290285 0.956940 -0.000000
    outer loop
      vertex 14.225 88.956 -6.000
      vertex 13.624 89.139 0.000
      vertex 14.225 88.956 0.000
    endloop
  endfacet
  facet normal 0.000000 0.000000 -1.000000
    outer loop
      vertex 13.000 86.000 -6.000
      vertex 13.624 89.139 -6.000
      vertex 14.225 88.956 -6.000
    endloop
  endfacet
  facet normal 0.000000 0.000000 1.000000
    outer loop
      vertex 13.000 86.000 0.000
      vertex 14.225 88.956 0.000
      vertex 13.624 89.139 0.000
    endloop
  endfacet
  facet normal 0.098017 0.995185 0.000000
    outer loop
      vertex 13.624 89.139 -6.000
      vertex 13.000 89.200 -6.000
      vertex 13.000 89.200 0.000
    endloop
  endfacet
  facet normal 0.098017 0.995185 -0.000000
    outer loop
      vertex 13.624 89.139 -6.000
      vertex 13.000 89.200 0.000
      vertex 13.624 89.139 0.000
    endloop
  endfacet
  facet normal 0.000000 0.000000 -1.000000
    outer loop
      vertex 13.000 86.000 -6.000
      vertex 13.000 89.200 -6.000
      vertex 13.624 89.139 -6.000
    endloop
  endfacet
  facet normal 0.000000 0.000000 1.000000
    outer loop
      vertex 13.000 86.000 0.000
      vertex 13.624 89.139 0.000
      vertex 13.000 89.200 0.000
    endloop
  endfacet
  facet normal -0.098017 0.995185 0.000000
    outer loop
      vertex 13.000 89.200 -6.000
      vertex 12.376 89.139 -6.000
      vertex 12.376 89.139 0.000
    endloop
  endfacet
  facet normal -0.098017 0.995185 0.000000
    outer loop
      vertex 13.000 89.200 -6.000
      vertex 12.376 89.139 0.000
      vertex 13.000 89.200 0.000
    endloop
  endfacet
  facet normal 0.000000 0.000000 -1.000000
    outer loop
      vertex 13.000 86.000 -6.000
      vertex 12.376 89.139 -6.000
      vertex 13.000 89.200 -6.000
    endloop
  endfacet
  facet normal 0.000000 -0.000000 1.000000
    outer loop
      vertex 13.000 86.000 0.000
      vertex 13.000 89.200 0.000
      vertex 12.376 89.139 0.000
    endloop
  endfacet
  facet normal -0.290285 0.956940 0.000000
    outer loop
      vertex 12.376 89.139 -6.000
      vertex 11.775 88.956 -6.000
      vertex 11.775 88.956 0.000
    endloop
  endfacet
  facet normal -0.290285 0.956940 0.000000
    outer loop
      vertex 12.376 89.139 -6.000
      vertex 11.775 88.956 0.000
      vertex 12.376 89.139 0.000
    endloop
  endfacet
  facet normal 0.000000 0.000000 -1.000000
    outer loop
      vertex 13.000 86.000 -6.000
      vertex 11.775 88.956 -6.000
      vertex 12.376 89.139 -6.000
    endloop
  endfacet
  facet normal 0.000000 0.000000 1.000000
    outer loop
      vertex 13.000 86.000 0.000
      vertex 12.376 89.139 0.000
      vertex 11.775 88.956 0.000
    endloop
  endfacet
  facet normal -0.471397 0.881921 0.000000
    outer loop
      vertex 11.775 88.956 -6.000
      vertex 11.222 88.661 -6.000
      vertex 11.222 88.661 0.000
    endloop
  endfacet
  facet normal -0.471397 0.881921 0.000000
    outer loop
      vertex 11.775 88.956 -6.000
      vertex 11.222 88.661 0.000
      vertex 11.775 88.956 0.000
    endloop
  endfacet
  facet normal 0.000000 0.000000 -1.000000
    outer loop
      vertex 13.000 86.000 -6.000
      vertex 11.222 88.661 -6.000
      vertex 11.775 88.956 -6.000
    endloop
  endfacet
  facet normal 0.000000 0.000000 1.000000
    outer loop
      vertex 13.000 86.000 0.000
      vertex 11.775 88.956 0.000
      vertex 11.222 88.661 0.000
    endloop
  endfacet
  facet normal -0.634393 0.773010 0.000000
    outer loop
      vertex 11.222 88.661 -6.000
      vertex 10.737 88.263 -6.000
      vertex 10.737 88.263 0.000
    endloop
  endfacet
  facet normal -0.634393 0.773010 0.000000
    outer loop
      vertex 11.222 88.661 -6.000
      vertex 10.737 88.263 0.000
      vertex 11.222 88.661 0.000
    endloop
  endfacet
  facet normal 0.000000 0.000000 -1.000000
    outer loop
      vertex 13.000 86.000 -6.000
      vertex 10.737 88.263 -6.000
      vertex 11.222 88.661 -6.000
    endloop
  endfacet
  facet normal 0.000000 0.000000 1.000000
    outer loop
      vertex 13.000 86.000 0.000
      vertex 11.222 88.661 0.000
      vertex 10.737 88.263 0.000
    endloop
  endfacet
  facet normal -0.773010 0.634393 0.000000
    outer loop
      vertex 10.737 88.263 -6.000
      vertex 10.339 87.778 -6.000
      vertex 10.339 87.778 0.000
    endloop
  endfacet
  facet normal -0.773010 0.634393 0.000000
    outer loop
      vertex 10.737 88.263 -6.000
      vertex 10.339 87.778 0.000
      vertex 10.737 88.263 0.000
    endloop
  endfacet
  facet normal 0.000000 0.000000 -1.000000
    outer loop
      vertex 13.000 86.000 -6.000
      vertex 10.339 87.778 -6.000
      vertex 10.737 88.263 -6.000
    endloop
  endfacet
  facet normal 0.000000 0.000000 1.000000
    outer loop
      vertex 13.000 86.000 0.000
      vertex 10.737 88.263 0.000
      vertex 10.339 87.778 0.000
    endloop
  endfacet
  facet normal -0.881921 0.471397 0.000000
    outer loop
      vertex 10.339 87.778 -6.000
      vertex 10.044 87.225 -6.000
      vertex 10.044 87.225 0.000
    endloop
  endfacet
  facet normal -0.881921 0.471397 0.000000
    outer loop
      vertex 10.339 87.778 -6.000
      vertex 10.044 87.225 0.000
      vertex 10.339 87.778 0.000
    endloop
  endfacet
  facet normal 0.000000 0.000000 -1.000000
    outer loop
      vertex 13.000 86.000 -6.000
      vertex 10.044 87.225 -6.000
      vertex 10.339 87.778 -6.000
    endloop
  endfacet
  facet normal 0.000000 0.000000 1.000000
    outer loop
      vertex 13.000 86.000 0.000
      vertex 10.339 87.778 0.000
      vertex 10.044 87.225 0.000
    endloop
  endfacet
  facet normal -0.956940 0.290285 0.000000
    outer loop
      vertex 10.044 87.225 -6.000
      vertex 9.861 86.624 -6.000
      vertex 9.861 86.624 0.000
    endloop
  endfacet
  facet normal -0.956940 0.290285 0.000000
    outer loop
      vertex 10.044 87.225 -6.000
      vertex 9.861 86.624 0.000
      vertex 10.044 87.225 0.000
    endloop
  endfacet
  facet normal 0.000000 0.000000 -1.000000
    outer loop
      vertex 13.000 86.000 -6.000
      vertex 9.861 86.624 -6.000
      vertex 10.044 87.225 -6.000
    endloop
  endfacet
  facet normal 0.000000 0.000000 1.000000
    outer loop
      vertex 13.000 86.000 0.000
      vertex 10.044 87.225 0.000
      vertex 9.861 86.624 0.000
    endloop
  endfacet
  facet normal -0.995185 0.098017 0.000000
    outer loop
      vertex 9.861 86.624 -6.000
      vertex 9.800 86.000 -6.000
      vertex 9.800 86.000 0.000
    endloop
  endfacet
  facet normal -0.995185 0.098017 0.000000
    outer loop
      vertex 9.861 86.624 -6.000
      vertex 9.800 86.000 0.000
      vertex 9.861 86.624 0.000
    endloop
  endfacet
  facet normal 0.000000 0.000000 -1.000000
    outer loop
      vertex 13.000 86.000 -6.000
      vertex 9.800 86.000 -6.000
      vertex 9.861 86.624 -6.000
    endloop
  endfacet
  facet normal 0.000000 0.000000 1.000000
    outer loop
      vertex 13.000 86.000 0.000
      vertex 9.861 86.624 0.000
      vertex 9.800 86.000 0.000
    endloop
  endfacet
  facet normal -0.995185 -0.098017 0.000000
    outer loop
      vertex 9.800 86.000 -6.000
      vertex 9.861 85.376 -6.000
      vertex 9.861 85.376 0.000
    endloop
  endfacet
  facet normal -0.995185 -0.098017 0.000000
    outer loop
      vertex 9.800 86.000 -6.000
      vertex 9.861 85.376 0.000
      vertex 9.800 86.000 0.000
    endloop
  endfacet
  facet normal -0.000000 0.000000 -1.000000
    outer loop
      vertex 13.000 86.000 -6.000
      vertex 9.861 85.376 -6.000
      vertex 9.800 86.000 -6.000
    endloop
  endfacet
  facet normal 0.000000 0.000000 1.000000
    outer loop
      vertex 13.000 86.000 0.000
      vertex 9.800 86.000 0.000
      vertex 9.861 85.376 0.000
    endloop
  endfacet
  facet normal -0.956940 -0.290285 0.000000
    outer loop
      vertex 9.861 85.376 -6.000
      vertex 10.044 84.775 -6.000
      vertex 10.044 84.775 0.000
    endloop
  endfacet
  facet normal -0.956940 -0.290285 0.000000
    outer loop
      vertex 9.861 85.376 -6.000
      vertex 10.044 84.775 0.000
      vertex 9.861 85.376 0.000
    endloop
  endfacet
  facet normal 0.000000 0.000000 -1.000000
    outer loop
      vertex 13.000 86.000 -6.000
      vertex 10.044 84.775 -6.000
      vertex 9.861 85.376 -6.000
    endloop
  endfacet
  facet normal 0.000000 0.000000 1.000000
    outer loop
      vertex 13.000 86.000 0.000
      vertex 9.861 85.376 0.000
      vertex 10.044 84.775 0.000
    endloop
  endfacet
  facet normal -0.881921 -0.471397 0.000000
    outer loop
      vertex 10.044 84.775 -6.000
      vertex 10.339 84.222 -6.000
      vertex 10.339 84.222 0.000
    endloop
  endfacet
  facet normal -0.881921 -0.471397 0.000000
    outer loop
      vertex 10.044 84.775 -6.000
      vertex 10.339 84.222 0.000
      vertex 10.044 84.775 0.000
    endloop
  endfacet
  facet normal 0.000000 0.000000 -1.000000
    outer loop
      vertex 13.000 86.000 -6.000
      vertex 10.339 84.222 -6.000
      vertex 10.044 84.775 -6.000
    endloop
  endfacet
  facet normal 0.000000 0.000000 1.000000
    outer loop
      vertex 13.000 86.000 0.000
      vertex 10.044 84.775 0.000
      vertex 10.339 84.222 0.000
    endloop
  endfacet
  facet normal -0.773010 -0.634393 0.000000
    outer loop
      vertex 10.339 84.222 -6.000
      vertex 10.737 83.737 -6.000
      vertex 10.737 83.737 0.000
    endloop
  endfacet
  facet normal -0.773010 -0.634393 0.000000
    outer loop
      vertex 10.339 84.222 -6.000
      vertex 10.737 83.737 0.000
      vertex 10.339 84.222 0.000
    endloop
  endfacet
  facet normal 0.000000 0.000000 -1.000000
    outer loop
      vertex 13.000 86.000 -6.000
      vertex 10.737 83.737 -6.000
      vertex 10.339 84.222 -6.000
    endloop
  endfacet
  facet normal 0.000000 0.000000 1.000000
    outer loop
      vertex 13.000 86.000 0.000
      vertex 10.339 84.222 0.000
      vertex 10.737 83.737 0.000
    endloop
  endfacet
  facet normal -0.634393 -0.773010 0.000000
    outer loop
      vertex 10.737 83.737 -6.000
      vertex 11.222 83.339 -6.000
      vertex 11.222 83.339 0.000
    endloop
  endfacet
  facet normal -0.634393 -0.773010 0.000000
    outer loop
      vertex 10.737 83.737 -6.000
      vertex 11.222 83.339 0.000
      vertex 10.737 83.737 0.000
    endloop
  endfacet
  facet normal 0.000000 0.000000 -1.000000
    outer loop
      vertex 13.000 86.000 -6.000
      vertex 11.222 83.339 -6.000
      vertex 10.737 83.737 -6.000
    endloop
  endfacet
  facet normal 0.000000 0.000000 1.000000
    outer loop
      vertex 13.000 86.000 0.000
      vertex 10.737 83.737 0.000
      vertex 11.222 83.339 0.000
    endloop
  endfacet
  facet normal -0.471397 -0.881921 0.000000
    outer loop
      vertex 11.222 83.339 -6.000
      vertex 11.775 83.044 -6.000
      vertex 11.775 83.044 0.000
    endloop
  endfacet
  facet normal -0.471397 -0.881921 0.000000
    outer loop
      vertex 11.222 83.339 -6.000
      vertex 11.775 83.044 0.000
      vertex 11.222 83.339 0.000
    endloop
  endfacet
  facet normal 0.000000 0.000000 -1.000000
    outer loop
      vertex 13.000 86.000 -6.000
      vertex 11.775 83.044 -6.000
      vertex 11.222 83.339 -6.000
    endloop
  endfacet
  facet normal 0.000000 0.000000 1.000000
    outer loop
      vertex 13.000 86.000 0.000
      vertex 11.222 83.339 0.000
      vertex 11.775 83.044 0.000
    endloop
  endfacet
  facet normal -0.290285 -0.956940 0.000000
    outer loop
      vertex 11.775 83.044 -6.000
      vertex 12.376 82.861 -6.000
      vertex 12.376 82.861 0.000
    endloop
  endfacet
  facet normal -0.290285 -0.956940 0.000000
    outer loop
      vertex 11.775 83.044 -6.000
      vertex 12.376 82.861 0.000
      vertex 11.775 83.044 0.000
    endloop
  endfacet
  facet normal 0.000000 0.000000 -1.000000
    outer loop
      vertex 13.000 86.000 -6.000
      vertex 12.376 82.861 -6.000
      vertex 11.775 83.044 -6.000
    endloop
  endfacet
  facet normal 0.000000 0.000000 1.000000
    outer loop
      vertex 13.000 86.000 0.000
      vertex 11.775 83.044 0.000
      vertex 12.376 82.861 0.000
    endloop
  endfacet
  facet normal -0.098017 -0.995185 0.000000
    outer loop
      vertex 12.376 82.861 -6.000
      vertex 13.000 82.800 -6.000
      vertex 13.000 82.800 0.000
    endloop
  endfacet
  facet normal -0.098017 -0.995185 0.000000
    outer loop
      vertex 12.376 82.861 -6.000
      vertex 13.000 82.800 0.000
      vertex 12.376 82.861 0.000
    endloop
  endfacet
  facet normal 0.000000 -0.000000 -1.000000
    outer loop
      vertex 13.000 86.000 -6.000
      vertex 13.000 82.800 -6.000
      vertex 12.376 82.861 -6.000
    endloop
  endfacet
  facet normal 0.000000 0.000000 1.000000
    outer loop
      vertex 13.000 86.000 0.000
      vertex 12.376 82.861 0.000
      vertex 13.000 82.800 0.000
    endloop
  endfacet
  facet normal 0.098017 -0.995185 0.000000
    outer loop
      vertex 13.000 82.800 -6.000
      vertex 13.624 82.861 -6.000
      vertex 13.624 82.861 0.000
    endloop
  endfacet
  facet normal 0.098017 -0.995185 0.000000
    outer loop
      vertex 13.000 82.800 -6.000
      vertex 13.624 82.861 0.000
      vertex 13.000 82.800 0.000
    endloop
  endfacet
  facet normal 0.000000 0.000000 -1.000000
    outer loop
      vertex 13.000 86.000 -6.000
      vertex 13.624 82.861 -6.000
      vertex 13.000 82.800 -6.000
    endloop
  endfacet
  facet normal 0.000000 0.000000 1.000000
    outer loop
      vertex 13.000 86.000 0.000
      vertex 13.000 82.800 0.000
      vertex 13.624 82.861 0.000
    endloop
  endfacet
  facet normal 0.290285 -0.956940 0.000000
    outer loop
      vertex 13.624 82.861 -6.000
      vertex 14.225 83.044 -6.000
      vertex 14.225 83.044 0.000
    endloop
  endfacet
  facet normal 0.290285 -0.956940 0.000000
    outer loop
      vertex 13.624 82.861 -6.000
      vertex 14.225 83.044 0.000
      vertex 13.624 82.861 0.000
    endloop
  endfacet
  facet normal 0.000000 0.000000 -1.000000
    outer loop
      vertex 13.000 86.000 -6.000
      vertex 14.225 83.044 -6.000
      vertex 13.624 82.861 -6.000
    endloop
  endfacet
  facet normal 0.000000 0.000000 1.000000
    outer loop
      vertex 13.000 86.000 0.000
      vertex 13.624 82.861 0.000
      vertex 14.225 83.044 0.000
    endloop
  endfacet
  facet normal 0.471397 -0.881921 0.000000
    outer loop
      vertex 14.225 83.044 -6.000
      vertex 14.778 83.339 -6.000
      vertex 14.778 83.339 0.000
    endloop
  endfacet
  facet normal 0.471397 -0.881921 0.000000
    outer loop
      vertex 14.225 83.044 -6.000
      vertex 14.778 83.339 0.000
      vertex 14.225 83.044 0.000
    endloop
  endfacet
  facet normal 0.000000 0.000000 -1.000000
    outer loop
      vertex 13.000 86.000 -6.000
      vertex 14.778 83.339 -6.000
      vertex 14.225 83.044 -6.000
    endloop
  endfacet
  facet normal 0.000000 0.000000 1.000000
    outer loop
      vertex 13.000 86.000 0.000
      vertex 14.225 83.044 0.000
      vertex 14.778 83.339 0.000
    endloop
  endfacet
  facet normal 0.634393 -0.773010 0.000000
    outer loop
      vertex 14.778 83.339 -6.000
      vertex 15.263 83.737 -6.000
      vertex 15.263 83.737 0.000
    endloop
  endfacet
  facet normal 0.634393 -0.773010 0.000000
    outer loop
      vertex 14.778 83.339 -6.000
      vertex 15.263 83.737 0.000
      vertex 14.778 83.339 0.000
    endloop
  endfacet
  facet normal 0.000000 0.000000 -1.000000
    outer loop
      vertex 13.000 86.000 -6.000
      vertex 15.263 83.737 -6.000
      vertex 14.778 83.339 -6.000
    endloop
  endfacet
  facet normal 0.000000 0.000000 1.000000
    outer loop
      vertex 13.000 86.000 0.000
      vertex 14.778 83.339 0.000
      vertex 15.263 83.737 0.000
    endloop
  endfacet
  facet normal 0.773010 -0.634393 0.000000
    outer loop
      vertex 15.263 83.737 -6.000
      vertex 15.661 84.222 -6.000
      vertex 15.661 84.222 0.000
    endloop
  endfacet
  facet normal 0.773010 -0.634393 0.000000
    outer loop
      vertex 15.263 83.737 -6.000
      vertex 15.661 84.222 0.000
      vertex 15.263 83.737 0.000
    endloop
  endfacet
  facet normal 0.000000 0.000000 -1.000000
    outer loop
      vertex 13.000 86.000 -6.000
      vertex 15.661 84.222 -6.000
      vertex 15.263 83.737 -6.000
    endloop
  endfacet
  facet normal 0.000000 0.000000 1.000000
    outer loop
      vertex 13.000 86.000 0.000
      vertex 15.263 83.737 0.000
      vertex 15.661 84.222 0.000
    endloop
  endfacet
  facet normal 0.881921 -0.471397 0.000000
    outer loop
      vertex 15.661 84.222 -6.000
      vertex 15.956 84.775 -6.000
      vertex 15.956 84.775 0.000
    endloop
  endfacet
  facet normal 0.881921 -0.471397 0.000000
    outer loop
      vertex 15.661 84.222 -6.000
      vertex 15.956 84.775 0.000
      vertex 15.661 84.222 0.000
    endloop
  endfacet
  facet normal 0.000000 0.000000 -1.000000
    outer loop
      vertex 13.000 86.000 -6.000
      vertex 15.956 84.775 -6.000
      vertex 15.661 84.222 -6.000
    endloop
  endfacet
  facet normal 0.000000 0.000000 1.000000
    outer loop
      vertex 13.000 86.000 0.000
      vertex 15.661 84.222 0.000
      vertex 15.956 84.775 0.000
    endloop
  endfacet
  facet normal 0.956940 -0.290285 0.000000
    outer loop
      vertex 15.956 84.775 -6.000
      vertex 16.139 85.376 -6.000
      vertex 16.139 85.376 0.000
    endloop
  endfacet
  facet normal 0.956940 -0.290285 0.000000
    outer loop
      vertex 15.956 84.775 -6.000
      vertex 16.139 85.376 0.000
      vertex 15.956 84.775 0.000
    endloop
  endfacet
  facet normal 0.000000 0.000000 -1.000000
    outer loop
      vertex 13.000 86.000 -6.000
      vertex 16.139 85.376 -6.000
      vertex 15.956 84.775 -6.000
    endloop
  endfacet
  facet normal 0.000000 0.000000 1.000000
    outer loop
      vertex 13.000 86.000 0.000
      vertex 15.956 84.775 0.000
      vertex 16.139 85.376 0.000
    endloop
  endfacet
  facet normal 0.995185 -0.098017 0.000000
    outer loop
      vertex 16.139 85.376 -6.000
      vertex 16.200 86.000 -6.000
      vertex 16.200 86.000 0.000
    endloop
  endfacet
  facet normal 0.995185 -0.098017 0.000000
    outer loop
      vertex 16.139 85.376 -6.000
      vertex 16.200 86.000 0.000
      vertex 16.139 85.376 0.000
    endloop
  endfacet
  facet normal 0.000000 0.000000 -1.000000
    outer loop
      vertex 13.000 86.000 -6.000
      vertex 16.200 86.000 -6.000
      vertex 16.139 85.376 -6.000
    endloop
  endfacet
  facet normal -0.000000 0.000000 1.000000
    outer loop
      vertex 13.000 86.000 0.000
      vertex 16.139 85.376 0.000
      vertex 16.200 86.000 0.000
    endloop
  endfacet
  facet normal 0.995185 0.098017 0.000000
    outer loop
      vertex 14.100 86.000 0.000
      vertex 14.079 86.215 0.000
      vertex 14.079 86.215 1.200
    endloop
  endfacet
  facet normal 0.995185 0.098017 -0.000000
    outer loop
      vertex 14.100 86.000 0.000
      vertex 14.079 86.215 1.200
      vertex 14.100 86.000 1.200
    endloop
  endfacet
  facet normal 0.000000 0.000000 -1.000000
    outer loop
      vertex 13.000 86.000 0.000
      vertex 14.079 86.215 0.000
      vertex 14.100 86.000 0.000
    endloop
  endfacet
  facet normal 0.000000 0.000000 1.000000
    outer loop
      vertex 13.000 86.000 1.200
      vertex 14.100 86.000 1.200
      vertex 14.079 86.215 1.200
    endloop
  endfacet
  facet normal 0.956940 0.290285 0.000000
    outer loop
      vertex 14.079 86.215 0.000
      vertex 14.016 86.421 0.000
      vertex 14.016 86.421 1.200
    endloop
  endfacet
  facet normal 0.956940 0.290285 -0.000000
    outer loop
      vertex 14.079 86.215 0.000
      vertex 14.016 86.421 1.200
      vertex 14.079 86.215 1.200
    endloop
  endfacet
  facet normal 0.000000 0.000000 -1.000000
    outer loop
      vertex 13.000 86.000 0.000
      vertex 14.016 86.421 0.000
      vertex 14.079 86.215 0.000
    endloop
  endfacet
  facet normal 0.000000 0.000000 1.000000
    outer loop
      vertex 13.000 86.000 1.200
      vertex 14.079 86.215 1.200
      vertex 14.016 86.421 1.200
    endloop
  endfacet
  facet normal 0.881921 0.471397 0.000000
    outer loop
      vertex 14.016 86.421 0.000
      vertex 13.915 86.611 0.000
      vertex 13.915 86.611 1.200
    endloop
  endfacet
  facet normal 0.881921 0.471397 -0.000000
    outer loop
      vertex 14.016 86.421 0.000
      vertex 13.915 86.611 1.200
      vertex 14.016 86.421 1.200
    endloop
  endfacet
  facet normal 0.000000 0.000000 -1.000000
    outer loop
      vertex 13.000 86.000 0.000
      vertex 13.915 86.611 0.000
      vertex 14.016 86.421 0.000
    endloop
  endfacet
  facet normal 0.000000 0.000000 1.000000
    outer loop
      vertex 13.000 86.000 1.200
      vertex 14.016 86.421 1.200
      vertex 13.915 86.611 1.200
    endloop
  endfacet
  facet normal 0.773010 0.634393 0.000000
    outer loop
      vertex 13.915 86.611 0.000
      vertex 13.778 86.778 0.000
      vertex 13.778 86.778 1.200
    endloop
  endfacet
  facet normal 0.773010 0.634393 -0.000000
    outer loop
      vertex 13.915 86.611 0.000
      vertex 13.778 86.778 1.200
      vertex 13.915 86.611 1.200
    endloop
  endfacet
  facet normal 0.000000 0.000000 -1.000000
    outer loop
      vertex 13.000 86.000 0.000
      vertex 13.778 86.778 0.000
      vertex 13.915 86.611 0.000
    endloop
  endfacet
  facet normal 0.000000 0.000000 1.000000
    outer loop
      vertex 13.000 86.000 1.200
      vertex 13.915 86.611 1.200
      vertex 13.778 86.778 1.200
    endloop
  endfacet
  facet normal 0.634393 0.773010 0.000000
    outer loop
      vertex 13.778 86.778 0.000
      vertex 13.611 86.915 0.000
      vertex 13.611 86.915 1.200
    endloop
  endfacet
  facet normal 0.634393 0.773010 -0.000000
    outer loop
      vertex 13.778 86.778 0.000
      vertex 13.611 86.915 1.200
      vertex 13.778 86.778 1.200
    endloop
  endfacet
  facet normal 0.000000 0.000000 -1.000000
    outer loop
      vertex 13.000 86.000 0.000
      vertex 13.611 86.915 0.000
      vertex 13.778 86.778 0.000
    endloop
  endfacet
  facet normal 0.000000 0.000000 1.000000
    outer loop
      vertex 13.000 86.000 1.200
      vertex 13.778 86.778 1.200
      vertex 13.611 86.915 1.200
    endloop
  endfacet
  facet normal 0.471397 0.881921 0.000000
    outer loop
      vertex 13.611 86.915 0.000
      vertex 13.421 87.016 0.000
      vertex 13.421 87.016 1.200
    endloop
  endfacet
  facet normal 0.471397 0.881921 -0.000000
    outer loop
      vertex 13.611 86.915 0.000
      vertex 13.421 87.016 1.200
      vertex 13.611 86.915 1.200
    endloop
  endfacet
  facet normal 0.000000 0.000000 -1.000000
    outer loop
      vertex 13.000 86.000 0.000
      vertex 13.421 87.016 0.000
      vertex 13.611 86.915 0.000
    endloop
  endfacet
  facet normal 0.000000 0.000000 1.000000
    outer loop
      vertex 13.000 86.000 1.200
      vertex 13.611 86.915 1.200
      vertex 13.421 87.016 1.200
    endloop
  endfacet
  facet normal 0.290285 0.956940 0.000000
    outer loop
      vertex 13.421 87.016 0.000
      vertex 13.215 87.079 0.000
      vertex 13.215 87.079 1.200
    endloop
  endfacet
  facet normal 0.290285 0.956940 -0.000000
    outer loop
      vertex 13.421 87.016 0.000
      vertex 13.215 87.079 1.200
      vertex 13.421 87.016 1.200
    endloop
  endfacet
  facet normal 0.000000 0.000000 -1.000000
    outer loop
      vertex 13.000 86.000 0.000
      vertex 13.215 87.079 0.000
      vertex 13.421 87.016 0.000
    endloop
  endfacet
  facet normal 0.000000 0.000000 1.000000
    outer loop
      vertex 13.000 86.000 1.200
      vertex 13.421 87.016 1.200
      vertex 13.215 87.079 1.200
    endloop
  endfacet
  facet normal 0.098017 0.995185 0.000000
    outer loop
      vertex 13.215 87.079 0.000
      vertex 13.000 87.100 0.000
      vertex 13.000 87.100 1.200
    endloop
  endfacet
  facet normal 0.098017 0.995185 -0.000000
    outer loop
      vertex 13.215 87.079 0.000
      vertex 13.000 87.100 1.200
      vertex 13.215 87.079 1.200
    endloop
  endfacet
  facet normal 0.000000 0.000000 -1.000000
    outer loop
      vertex 13.000 86.000 0.000
      vertex 13.000 87.100 0.000
      vertex 13.215 87.079 0.000
    endloop
  endfacet
  facet normal 0.000000 0.000000 1.000000
    outer loop
      vertex 13.000 86.000 1.200
      vertex 13.215 87.079 1.200
      vertex 13.000 87.100 1.200
    endloop
  endfacet
  facet normal -0.098017 0.995185 0.000000
    outer loop
      vertex 13.000 87.100 0.000
      vertex 12.785 87.079 0.000
      vertex 12.785 87.079 1.200
    endloop
  endfacet
  facet normal -0.098017 0.995185 0.000000
    outer loop
      vertex 13.000 87.100 0.000
      vertex 12.785 87.079 1.200
      vertex 13.000 87.100 1.200
    endloop
  endfacet
  facet normal 0.000000 0.000000 -1.000000
    outer loop
      vertex 13.000 86.000 0.000
      vertex 12.785 87.079 0.000
      vertex 13.000 87.100 0.000
    endloop
  endfacet
  facet normal 0.000000 -0.000000 1.000000
    outer loop
      vertex 13.000 86.000 1.200
      vertex 13.000 87.100 1.200
      vertex 12.785 87.079 1.200
    endloop
  endfacet
  facet normal -0.290285 0.956940 0.000000
    outer loop
      vertex 12.785 87.079 0.000
      vertex 12.579 87.016 0.000
      vertex 12.579 87.016 1.200
    endloop
  endfacet
  facet normal -0.290285 0.956940 0.000000
    outer loop
      vertex 12.785 87.079 0.000
      vertex 12.579 87.016 1.200
      vertex 12.785 87.079 1.200
    endloop
  endfacet
  facet normal 0.000000 0.000000 -1.000000
    outer loop
      vertex 13.000 86.000 0.000
      vertex 12.579 87.016 0.000
      vertex 12.785 87.079 0.000
    endloop
  endfacet
  facet normal 0.000000 0.000000 1.000000
    outer loop
      vertex 13.000 86.000 1.200
      vertex 12.785 87.079 1.200
      vertex 12.579 87.016 1.200
    endloop
  endfacet
  facet normal -0.471397 0.881921 0.000000
    outer loop
      vertex 12.579 87.016 0.000
      vertex 12.389 86.915 0.000
      vertex 12.389 86.915 1.200
    endloop
  endfacet
  facet normal -0.471397 0.881921 0.000000
    outer loop
      vertex 12.579 87.016 0.000
      vertex 12.389 86.915 1.200
      vertex 12.579 87.016 1.200
    endloop
  endfacet
  facet normal 0.000000 0.000000 -1.000000
    outer loop
      vertex 13.000 86.000 0.000
      vertex 12.389 86.915 0.000
      vertex 12.579 87.016 0.000
    endloop
  endfacet
  facet normal 0.000000 0.000000 1.000000
    outer loop
      vertex 13.000 86.000 1.200
      vertex 12.579 87.016 1.200
      vertex 12.389 86.915 1.200
    endloop
  endfacet
  facet normal -0.634393 0.773010 0.000000
    outer loop
      vertex 12.389 86.915 0.000
      vertex 12.222 86.778 0.000
      vertex 12.222 86.778 1.200
    endloop
  endfacet
  facet normal -0.634393 0.773010 0.000000
    outer loop
      vertex 12.389 86.915 0.000
      vertex 12.222 86.778 1.200
      vertex 12.389 86.915 1.200
    endloop
  endfacet
  facet normal 0.000000 0.000000 -1.000000
    outer loop
      vertex 13.000 86.000 0.000
      vertex 12.222 86.778 0.000
      vertex 12.389 86.915 0.000
    endloop
  endfacet
  facet normal 0.000000 0.000000 1.000000
    outer loop
      vertex 13.000 86.000 1.200
      vertex 12.389 86.915 1.200
      vertex 12.222 86.778 1.200
    endloop
  endfacet
  facet normal -0.773010 0.634393 0.000000
    outer loop
      vertex 12.222 86.778 0.000
      vertex 12.085 86.611 0.000
      vertex 12.085 86.611 1.200
    endloop
  endfacet
  facet normal -0.773010 0.634393 0.000000
    outer loop
      vertex 12.222 86.778 0.000
      vertex 12.085 86.611 1.200
      vertex 12.222 86.778 1.200
    endloop
  endfacet
  facet normal 0.000000 0.000000 -1.000000
    outer loop
      vertex 13.000 86.000 0.000
      vertex 12.085 86.611 0.000
      vertex 12.222 86.778 0.000
    endloop
  endfacet
  facet normal 0.000000 0.000000 1.000000
    outer loop
      vertex 13.000 86.000 1.200
      vertex 12.222 86.778 1.200
      vertex 12.085 86.611 1.200
    endloop
  endfacet
  facet normal -0.881921 0.471397 0.000000
    outer loop
      vertex 12.085 86.611 0.000
      vertex 11.984 86.421 0.000
      vertex 11.984 86.421 1.200
    endloop
  endfacet
  facet normal -0.881921 0.471397 0.000000
    outer loop
      vertex 12.085 86.611 0.000
      vertex 11.984 86.421 1.200
      vertex 12.085 86.611 1.200
    endloop
  endfacet
  facet normal 0.000000 0.000000 -1.000000
    outer loop
      vertex 13.000 86.000 0.000
      vertex 11.984 86.421 0.000
      vertex 12.085 86.611 0.000
    endloop
  endfacet
  facet normal 0.000000 0.000000 1.000000
    outer loop
      vertex 13.000 86.000 1.200
      vertex 12.085 86.611 1.200
      vertex 11.984 86.421 1.200
    endloop
  endfacet
  facet normal -0.956940 0.290285 0.000000
    outer loop
      vertex 11.984 86.421 0.000
      vertex 11.921 86.215 0.000
      vertex 11.921 86.215 1.200
    endloop
  endfacet
  facet normal -0.956940 0.290285 0.000000
    outer loop
      vertex 11.984 86.421 0.000
      vertex 11.921 86.215 1.200
      vertex 11.984 86.421 1.200
    endloop
  endfacet
  facet normal 0.000000 0.000000 -1.000000
    outer loop
      vertex 13.000 86.000 0.000
      vertex 11.921 86.215 0.000
      vertex 11.984 86.421 0.000
    endloop
  endfacet
  facet normal 0.000000 0.000000 1.000000
    outer loop
      vertex 13.000 86.000 1.200
      vertex 11.984 86.421 1.200
      vertex 11.921 86.215 1.200
    endloop
  endfacet
  facet normal -0.995185 0.098017 0.000000
    outer loop
      vertex 11.921 86.215 0.000
      vertex 11.900 86.000 0.000
      vertex 11.900 86.000 1.200
    endloop
  endfacet
  facet normal -0.995185 0.098017 0.000000
    outer loop
      vertex 11.921 86.215 0.000
      vertex 11.900 86.000 1.200
      vertex 11.921 86.215 1.200
    endloop
  endfacet
  facet normal 0.000000 0.000000 -1.000000
    outer loop
      vertex 13.000 86.000 0.000
      vertex 11.900 86.000 0.000
      vertex 11.921 86.215 0.000
    endloop
  endfacet
  facet normal 0.000000 0.000000 1.000000
    outer loop
      vertex 13.000 86.000 1.200
      vertex 11.921 86.215 1.200
      vertex 11.900 86.000 1.200
    endloop
  endfacet
  facet normal -0.995185 -0.098017 0.000000
    outer loop
      vertex 11.900 86.000 0.000
      vertex 11.921 85.785 0.000
      vertex 11.921 85.785 1.200
    endloop
  endfacet
  facet normal -0.995185 -0.098017 0.000000
    outer loop
      vertex 11.900 86.000 0.000
      vertex 11.921 85.785 1.200
      vertex 11.900 86.000 1.200
    endloop
  endfacet
  facet normal -0.000000 0.000000 -1.000000
    outer loop
      vertex 13.000 86.000 0.000
      vertex 11.921 85.785 0.000
      vertex 11.900 86.000 0.000
    endloop
  endfacet
  facet normal 0.000000 0.000000 1.000000
    outer loop
      vertex 13.000 86.000 1.200
      vertex 11.900 86.000 1.200
      vertex 11.921 85.785 1.200
    endloop
  endfacet
  facet normal -0.956940 -0.290285 0.000000
    outer loop
      vertex 11.921 85.785 0.000
      vertex 11.984 85.579 0.000
      vertex 11.984 85.579 1.200
    endloop
  endfacet
  facet normal -0.956940 -0.290285 0.000000
    outer loop
      vertex 11.921 85.785 0.000
      vertex 11.984 85.579 1.200
      vertex 11.921 85.785 1.200
    endloop
  endfacet
  facet normal 0.000000 0.000000 -1.000000
    outer loop
      vertex 13.000 86.000 0.000
      vertex 11.984 85.579 0.000
      vertex 11.921 85.785 0.000
    endloop
  endfacet
  facet normal 0.000000 0.000000 1.000000
    outer loop
      vertex 13.000 86.000 1.200
      vertex 11.921 85.785 1.200
      vertex 11.984 85.579 1.200
    endloop
  endfacet
  facet normal -0.881921 -0.471397 0.000000
    outer loop
      vertex 11.984 85.579 0.000
      vertex 12.085 85.389 0.000
      vertex 12.085 85.389 1.200
    endloop
  endfacet
  facet normal -0.881921 -0.471397 0.000000
    outer loop
      vertex 11.984 85.579 0.000
      vertex 12.085 85.389 1.200
      vertex 11.984 85.579 1.200
    endloop
  endfacet
  facet normal 0.000000 0.000000 -1.000000
    outer loop
      vertex 13.000 86.000 0.000
      vertex 12.085 85.389 0.000
      vertex 11.984 85.579 0.000
    endloop
  endfacet
  facet normal 0.000000 0.000000 1.000000
    outer loop
      vertex 13.000 86.000 1.200
      vertex 11.984 85.579 1.200
      vertex 12.085 85.389 1.200
    endloop
  endfacet
  facet normal -0.773010 -0.634393 0.000000
    outer loop
      vertex 12.085 85.389 0.000
      vertex 12.222 85.222 0.000
      vertex 12.222 85.222 1.200
    endloop
  endfacet
  facet normal -0.773010 -0.634393 0.000000
    outer loop
      vertex 12.085 85.389 0.000
      vertex 12.222 85.222 1.200
      vertex 12.085 85.389 1.200
    endloop
  endfacet
  facet normal 0.000000 0.000000 -1.000000
    outer loop
      vertex 13.000 86.000 0.000
      vertex 12.222 85.222 0.000
      vertex 12.085 85.389 0.000
    endloop
  endfacet
  facet normal 0.000000 0.000000 1.000000
    outer loop
      vertex 13.000 86.000 1.200
      vertex 12.085 85.389 1.200
      vertex 12.222 85.222 1.200
    endloop
  endfacet
  facet normal -0.634393 -0.773010 0.000000
    outer loop
      vertex 12.222 85.222 0.000
      vertex 12.389 85.085 0.000
      vertex 12.389 85.085 1.200
    endloop
  endfacet
  facet normal -0.634393 -0.773010 0.000000
    outer loop
      vertex 12.222 85.222 0.000
      vertex 12.389 85.085 1.200
      vertex 12.222 85.222 1.200
    endloop
  endfacet
  facet normal 0.000000 0.000000 -1.000000
    outer loop
      vertex 13.000 86.000 0.000
      vertex 12.389 85.085 0.000
      vertex 12.222 85.222 0.000
    endloop
  endfacet
  facet normal 0.000000 0.000000 1.000000
    outer loop
      vertex 13.000 86.000 1.200
      vertex 12.222 85.222 1.200
      vertex 12.389 85.085 1.200
    endloop
  endfacet
  facet normal -0.471397 -0.881921 0.000000
    outer loop
      vertex 12.389 85.085 0.000
      vertex 12.579 84.984 0.000
      vertex 12.579 84.984 1.200
    endloop
  endfacet
  facet normal -0.471397 -0.881921 0.000000
    outer loop
      vertex 12.389 85.085 0.000
      vertex 12.579 84.984 1.200
      vertex 12.389 85.085 1.200
    endloop
  endfacet
  facet normal 0.000000 0.000000 -1.000000
    outer loop
      vertex 13.000 86.000 0.000
      vertex 12.579 84.984 0.000
      vertex 12.389 85.085 0.000
    endloop
  endfacet
  facet normal 0.000000 0.000000 1.000000
    outer loop
      vertex 13.000 86.000 1.200
      vertex 12.389 85.085 1.200
      vertex 12.579 84.984 1.200
    endloop
  endfacet
  facet normal -0.290285 -0.956940 0.000000
    outer loop
      vertex 12.579 84.984 0.000
      vertex 12.785 84.921 0.000
      vertex 12.785 84.921 1.200
    endloop
  endfacet
  facet normal -0.290285 -0.956940 0.000000
    outer loop
      vertex 12.579 84.984 0.000
      vertex 12.785 84.921 1.200
      vertex 12.579 84.984 1.200
    endloop
  endfacet
  facet normal 0.000000 0.000000 -1.000000
    outer loop
      vertex 13.000 86.000 0.000
      vertex 12.785 84.921 0.000
      vertex 12.579 84.984 0.000
    endloop
  endfacet
  facet normal 0.000000 0.000000 1.000000
    outer loop
      vertex 13.000 86.000 1.200
      vertex 12.579 84.984 1.200
      vertex 12.785 84.921 1.200
    endloop
  endfacet
  facet normal -0.098017 -0.995185 0.000000
    outer loop
      vertex 12.785 84.921 0.000
      vertex 13.000 84.900 0.000
      vertex 13.000 84.900 1.200
    endloop
  endfacet
  facet normal -0.098017 -0.995185 0.000000
    outer loop
      vertex 12.785 84.921 0.000
      vertex 13.000 84.900 1.200
      vertex 12.785 84.921 1.200
    endloop
  endfacet
  facet normal 0.000000 -0.000000 -1.000000
    outer loop
      vertex 13.000 86.000 0.000
      vertex 13.000 84.900 0.000
      vertex 12.785 84.921 0.000
    endloop
  endfacet
  facet normal 0.000000 0.000000 1.000000
    outer loop
      vertex 13.000 86.000 1.200
      vertex 12.785 84.921 1.200
      vertex 13.000 84.900 1.200
    endloop
  endfacet
  facet normal 0.098017 -0.995185 0.000000
    outer loop
      vertex 13.000 84.900 0.000
      vertex 13.215 84.921 0.000
      vertex 13.215 84.921 1.200
    endloop
  endfacet
  facet normal 0.098017 -0.995185 0.000000
    outer loop
      vertex 13.000 84.900 0.000
      vertex 13.215 84.921 1.200
      vertex 13.000 84.900 1.200
    endloop
  endfacet
  facet normal 0.000000 0.000000 -1.000000
    outer loop
      vertex 13.000 86.000 0.000
      vertex 13.215 84.921 0.000
      vertex 13.000 84.900 0.000
    endloop
  endfacet
  facet normal 0.000000 0.000000 1.000000
    outer loop
      vertex 13.000 86.000 1.200
      vertex 13.000 84.900 1.200
      vertex 13.215 84.921 1.200
    endloop
  endfacet
  facet normal 0.290285 -0.956940 0.000000
    outer loop
      vertex 13.215 84.921 0.000
      vertex 13.421 84.984 0.000
      vertex 13.421 84.984 1.200
    endloop
  endfacet
  facet normal 0.290285 -0.956940 0.000000
    outer loop
      vertex 13.215 84.921 0.000
      vertex 13.421 84.984 1.200
      vertex 13.215 84.921 1.200
    endloop
  endfacet
  facet normal 0.000000 0.000000 -1.000000
    outer loop
      vertex 13.000 86.000 0.000
      vertex 13.421 84.984 0.000
      vertex 13.215 84.921 0.000
    endloop
  endfacet
  facet normal 0.000000 0.000000 1.000000
    outer loop
      vertex 13.000 86.000 1.200
      vertex 13.215 84.921 1.200
      vertex 13.421 84.984 1.200
    endloop
  endfacet
  facet normal 0.471397 -0.881921 0.000000
    outer loop
      vertex 13.421 84.984 0.000
      vertex 13.611 85.085 0.000
      vertex 13.611 85.085 1.200
    endloop
  endfacet
  facet normal 0.471397 -0.881921 0.000000
    outer loop
      vertex 13.421 84.984 0.000
      vertex 13.611 85.085 1.200
      vertex 13.421 84.984 1.200
    endloop
  endfacet
  facet normal 0.000000 0.000000 -1.000000
    outer loop
      vertex 13.000 86.000 0.000
      vertex 13.611 85.085 0.000
      vertex 13.421 84.984 0.000
    endloop
  endfacet
  facet normal 0.000000 0.000000 1.000000
    outer loop
      vertex 13.000 86.000 1.200
      vertex 13.421 84.984 1.200
      vertex 13.611 85.085 1.200
    endloop
  endfacet
  facet normal 0.634393 -0.773010 0.000000
    outer loop
      vertex 13.611 85.085 0.000
      vertex 13.778 85.222 0.000
      vertex 13.778 85.222 1.200
    endloop
  endfacet
  facet normal 0.634393 -0.773010 0.000000
    outer loop
      vertex 13.611 85.085 0.000
      vertex 13.778 85.222 1.200
      vertex 13.611 85.085 1.200
    endloop
  endfacet
  facet normal 0.000000 0.000000 -1.000000
    outer loop
      vertex 13.000 86.000 0.000
      vertex 13.778 85.222 0.000
      vertex 13.611 85.085 0.000
    endloop
  endfacet
  facet normal 0.000000 0.000000 1.000000
    outer loop
      vertex 13.000 86.000 1.200
      vertex 13.611 85.085 1.200
      vertex 13.778 85.222 1.200
    endloop
  endfacet
  facet normal 0.773010 -0.634393 0.000000
    outer loop
      vertex 13.778 85.222 0.000
      vertex 13.915 85.389 0.000
      vertex 13.915 85.389 1.200
    endloop
  endfacet
  facet normal 0.773010 -0.634393 0.000000
    outer loop
      vertex 13.778 85.222 0.000
      vertex 13.915 85.389 1.200
      vertex 13.778 85.222 1.200
    endloop
  endfacet
  facet normal 0.000000 0.000000 -1.000000
    outer loop
      vertex 13.000 86.000 0.000
      vertex 13.915 85.389 0.000
      vertex 13.778 85.222 0.000
    endloop
  endfacet
  facet normal 0.000000 0.000000 1.000000
    outer loop
      vertex 13.000 86.000 1.200
      vertex 13.778 85.222 1.200
      vertex 13.915 85.389 1.200
    endloop
  endfacet
  facet normal 0.881921 -0.471397 0.000000
    outer loop
      vertex 13.915 85.389 0.000
      vertex 14.016 85.579 0.000
      vertex 14.016 85.579 1.200
    endloop
  endfacet
  facet normal 0.881921 -0.471397 0.000000
    outer loop
      vertex 13.915 85.389 0.000
      vertex 14.016 85.579 1.200
      vertex 13.915 85.389 1.200
    endloop
  endfacet
  facet normal 0.000000 0.000000 -1.000000
    outer loop
      vertex 13.000 86.000 0.000
      vertex 14.016 85.579 0.000
      vertex 13.915 85.389 0.000
    endloop
  endfacet
  facet normal 0.000000 0.000000 1.000000
    outer loop
      vertex 13.000 86.000 1.200
      vertex 13.915 85.389 1.200
      vertex 14.016 85.579 1.200
    endloop
  endfacet
  facet normal 0.956940 -0.290285 0.000000
    outer loop
      vertex 14.016 85.579 0.000
      vertex 14.079 85.785 0.000
      vertex 14.079 85.785 1.200
    endloop
  endfacet
  facet normal 0.956940 -0.290285 0.000000
    outer loop
      vertex 14.016 85.579 0.000
      vertex 14.079 85.785 1.200
      vertex 14.016 85.579 1.200
    endloop
  endfacet
  facet normal 0.000000 0.000000 -1.000000
    outer loop
      vertex 13.000 86.000 0.000
      vertex 14.079 85.785 0.000
      vertex 14.016 85.579 0.000
    endloop
  endfacet
  facet normal 0.000000 0.000000 1.000000
    outer loop
      vertex 13.000 86.000 1.200
      vertex 14.016 85.579 1.200
      vertex 14.079 85.785 1.200
    endloop
  endfacet
  facet normal 0.995185 -0.098017 0.000000
    outer loop
      vertex 14.079 85.785 0.000
      vertex 14.100 86.000 0.000
      vertex 14.100 86.000 1.200
    endloop
  endfacet
  facet normal 0.995185 -0.098017 0.000000
    outer loop
      vertex 14.079 85.785 0.000
      vertex 14.100 86.000 1.200
      vertex 14.079 85.785 1.200
    endloop
  endfacet
  facet normal 0.000000 0.000000 -1.000000
    outer loop
      vertex 13.000 86.000 0.000
      vertex 14.100 86.000 0.000
      vertex 14.079 85.785 0.000
    endloop
  endfacet
  facet normal -0.000000 0.000000 1.000000
    outer loop
      vertex 13.000 86.000 1.200
      vertex 14.079 85.785 1.200
      vertex 14.100 86.000 1.200
    endloop
  endfacet
  facet normal 0.995185 0.098017 0.000000
    outer loop
      vertex 85.200 86.000 -6.000
      vertex 85.139 86.624 -6.000
      vertex 85.139 86.624 0.000
    endloop
  endfacet
  facet normal 0.995185 0.098017 -0.000000
    outer loop
      vertex 85.200 86.000 -6.000
      vertex 85.139 86.624 0.000
      vertex 85.200 86.000 0.000
    endloop
  endfacet
  facet normal 0.000000 0.000000 -1.000000
    outer loop
      vertex 82.000 86.000 -6.000
      vertex 85.139 86.624 -6.000
      vertex 85.200 86.000 -6.000
    endloop
  endfacet
  facet normal 0.000000 0.000000 1.000000
    outer loop
      vertex 82.000 86.000 0.000
      vertex 85.200 86.000 0.000
      vertex 85.139 86.624 0.000
    endloop
  endfacet
  facet normal 0.956940 0.290285 0.000000
    outer loop
      vertex 85.139 86.624 -6.000
      vertex 84.956 87.225 -6.000
      vertex 84.956 87.225 0.000
    endloop
  endfacet
  facet normal 0.956940 0.290285 -0.000000
    outer loop
      vertex 85.139 86.624 -6.000
      vertex 84.956 87.225 0.000
      vertex 85.139 86.624 0.000
    endloop
  endfacet
  facet normal 0.000000 0.000000 -1.000000
    outer loop
      vertex 82.000 86.000 -6.000
      vertex 84.956 87.225 -6.000
      vertex 85.139 86.624 -6.000
    endloop
  endfacet
  facet normal 0.000000 0.000000 1.000000
    outer loop
      vertex 82.000 86.000 0.000
      vertex 85.139 86.624 0.000
      vertex 84.956 87.225 0.000
    endloop
  endfacet
  facet normal 0.881921 0.471397 0.000000
    outer loop
      vertex 84.956 87.225 -6.000
      vertex 84.661 87.778 -6.000
      vertex 84.661 87.778 0.000
    endloop
  endfacet
  facet normal 0.881921 0.471397 -0.000000
    outer loop
      vertex 84.956 87.225 -6.000
      vertex 84.661 87.778 0.000
      vertex 84.956 87.225 0.000
    endloop
  endfacet
  facet normal 0.000000 0.000000 -1.000000
    outer loop
      vertex 82.000 86.000 -6.000
      vertex 84.661 87.778 -6.000
      vertex 84.956 87.225 -6.000
    endloop
  endfacet
  facet normal 0.000000 0.000000 1.000000
    outer loop
      vertex 82.000 86.000 0.000
      vertex 84.956 87.225 0.000
      vertex 84.661 87.778 0.000
    endloop
  endfacet
  facet normal 0.773010 0.634393 0.000000
    outer loop
      vertex 84.661 87.778 -6.000
      vertex 84.263 88.263 -6.000
      vertex 84.263 88.263 0.000
    endloop
  endfacet
  facet normal 0.773010 0.634393 -0.000000
    outer loop
      vertex 84.661 87.778 -6.000
      vertex 84.263 88.263 0.000
      vertex 84.661 87.778 0.000
    endloop
  endfacet
  facet normal 0.000000 0.000000 -1.000000
    outer loop
      vertex 82.000 86.000 -6.000
      vertex 84.263 88.263 -6.000
      vertex 84.661 87.778 -6.000
    endloop
  endfacet
  facet normal 0.000000 0.000000 1.000000
    outer loop
      vertex 82.000 86.000 0.000
      vertex 84.661 87.778 0.000
      vertex 84.263 88.263 0.000
    endloop
  endfacet
  facet normal 0.634393 0.773010 0.000000
    outer loop
      vertex 84.263 88.263 -6.000
      vertex 83.778 88.661 -6.000
      vertex 83.778 88.661 0.000
    endloop
  endfacet
  facet normal 0.634393 0.773010 -0.000000
    outer loop
      vertex 84.263 88.263 -6.000
      vertex 83.778 88.661 0.000
      vertex 84.263 88.263 0.000
    endloop
  endfacet
  facet normal 0.000000 0.000000 -1.000000
    outer loop
      vertex 82.000 86.000 -6.000
      vertex 83.778 88.661 -6.000
      vertex 84.263 88.263 -6.000
    endloop
  endfacet
  facet normal 0.000000 0.000000 1.000000
    outer loop
      vertex 82.000 86.000 0.000
      vertex 84.263 88.263 0.000
      vertex 83.778 88.661 0.000
    endloop
  endfacet
  facet normal 0.471397 0.881921 0.000000
    outer loop
      vertex 83.778 88.661 -6.000
      vertex 83.225 88.956 -6.000
      vertex 83.225 88.956 0.000
    endloop
  endfacet
  facet normal 0.471397 0.881921 -0.000000
    outer loop
      vertex 83.778 88.661 -6.000
      vertex 83.225 88.956 0.000
      vertex 83.778 88.661 0.000
    endloop
  endfacet
  facet normal 0.000000 0.000000 -1.000000
    outer loop
      vertex 82.000 86.000 -6.000
      vertex 83.225 88.956 -6.000
      vertex 83.778 88.661 -6.000
    endloop
  endfacet
  facet normal 0.000000 0.000000 1.000000
    outer loop
      vertex 82.000 86.000 0.000
      vertex 83.778 88.661 0.000
      vertex 83.225 88.956 0.000
    endloop
  endfacet
  facet normal 0.290285 0.956940 0.000000
    outer loop
      vertex 83.225 88.956 -6.000
      vertex 82.624 89.139 -6.000
      vertex 82.624 89.139 0.000
    endloop
  endfacet
  facet normal 0.290285 0.956940 -0.000000
    outer loop
      vertex 83.225 88.956 -6.000
      vertex 82.624 89.139 0.000
      vertex 83.225 88.956 0.000
    endloop
  endfacet
  facet normal 0.000000 0.000000 -1.000000
    outer loop
      vertex 82.000 86.000 -6.000
      vertex 82.624 89.139 -6.000
      vertex 83.225 88.956 -6.000
    endloop
  endfacet
  facet normal 0.000000 0.000000 1.000000
    outer loop
      vertex 82.000 86.000 0.000
      vertex 83.225 88.956 0.000
      vertex 82.624 89.139 0.000
    endloop
  endfacet
  facet normal 0.098017 0.995185 0.000000
    outer loop
      vertex 82.624 89.139 -6.000
      vertex 82.000 89.200 -6.000
      vertex 82.000 89.200 0.000
    endloop
  endfacet
  facet normal 0.098017 0.995185 -0.000000
    outer loop
      vertex 82.624 89.139 -6.000
      vertex 82.000 89.200 0.000
      vertex 82.624 89.139 0.000
    endloop
  endfacet
  facet normal 0.000000 0.000000 -1.000000
    outer loop
      vertex 82.000 86.000 -6.000
      vertex 82.000 89.200 -6.000
      vertex 82.624 89.139 -6.000
    endloop
  endfacet
  facet normal 0.000000 0.000000 1.000000
    outer loop
      vertex 82.000 86.000 0.000
      vertex 82.624 89.139 0.000
      vertex 82.000 89.200 0.000
    endloop
  endfacet
  facet normal -0.098017 0.995185 0.000000
    outer loop
      vertex 82.000 89.200 -6.000
      vertex 81.376 89.139 -6.000
      vertex 81.376 89.139 0.000
    endloop
  endfacet
  facet normal -0.098017 0.995185 0.000000
    outer loop
      vertex 82.000 89.200 -6.000
      vertex 81.376 89.139 0.000
      vertex 82.000 89.200 0.000
    endloop
  endfacet
  facet normal 0.000000 0.000000 -1.000000
    outer loop
      vertex 82.000 86.000 -6.000
      vertex 81.376 89.139 -6.000
      vertex 82.000 89.200 -6.000
    endloop
  endfacet
  facet normal 0.000000 -0.000000 1.000000
    outer loop
      vertex 82.000 86.000 0.000
      vertex 82.000 89.200 0.000
      vertex 81.376 89.139 0.000
    endloop
  endfacet
  facet normal -0.290285 0.956940 0.000000
    outer loop
      vertex 81.376 89.139 -6.000
      vertex 80.775 88.956 -6.000
      vertex 80.775 88.956 0.000
    endloop
  endfacet
  facet normal -0.290285 0.956940 0.000000
    outer loop
      vertex 81.376 89.139 -6.000
      vertex 80.775 88.956 0.000
      vertex 81.376 89.139 0.000
    endloop
  endfacet
  facet normal 0.000000 0.000000 -1.000000
    outer loop
      vertex 82.000 86.000 -6.000
      vertex 80.775 88.956 -6.000
      vertex 81.376 89.139 -6.000
    endloop
  endfacet
  facet normal 0.000000 0.000000 1.000000
    outer loop
      vertex 82.000 86.000 0.000
      vertex 81.376 89.139 0.000
      vertex 80.775 88.956 0.000
    endloop
  endfacet
  facet normal -0.471397 0.881921 0.000000
    outer loop
      vertex 80.775 88.956 -6.000
      vertex 80.222 88.661 -6.000
      vertex 80.222 88.661 0.000
    endloop
  endfacet
  facet normal -0.471397 0.881921 0.000000
    outer loop
      vertex 80.775 88.956 -6.000
      vertex 80.222 88.661 0.000
      vertex 80.775 88.956 0.000
    endloop
  endfacet
  facet normal 0.000000 0.000000 -1.000000
    outer loop
      vertex 82.000 86.000 -6.000
      vertex 80.222 88.661 -6.000
      vertex 80.775 88.956 -6.000
    endloop
  endfacet
  facet normal 0.000000 0.000000 1.000000
    outer loop
      vertex 82.000 86.000 0.000
      vertex 80.775 88.956 0.000
      vertex 80.222 88.661 0.000
    endloop
  endfacet
  facet normal -0.634393 0.773010 0.000000
    outer loop
      vertex 80.222 88.661 -6.000
      vertex 79.737 88.263 -6.000
      vertex 79.737 88.263 0.000
    endloop
  endfacet
  facet normal -0.634393 0.773010 0.000000
    outer loop
      vertex 80.222 88.661 -6.000
      vertex 79.737 88.263 0.000
      vertex 80.222 88.661 0.000
    endloop
  endfacet
  facet normal 0.000000 0.000000 -1.000000
    outer loop
      vertex 82.000 86.000 -6.000
      vertex 79.737 88.263 -6.000
      vertex 80.222 88.661 -6.000
    endloop
  endfacet
  facet normal 0.000000 0.000000 1.000000
    outer loop
      vertex 82.000 86.000 0.000
      vertex 80.222 88.661 0.000
      vertex 79.737 88.263 0.000
    endloop
  endfacet
  facet normal -0.773010 0.634393 0.000000
    outer loop
      vertex 79.737 88.263 -6.000
      vertex 79.339 87.778 -6.000
      vertex 79.339 87.778 0.000
    endloop
  endfacet
  facet normal -0.773010 0.634393 0.000000
    outer loop
      vertex 79.737 88.263 -6.000
      vertex 79.339 87.778 0.000
      vertex 79.737 88.263 0.000
    endloop
  endfacet
  facet normal 0.000000 0.000000 -1.000000
    outer loop
      vertex 82.000 86.000 -6.000
      vertex 79.339 87.778 -6.000
      vertex 79.737 88.263 -6.000
    endloop
  endfacet
  facet normal 0.000000 0.000000 1.000000
    outer loop
      vertex 82.000 86.000 0.000
      vertex 79.737 88.263 0.000
      vertex 79.339 87.778 0.000
    endloop
  endfacet
  facet normal -0.881921 0.471397 0.000000
    outer loop
      vertex 79.339 87.778 -6.000
      vertex 79.044 87.225 -6.000
      vertex 79.044 87.225 0.000
    endloop
  endfacet
  facet normal -0.881921 0.471397 0.000000
    outer loop
      vertex 79.339 87.778 -6.000
      vertex 79.044 87.225 0.000
      vertex 79.339 87.778 0.000
    endloop
  endfacet
  facet normal 0.000000 0.000000 -1.000000
    outer loop
      vertex 82.000 86.000 -6.000
      vertex 79.044 87.225 -6.000
      vertex 79.339 87.778 -6.000
    endloop
  endfacet
  facet normal 0.000000 0.000000 1.000000
    outer loop
      vertex 82.000 86.000 0.000
      vertex 79.339 87.778 0.000
      vertex 79.044 87.225 0.000
    endloop
  endfacet
  facet normal -0.956940 0.290285 0.000000
    outer loop
      vertex 79.044 87.225 -6.000
      vertex 78.861 86.624 -6.000
      vertex 78.861 86.624 0.000
    endloop
  endfacet
  facet normal -0.956940 0.290285 0.000000
    outer loop
      vertex 79.044 87.225 -6.000
      vertex 78.861 86.624 0.000
      vertex 79.044 87.225 0.000
    endloop
  endfacet
  facet normal 0.000000 0.000000 -1.000000
    outer loop
      vertex 82.000 86.000 -6.000
      vertex 78.861 86.624 -6.000
      vertex 79.044 87.225 -6.000
    endloop
  endfacet
  facet normal 0.000000 0.000000 1.000000
    outer loop
      vertex 82.000 86.000 0.000
      vertex 79.044 87.225 0.000
      vertex 78.861 86.624 0.000
    endloop
  endfacet
  facet normal -0.995185 0.098017 0.000000
    outer loop
      vertex 78.861 86.624 -6.000
      vertex 78.800 86.000 -6.000
      vertex 78.800 86.000 0.000
    endloop
  endfacet
  facet normal -0.995185 0.098017 0.000000
    outer loop
      vertex 78.861 86.624 -6.000
      vertex 78.800 86.000 0.000
      vertex 78.861 86.624 0.000
    endloop
  endfacet
  facet normal 0.000000 0.000000 -1.000000
    outer loop
      vertex 82.000 86.000 -6.000
      vertex 78.800 86.000 -6.000
      vertex 78.861 86.624 -6.000
    endloop
  endfacet
  facet normal 0.000000 0.000000 1.000000
    outer loop
      vertex 82.000 86.000 0.000
      vertex 78.861 86.624 0.000
      vertex 78.800 86.000 0.000
    endloop
  endfacet
  facet normal -0.995185 -0.098017 0.000000
    outer loop
      vertex 78.800 86.000 -6.000
      vertex 78.861 85.376 -6.000
      vertex 78.861 85.376 0.000
    endloop
  endfacet
  facet normal -0.995185 -0.098017 0.000000
    outer loop
      vertex 78.800 86.000 -6.000
      vertex 78.861 85.376 0.000
      vertex 78.800 86.000 0.000
    endloop
  endfacet
  facet normal -0.000000 0.000000 -1.000000
    outer loop
      vertex 82.000 86.000 -6.000
      vertex 78.861 85.376 -6.000
      vertex 78.800 86.000 -6.000
    endloop
  endfacet
  facet normal 0.000000 0.000000 1.000000
    outer loop
      vertex 82.000 86.000 0.000
      vertex 78.800 86.000 0.000
      vertex 78.861 85.376 0.000
    endloop
  endfacet
  facet normal -0.956940 -0.290285 0.000000
    outer loop
      vertex 78.861 85.376 -6.000
      vertex 79.044 84.775 -6.000
      vertex 79.044 84.775 0.000
    endloop
  endfacet
  facet normal -0.956940 -0.290285 0.000000
    outer loop
      vertex 78.861 85.376 -6.000
      vertex 79.044 84.775 0.000
      vertex 78.861 85.376 0.000
    endloop
  endfacet
  facet normal 0.000000 0.000000 -1.000000
    outer loop
      vertex 82.000 86.000 -6.000
      vertex 79.044 84.775 -6.000
      vertex 78.861 85.376 -6.000
    endloop
  endfacet
  facet normal 0.000000 0.000000 1.000000
    outer loop
      vertex 82.000 86.000 0.000
      vertex 78.861 85.376 0.000
      vertex 79.044 84.775 0.000
    endloop
  endfacet
  facet normal -0.881921 -0.471397 0.000000
    outer loop
      vertex 79.044 84.775 -6.000
      vertex 79.339 84.222 -6.000
      vertex 79.339 84.222 0.000
    endloop
  endfacet
  facet normal -0.881921 -0.471397 0.000000
    outer loop
      vertex 79.044 84.775 -6.000
      vertex 79.339 84.222 0.000
      vertex 79.044 84.775 0.000
    endloop
  endfacet
  facet normal 0.000000 0.000000 -1.000000
    outer loop
      vertex 82.000 86.000 -6.000
      vertex 79.339 84.222 -6.000
      vertex 79.044 84.775 -6.000
    endloop
  endfacet
  facet normal 0.000000 0.000000 1.000000
    outer loop
      vertex 82.000 86.000 0.000
      vertex 79.044 84.775 0.000
      vertex 79.339 84.222 0.000
    endloop
  endfacet
  facet normal -0.773010 -0.634393 0.000000
    outer loop
      vertex 79.339 84.222 -6.000
      vertex 79.737 83.737 -6.000
      vertex 79.737 83.737 0.000
    endloop
  endfacet
  facet normal -0.773010 -0.634393 0.000000
    outer loop
      vertex 79.339 84.222 -6.000
      vertex 79.737 83.737 0.000
      vertex 79.339 84.222 0.000
    endloop
  endfacet
  facet normal 0.000000 0.000000 -1.000000
    outer loop
      vertex 82.000 86.000 -6.000
      vertex 79.737 83.737 -6.000
      vertex 79.339 84.222 -6.000
    endloop
  endfacet
  facet normal 0.000000 0.000000 1.000000
    outer loop
      vertex 82.000 86.000 0.000
      vertex 79.339 84.222 0.000
      vertex 79.737 83.737 0.000
    endloop
  endfacet
  facet normal -0.634393 -0.773010 0.000000
    outer loop
      vertex 79.737 83.737 -6.000
      vertex 80.222 83.339 -6.000
      vertex 80.222 83.339 0.000
    endloop
  endfacet
  facet normal -0.634393 -0.773010 0.000000
    outer loop
      vertex 79.737 83.737 -6.000
      vertex 80.222 83.339 0.000
      vertex 79.737 83.737 0.000
    endloop
  endfacet
  facet normal 0.000000 0.000000 -1.000000
    outer loop
      vertex 82.000 86.000 -6.000
      vertex 80.222 83.339 -6.000
      vertex 79.737 83.737 -6.000
    endloop
  endfacet
  facet normal 0.000000 0.000000 1.000000
    outer loop
      vertex 82.000 86.000 0.000
      vertex 79.737 83.737 0.000
      vertex 80.222 83.339 0.000
    endloop
  endfacet
  facet normal -0.471397 -0.881921 0.000000
    outer loop
      vertex 80.222 83.339 -6.000
      vertex 80.775 83.044 -6.000
      vertex 80.775 83.044 0.000
    endloop
  endfacet
  facet normal -0.471397 -0.881921 0.000000
    outer loop
      vertex 80.222 83.339 -6.000
      vertex 80.775 83.044 0.000
      vertex 80.222 83.339 0.000
    endloop
  endfacet
  facet normal 0.000000 0.000000 -1.000000
    outer loop
      vertex 82.000 86.000 -6.000
      vertex 80.775 83.044 -6.000
      vertex 80.222 83.339 -6.000
    endloop
  endfacet
  facet normal 0.000000 0.000000 1.000000
    outer loop
      vertex 82.000 86.000 0.000
      vertex 80.222 83.339 0.000
      vertex 80.775 83.044 0.000
    endloop
  endfacet
  facet normal -0.290285 -0.956940 0.000000
    outer loop
      vertex 80.775 83.044 -6.000
      vertex 81.376 82.861 -6.000
      vertex 81.376 82.861 0.000
    endloop
  endfacet
  facet normal -0.290285 -0.956940 0.000000
    outer loop
      vertex 80.775 83.044 -6.000
      vertex 81.376 82.861 0.000
      vertex 80.775 83.044 0.000
    endloop
  endfacet
  facet normal 0.000000 0.000000 -1.000000
    outer loop
      vertex 82.000 86.000 -6.000
      vertex 81.376 82.861 -6.000
      vertex 80.775 83.044 -6.000
    endloop
  endfacet
  facet normal 0.000000 0.000000 1.000000
    outer loop
      vertex 82.000 86.000 0.000
      vertex 80.775 83.044 0.000
      vertex 81.376 82.861 0.000
    endloop
  endfacet
  facet normal -0.098017 -0.995185 0.000000
    outer loop
      vertex 81.376 82.861 -6.000
      vertex 82.000 82.800 -6.000
      vertex 82.000 82.800 0.000
    endloop
  endfacet
  facet normal -0.098017 -0.995185 0.000000
    outer loop
      vertex 81.376 82.861 -6.000
      vertex 82.000 82.800 0.000
      vertex 81.376 82.861 0.000
    endloop
  endfacet
  facet normal 0.000000 -0.000000 -1.000000
    outer loop
      vertex 82.000 86.000 -6.000
      vertex 82.000 82.800 -6.000
      vertex 81.376 82.861 -6.000
    endloop
  endfacet
  facet normal 0.000000 0.000000 1.000000
    outer loop
      vertex 82.000 86.000 0.000
      vertex 81.376 82.861 0.000
      vertex 82.000 82.800 0.000
    endloop
  endfacet
  facet normal 0.098017 -0.995185 0.000000
    outer loop
      vertex 82.000 82.800 -6.000
      vertex 82.624 82.861 -6.000
      vertex 82.624 82.861 0.000
    endloop
  endfacet
  facet normal 0.098017 -0.995185 0.000000
    outer loop
      vertex 82.000 82.800 -6.000
      vertex 82.624 82.861 0.000
      vertex 82.000 82.800 0.000
    endloop
  endfacet
  facet normal 0.000000 0.000000 -1.000000
    outer loop
      vertex 82.000 86.000 -6.000
      vertex 82.624 82.861 -6.000
      vertex 82.000 82.800 -6.000
    endloop
  endfacet
  facet normal 0.000000 0.000000 1.000000
    outer loop
      vertex 82.000 86.000 0.000
      vertex 82.000 82.800 0.000
      vertex 82.624 82.861 0.000
    endloop
  endfacet
  facet normal 0.290285 -0.956940 0.000000
    outer loop
      vertex 82.624 82.861 -6.000
      vertex 83.225 83.044 -6.000
      vertex 83.225 83.044 0.000
    endloop
  endfacet
  facet normal 0.290285 -0.956940 0.000000
    outer loop
      vertex 82.624 82.861 -6.000
      vertex 83.225 83.044 0.000
      vertex 82.624 82.861 0.000
    endloop
  endfacet
  facet normal 0.000000 0.000000 -1.000000
    outer loop
      vertex 82.000 86.000 -6.000
      vertex 83.225 83.044 -6.000
      vertex 82.624 82.861 -6.000
    endloop
  endfacet
  facet normal 0.000000 0.000000 1.000000
    outer loop
      vertex 82.000 86.000 0.000
      vertex 82.624 82.861 0.000
      vertex 83.225 83.044 0.000
    endloop
  endfacet
  facet normal 0.471397 -0.881921 0.000000
    outer loop
      vertex 83.225 83.044 -6.000
      vertex 83.778 83.339 -6.000
      vertex 83.778 83.339 0.000
    endloop
  endfacet
  facet normal 0.471397 -0.881921 0.000000
    outer loop
      vertex 83.225 83.044 -6.000
      vertex 83.778 83.339 0.000
      vertex 83.225 83.044 0.000
    endloop
  endfacet
  facet normal 0.000000 0.000000 -1.000000
    outer loop
      vertex 82.000 86.000 -6.000
      vertex 83.778 83.339 -6.000
      vertex 83.225 83.044 -6.000
    endloop
  endfacet
  facet normal 0.000000 0.000000 1.000000
    outer loop
      vertex 82.000 86.000 0.000
      vertex 83.225 83.044 0.000
      vertex 83.778 83.339 0.000
    endloop
  endfacet
  facet normal 0.634393 -0.773010 0.000000
    outer loop
      vertex 83.778 83.339 -6.000
      vertex 84.263 83.737 -6.000
      vertex 84.263 83.737 0.000
    endloop
  endfacet
  facet normal 0.634393 -0.773010 0.000000
    outer loop
      vertex 83.778 83.339 -6.000
      vertex 84.263 83.737 0.000
      vertex 83.778 83.339 0.000
    endloop
  endfacet
  facet normal 0.000000 0.000000 -1.000000
    outer loop
      vertex 82.000 86.000 -6.000
      vertex 84.263 83.737 -6.000
      vertex 83.778 83.339 -6.000
    endloop
  endfacet
  facet normal 0.000000 0.000000 1.000000
    outer loop
      vertex 82.000 86.000 0.000
      vertex 83.778 83.339 0.000
      vertex 84.263 83.737 0.000
    endloop
  endfacet
  facet normal 0.773010 -0.634393 0.000000
    outer loop
      vertex 84.263 83.737 -6.000
      vertex 84.661 84.222 -6.000
      vertex 84.661 84.222 0.000
    endloop
  endfacet
  facet normal 0.773010 -0.634393 0.000000
    outer loop
      vertex 84.263 83.737 -6.000
      vertex 84.661 84.222 0.000
      vertex 84.263 83.737 0.000
    endloop
  endfacet
  facet normal 0.000000 0.000000 -1.000000
    outer loop
      vertex 82.000 86.000 -6.000
      vertex 84.661 84.222 -6.000
      vertex 84.263 83.737 -6.000
    endloop
  endfacet
  facet normal 0.000000 0.000000 1.000000
    outer loop
      vertex 82.000 86.000 0.000
      vertex 84.263 83.737 0.000
      vertex 84.661 84.222 0.000
    endloop
  endfacet
  facet normal 0.881921 -0.471397 0.000000
    outer loop
      vertex 84.661 84.222 -6.000
      vertex 84.956 84.775 -6.000
      vertex 84.956 84.775 0.000
    endloop
  endfacet
  facet normal 0.881921 -0.471397 0.000000
    outer loop
      vertex 84.661 84.222 -6.000
      vertex 84.956 84.775 0.000
      vertex 84.661 84.222 0.000
    endloop
  endfacet
  facet normal 0.000000 0.000000 -1.000000
    outer loop
      vertex 82.000 86.000 -6.000
      vertex 84.956 84.775 -6.000
      vertex 84.661 84.222 -6.000
    endloop
  endfacet
  facet normal 0.000000 0.000000 1.000000
    outer loop
      vertex 82.000 86.000 0.000
      vertex 84.661 84.222 0.000
      vertex 84.956 84.775 0.000
    endloop
  endfacet
  facet normal 0.956940 -0.290285 0.000000
    outer loop
      vertex 84.956 84.775 -6.000
      vertex 85.139 85.376 -6.000
      vertex 85.139 85.376 0.000
    endloop
  endfacet
  facet normal 0.956940 -0.290285 0.000000
    outer loop
      vertex 84.956 84.775 -6.000
      vertex 85.139 85.376 0.000
      vertex 84.956 84.775 0.000
    endloop
  endfacet
  facet normal 0.000000 0.000000 -1.000000
    outer loop
      vertex 82.000 86.000 -6.000
      vertex 85.139 85.376 -6.000
      vertex 84.956 84.775 -6.000
    endloop
  endfacet
  facet normal 0.000000 0.000000 1.000000
    outer loop
      vertex 82.000 86.000 0.000
      vertex 84.956 84.775 0.000
      vertex 85.139 85.376 0.000
    endloop
  endfacet
  facet normal 0.995185 -0.098017 0.000000
    outer loop
      vertex 85.139 85.376 -6.000
      vertex 85.200 86.000 -6.000
      vertex 85.200 86.000 0.000
    endloop
  endfacet
  facet normal 0.995185 -0.098017 0.000000
    outer loop
      vertex 85.139 85.376 -6.000
      vertex 85.200 86.000 0.000
      vertex 85.139 85.376 0.000
    endloop
  endfacet
  facet normal 0.000000 0.000000 -1.000000
    outer loop
      vertex 82.000 86.000 -6.000
      vertex 85.200 86.000 -6.000
      vertex 85.139 85.376 -6.000
    endloop
  endfacet
  facet normal -0.000000 0.000000 1.000000
    outer loop
      vertex 82.000 86.000 0.000
      vertex 85.139 85.376 0.000
      vertex 85.200 86.000 0.000
    endloop
  endfacet
  facet normal 0.995185 0.098017 0.000000
    outer loop
      vertex 83.100 86.000 0.000
      vertex 83.079 86.215 0.000
      vertex 83.079 86.215 1.200
    endloop
  endfacet
  facet normal 0.995185 0.098017 -0.000000
    outer loop
      vertex 83.100 86.000 0.000
      vertex 83.079 86.215 1.200
      vertex 83.100 86.000 1.200
    endloop
  endfacet
  facet normal 0.000000 0.000000 -1.000000
    outer loop
      vertex 82.000 86.000 0.000
      vertex 83.079 86.215 0.000
      vertex 83.100 86.000 0.000
    endloop
  endfacet
  facet normal 0.000000 0.000000 1.000000
    outer loop
      vertex 82.000 86.000 1.200
      vertex 83.100 86.000 1.200
      vertex 83.079 86.215 1.200
    endloop
  endfacet
  facet normal 0.956940 0.290285 0.000000
    outer loop
      vertex 83.079 86.215 0.000
      vertex 83.016 86.421 0.000
      vertex 83.016 86.421 1.200
    endloop
  endfacet
  facet normal 0.956940 0.290285 -0.000000
    outer loop
      vertex 83.079 86.215 0.000
      vertex 83.016 86.421 1.200
      vertex 83.079 86.215 1.200
    endloop
  endfacet
  facet normal 0.000000 0.000000 -1.000000
    outer loop
      vertex 82.000 86.000 0.000
      vertex 83.016 86.421 0.000
      vertex 83.079 86.215 0.000
    endloop
  endfacet
  facet normal 0.000000 0.000000 1.000000
    outer loop
      vertex 82.000 86.000 1.200
      vertex 83.079 86.215 1.200
      vertex 83.016 86.421 1.200
    endloop
  endfacet
  facet normal 0.881921 0.471397 0.000000
    outer loop
      vertex 83.016 86.421 0.000
      vertex 82.915 86.611 0.000
      vertex 82.915 86.611 1.200
    endloop
  endfacet
  facet normal 0.881921 0.471397 -0.000000
    outer loop
      vertex 83.016 86.421 0.000
      vertex 82.915 86.611 1.200
      vertex 83.016 86.421 1.200
    endloop
  endfacet
  facet normal 0.000000 0.000000 -1.000000
    outer loop
      vertex 82.000 86.000 0.000
      vertex 82.915 86.611 0.000
      vertex 83.016 86.421 0.000
    endloop
  endfacet
  facet normal 0.000000 0.000000 1.000000
    outer loop
      vertex 82.000 86.000 1.200
      vertex 83.016 86.421 1.200
      vertex 82.915 86.611 1.200
    endloop
  endfacet
  facet normal 0.773010 0.634393 0.000000
    outer loop
      vertex 82.915 86.611 0.000
      vertex 82.778 86.778 0.000
      vertex 82.778 86.778 1.200
    endloop
  endfacet
  facet normal 0.773010 0.634393 -0.000000
    outer loop
      vertex 82.915 86.611 0.000
      vertex 82.778 86.778 1.200
      vertex 82.915 86.611 1.200
    endloop
  endfacet
  facet normal 0.000000 0.000000 -1.000000
    outer loop
      vertex 82.000 86.000 0.000
      vertex 82.778 86.778 0.000
      vertex 82.915 86.611 0.000
    endloop
  endfacet
  facet normal 0.000000 0.000000 1.000000
    outer loop
      vertex 82.000 86.000 1.200
      vertex 82.915 86.611 1.200
      vertex 82.778 86.778 1.200
    endloop
  endfacet
  facet normal 0.634393 0.773010 0.000000
    outer loop
      vertex 82.778 86.778 0.000
      vertex 82.611 86.915 0.000
      vertex 82.611 86.915 1.200
    endloop
  endfacet
  facet normal 0.634393 0.773010 -0.000000
    outer loop
      vertex 82.778 86.778 0.000
      vertex 82.611 86.915 1.200
      vertex 82.778 86.778 1.200
    endloop
  endfacet
  facet normal 0.000000 0.000000 -1.000000
    outer loop
      vertex 82.000 86.000 0.000
      vertex 82.611 86.915 0.000
      vertex 82.778 86.778 0.000
    endloop
  endfacet
  facet normal 0.000000 0.000000 1.000000
    outer loop
      vertex 82.000 86.000 1.200
      vertex 82.778 86.778 1.200
      vertex 82.611 86.915 1.200
    endloop
  endfacet
  facet normal 0.471397 0.881921 0.000000
    outer loop
      vertex 82.611 86.915 0.000
      vertex 82.421 87.016 0.000
      vertex 82.421 87.016 1.200
    endloop
  endfacet
  facet normal 0.471397 0.881921 -0.000000
    outer loop
      vertex 82.611 86.915 0.000
      vertex 82.421 87.016 1.200
      vertex 82.611 86.915 1.200
    endloop
  endfacet
  facet normal 0.000000 0.000000 -1.000000
    outer loop
      vertex 82.000 86.000 0.000
      vertex 82.421 87.016 0.000
      vertex 82.611 86.915 0.000
    endloop
  endfacet
  facet normal 0.000000 0.000000 1.000000
    outer loop
      vertex 82.000 86.000 1.200
      vertex 82.611 86.915 1.200
      vertex 82.421 87.016 1.200
    endloop
  endfacet
  facet normal 0.290285 0.956940 0.000000
    outer loop
      vertex 82.421 87.016 0.000
      vertex 82.215 87.079 0.000
      vertex 82.215 87.079 1.200
    endloop
  endfacet
  facet normal 0.290285 0.956940 -0.000000
    outer loop
      vertex 82.421 87.016 0.000
      vertex 82.215 87.079 1.200
      vertex 82.421 87.016 1.200
    endloop
  endfacet
  facet normal 0.000000 0.000000 -1.000000
    outer loop
      vertex 82.000 86.000 0.000
      vertex 82.215 87.079 0.000
      vertex 82.421 87.016 0.000
    endloop
  endfacet
  facet normal 0.000000 0.000000 1.000000
    outer loop
      vertex 82.000 86.000 1.200
      vertex 82.421 87.016 1.200
      vertex 82.215 87.079 1.200
    endloop
  endfacet
  facet normal 0.098017 0.995185 0.000000
    outer loop
      vertex 82.215 87.079 0.000
      vertex 82.000 87.100 0.000
      vertex 82.000 87.100 1.200
    endloop
  endfacet
  facet normal 0.098017 0.995185 -0.000000
    outer loop
      vertex 82.215 87.079 0.000
      vertex 82.000 87.100 1.200
      vertex 82.215 87.079 1.200
    endloop
  endfacet
  facet normal 0.000000 0.000000 -1.000000
    outer loop
      vertex 82.000 86.000 0.000
      vertex 82.000 87.100 0.000
      vertex 82.215 87.079 0.000
    endloop
  endfacet
  facet normal 0.000000 0.000000 1.000000
    outer loop
      vertex 82.000 86.000 1.200
      vertex 82.215 87.079 1.200
      vertex 82.000 87.100 1.200
    endloop
  endfacet
  facet normal -0.098017 0.995185 0.000000
    outer loop
      vertex 82.000 87.100 0.000
      vertex 81.785 87.079 0.000
      vertex 81.785 87.079 1.200
    endloop
  endfacet
  facet normal -0.098017 0.995185 0.000000
    outer loop
      vertex 82.000 87.100 0.000
      vertex 81.785 87.079 1.200
      vertex 82.000 87.100 1.200
    endloop
  endfacet
  facet normal 0.000000 0.000000 -1.000000
    outer loop
      vertex 82.000 86.000 0.000
      vertex 81.785 87.079 0.000
      vertex 82.000 87.100 0.000
    endloop
  endfacet
  facet normal 0.000000 -0.000000 1.000000
    outer loop
      vertex 82.000 86.000 1.200
      vertex 82.000 87.100 1.200
      vertex 81.785 87.079 1.200
    endloop
  endfacet
  facet normal -0.290285 0.956940 0.000000
    outer loop
      vertex 81.785 87.079 0.000
      vertex 81.579 87.016 0.000
      vertex 81.579 87.016 1.200
    endloop
  endfacet
  facet normal -0.290285 0.956940 0.000000
    outer loop
      vertex 81.785 87.079 0.000
      vertex 81.579 87.016 1.200
      vertex 81.785 87.079 1.200
    endloop
  endfacet
  facet normal 0.000000 0.000000 -1.000000
    outer loop
      vertex 82.000 86.000 0.000
      vertex 81.579 87.016 0.000
      vertex 81.785 87.079 0.000
    endloop
  endfacet
  facet normal 0.000000 0.000000 1.000000
    outer loop
      vertex 82.000 86.000 1.200
      vertex 81.785 87.079 1.200
      vertex 81.579 87.016 1.200
    endloop
  endfacet
  facet normal -0.471397 0.881921 0.000000
    outer loop
      vertex 81.579 87.016 0.000
      vertex 81.389 86.915 0.000
      vertex 81.389 86.915 1.200
    endloop
  endfacet
  facet normal -0.471397 0.881921 0.000000
    outer loop
      vertex 81.579 87.016 0.000
      vertex 81.389 86.915 1.200
      vertex 81.579 87.016 1.200
    endloop
  endfacet
  facet normal 0.000000 0.000000 -1.000000
    outer loop
      vertex 82.000 86.000 0.000
      vertex 81.389 86.915 0.000
      vertex 81.579 87.016 0.000
    endloop
  endfacet
  facet normal 0.000000 0.000000 1.000000
    outer loop
      vertex 82.000 86.000 1.200
      vertex 81.579 87.016 1.200
      vertex 81.389 86.915 1.200
    endloop
  endfacet
  facet normal -0.634393 0.773010 0.000000
    outer loop
      vertex 81.389 86.915 0.000
      vertex 81.222 86.778 0.000
      vertex 81.222 86.778 1.200
    endloop
  endfacet
  facet normal -0.634393 0.773010 0.000000
    outer loop
      vertex 81.389 86.915 0.000
      vertex 81.222 86.778 1.200
      vertex 81.389 86.915 1.200
    endloop
  endfacet
  facet normal 0.000000 0.000000 -1.000000
    outer loop
      vertex 82.000 86.000 0.000
      vertex 81.222 86.778 0.000
      vertex 81.389 86.915 0.000
    endloop
  endfacet
  facet normal 0.000000 0.000000 1.000000
    outer loop
      vertex 82.000 86.000 1.200
      vertex 81.389 86.915 1.200
      vertex 81.222 86.778 1.200
    endloop
  endfacet
  facet normal -0.773010 0.634393 0.000000
    outer loop
      vertex 81.222 86.778 0.000
      vertex 81.085 86.611 0.000
      vertex 81.085 86.611 1.200
    endloop
  endfacet
  facet normal -0.773010 0.634393 0.000000
    outer loop
      vertex 81.222 86.778 0.000
      vertex 81.085 86.611 1.200
      vertex 81.222 86.778 1.200
    endloop
  endfacet
  facet normal 0.000000 0.000000 -1.000000
    outer loop
      vertex 82.000 86.000 0.000
      vertex 81.085 86.611 0.000
      vertex 81.222 86.778 0.000
    endloop
  endfacet
  facet normal 0.000000 0.000000 1.000000
    outer loop
      vertex 82.000 86.000 1.200
      vertex 81.222 86.778 1.200
      vertex 81.085 86.611 1.200
    endloop
  endfacet
  facet normal -0.881921 0.471397 0.000000
    outer loop
      vertex 81.085 86.611 0.000
      vertex 80.984 86.421 0.000
      vertex 80.984 86.421 1.200
    endloop
  endfacet
  facet normal -0.881921 0.471397 0.000000
    outer loop
      vertex 81.085 86.611 0.000
      vertex 80.984 86.421 1.200
      vertex 81.085 86.611 1.200
    endloop
  endfacet
  facet normal 0.000000 0.000000 -1.000000
    outer loop
      vertex 82.000 86.000 0.000
      vertex 80.984 86.421 0.000
      vertex 81.085 86.611 0.000
    endloop
  endfacet
  facet normal 0.000000 0.000000 1.000000
    outer loop
      vertex 82.000 86.000 1.200
      vertex 81.085 86.611 1.200
      vertex 80.984 86.421 1.200
    endloop
  endfacet
  facet normal -0.956940 0.290285 0.000000
    outer loop
      vertex 80.984 86.421 0.000
      vertex 80.921 86.215 0.000
      vertex 80.921 86.215 1.200
    endloop
  endfacet
  facet normal -0.956940 0.290285 0.000000
    outer loop
      vertex 80.984 86.421 0.000
      vertex 80.921 86.215 1.200
      vertex 80.984 86.421 1.200
    endloop
  endfacet
  facet normal 0.000000 0.000000 -1.000000
    outer loop
      vertex 82.000 86.000 0.000
      vertex 80.921 86.215 0.000
      vertex 80.984 86.421 0.000
    endloop
  endfacet
  facet normal 0.000000 0.000000 1.000000
    outer loop
      vertex 82.000 86.000 1.200
      vertex 80.984 86.421 1.200
      vertex 80.921 86.215 1.200
    endloop
  endfacet
  facet normal -0.995185 0.098017 0.000000
    outer loop
      vertex 80.921 86.215 0.000
      vertex 80.900 86.000 0.000
      vertex 80.900 86.000 1.200
    endloop
  endfacet
  facet normal -0.995185 0.098017 0.000000
    outer loop
      vertex 80.921 86.215 0.000
      vertex 80.900 86.000 1.200
      vertex 80.921 86.215 1.200
    endloop
  endfacet
  facet normal 0.000000 0.000000 -1.000000
    outer loop
      vertex 82.000 86.000 0.000
      vertex 80.900 86.000 0.000
      vertex 80.921 86.215 0.000
    endloop
  endfacet
  facet normal 0.000000 0.000000 1.000000
    outer loop
      vertex 82.000 86.000 1.200
      vertex 80.921 86.215 1.200
      vertex 80.900 86.000 1.200
    endloop
  endfacet
  facet normal -0.995185 -0.098017 0.000000
    outer loop
      vertex 80.900 86.000 0.000
      vertex 80.921 85.785 0.000
      vertex 80.921 85.785 1.200
    endloop
  endfacet
  facet normal -0.995185 -0.098017 0.000000
    outer loop
      vertex 80.900 86.000 0.000
      vertex 80.921 85.785 1.200
      vertex 80.900 86.000 1.200
    endloop
  endfacet
  facet normal -0.000000 0.000000 -1.000000
    outer loop
      vertex 82.000 86.000 0.000
      vertex 80.921 85.785 0.000
      vertex 80.900 86.000 0.000
    endloop
  endfacet
  facet normal 0.000000 0.000000 1.000000
    outer loop
      vertex 82.000 86.000 1.200
      vertex 80.900 86.000 1.200
      vertex 80.921 85.785 1.200
    endloop
  endfacet
  facet normal -0.956940 -0.290285 0.000000
    outer loop
      vertex 80.921 85.785 0.000
      vertex 80.984 85.579 0.000
      vertex 80.984 85.579 1.200
    endloop
  endfacet
  facet normal -0.956940 -0.290285 0.000000
    outer loop
      vertex 80.921 85.785 0.000
      vertex 80.984 85.579 1.200
      vertex 80.921 85.785 1.200
    endloop
  endfacet
  facet normal 0.000000 0.000000 -1.000000
    outer loop
      vertex 82.000 86.000 0.000
      vertex 80.984 85.579 0.000
      vertex 80.921 85.785 0.000
    endloop
  endfacet
  facet normal 0.000000 0.000000 1.000000
    outer loop
      vertex 82.000 86.000 1.200
      vertex 80.921 85.785 1.200
      vertex 80.984 85.579 1.200
    endloop
  endfacet
  facet normal -0.881921 -0.471397 0.000000
    outer loop
      vertex 80.984 85.579 0.000
      vertex 81.085 85.389 0.000
      vertex 81.085 85.389 1.200
    endloop
  endfacet
  facet normal -0.881921 -0.471397 0.000000
    outer loop
      vertex 80.984 85.579 0.000
      vertex 81.085 85.389 1.200
      vertex 80.984 85.579 1.200
    endloop
  endfacet
  facet normal 0.000000 0.000000 -1.000000
    outer loop
      vertex 82.000 86.000 0.000
      vertex 81.085 85.389 0.000
      vertex 80.984 85.579 0.000
    endloop
  endfacet
  facet normal 0.000000 0.000000 1.000000
    outer loop
      vertex 82.000 86.000 1.200
      vertex 80.984 85.579 1.200
      vertex 81.085 85.389 1.200
    endloop
  endfacet
  facet normal -0.773010 -0.634393 0.000000
    outer loop
      vertex 81.085 85.389 0.000
      vertex 81.222 85.222 0.000
      vertex 81.222 85.222 1.200
    endloop
  endfacet
  facet normal -0.773010 -0.634393 0.000000
    outer loop
      vertex 81.085 85.389 0.000
      vertex 81.222 85.222 1.200
      vertex 81.085 85.389 1.200
    endloop
  endfacet
  facet normal 0.000000 0.000000 -1.000000
    outer loop
      vertex 82.000 86.000 0.000
      vertex 81.222 85.222 0.000
      vertex 81.085 85.389 0.000
    endloop
  endfacet
  facet normal 0.000000 0.000000 1.000000
    outer loop
      vertex 82.000 86.000 1.200
      vertex 81.085 85.389 1.200
      vertex 81.222 85.222 1.200
    endloop
  endfacet
  facet normal -0.634393 -0.773010 0.000000
    outer loop
      vertex 81.222 85.222 0.000
      vertex 81.389 85.085 0.000
      vertex 81.389 85.085 1.200
    endloop
  endfacet
  facet normal -0.634393 -0.773010 0.000000
    outer loop
      vertex 81.222 85.222 0.000
      vertex 81.389 85.085 1.200
      vertex 81.222 85.222 1.200
    endloop
  endfacet
  facet normal 0.000000 0.000000 -1.000000
    outer loop
      vertex 82.000 86.000 0.000
      vertex 81.389 85.085 0.000
      vertex 81.222 85.222 0.000
    endloop
  endfacet
  facet normal 0.000000 0.000000 1.000000
    outer loop
      vertex 82.000 86.000 1.200
      vertex 81.222 85.222 1.200
      vertex 81.389 85.085 1.200
    endloop
  endfacet
  facet normal -0.471397 -0.881921 0.000000
    outer loop
      vertex 81.389 85.085 0.000
      vertex 81.579 84.984 0.000
      vertex 81.579 84.984 1.200
    endloop
  endfacet
  facet normal -0.471397 -0.881921 0.000000
    outer loop
      vertex 81.389 85.085 0.000
      vertex 81.579 84.984 1.200
      vertex 81.389 85.085 1.200
    endloop
  endfacet
  facet normal 0.000000 0.000000 -1.000000
    outer loop
      vertex 82.000 86.000 0.000
      vertex 81.579 84.984 0.000
      vertex 81.389 85.085 0.000
    endloop
  endfacet
  facet normal 0.000000 0.000000 1.000000
    outer loop
      vertex 82.000 86.000 1.200
      vertex 81.389 85.085 1.200
      vertex 81.579 84.984 1.200
    endloop
  endfacet
  facet normal -0.290285 -0.956940 0.000000
    outer loop
      vertex 81.579 84.984 0.000
      vertex 81.785 84.921 0.000
      vertex 81.785 84.921 1.200
    endloop
  endfacet
  facet normal -0.290285 -0.956940 0.000000
    outer loop
      vertex 81.579 84.984 0.000
      vertex 81.785 84.921 1.200
      vertex 81.579 84.984 1.200
    endloop
  endfacet
  facet normal 0.000000 0.000000 -1.000000
    outer loop
      vertex 82.000 86.000 0.000
      vertex 81.785 84.921 0.000
      vertex 81.579 84.984 0.000
    endloop
  endfacet
  facet normal 0.000000 0.000000 1.000000
    outer loop
      vertex 82.000 86.000 1.200
      vertex 81.579 84.984 1.200
      vertex 81.785 84.921 1.200
    endloop
  endfacet
  facet normal -0.098017 -0.995185 0.000000
    outer loop
      vertex 81.785 84.921 0.000
      vertex 82.000 84.900 0.000
      vertex 82.000 84.900 1.200
    endloop
  endfacet
  facet normal -0.098017 -0.995185 0.000000
    outer loop
      vertex 81.785 84.921 0.000
      vertex 82.000 84.900 1.200
      vertex 81.785 84.921 1.200
    endloop
  endfacet
  facet normal 0.000000 -0.000000 -1.000000
    outer loop
      vertex 82.000 86.000 0.000
      vertex 82.000 84.900 0.000
      vertex 81.785 84.921 0.000
    endloop
  endfacet
  facet normal 0.000000 0.000000 1.000000
    outer loop
      vertex 82.000 86.000 1.200
      vertex 81.785 84.921 1.200
      vertex 82.000 84.900 1.200
    endloop
  endfacet
  facet normal 0.098017 -0.995185 0.000000
    outer loop
      vertex 82.000 84.900 0.000
      vertex 82.215 84.921 0.000
      vertex 82.215 84.921 1.200
    endloop
  endfacet
  facet normal 0.098017 -0.995185 0.000000
    outer loop
      vertex 82.000 84.900 0.000
      vertex 82.215 84.921 1.200
      vertex 82.000 84.900 1.200
    endloop
  endfacet
  facet normal 0.000000 0.000000 -1.000000
    outer loop
      vertex 82.000 86.000 0.000
      vertex 82.215 84.921 0.000
      vertex 82.000 84.900 0.000
    endloop
  endfacet
  facet normal 0.000000 0.000000 1.000000
    outer loop
      vertex 82.000 86.000 1.200
      vertex 82.000 84.900 1.200
      vertex 82.215 84.921 1.200
    endloop
  endfacet
  facet normal 0.290285 -0.956940 0.000000
    outer loop
      vertex 82.215 84.921 0.000
      vertex 82.421 84.984 0.000
      vertex 82.421 84.984 1.200
    endloop
  endfacet
  facet normal 0.290285 -0.956940 0.000000
    outer loop
      vertex 82.215 84.921 0.000
      vertex 82.421 84.984 1.200
      vertex 82.215 84.921 1.200
    endloop
  endfacet
  facet normal 0.000000 0.000000 -1.000000
    outer loop
      vertex 82.000 86.000 0.000
      vertex 82.421 84.984 0.000
      vertex 82.215 84.921 0.000
    endloop
  endfacet
  facet normal 0.000000 0.000000 1.000000
    outer loop
      vertex 82.000 86.000 1.200
      vertex 82.215 84.921 1.200
      vertex 82.421 84.984 1.200
    endloop
  endfacet
  facet normal 0.471397 -0.881921 0.000000
    outer loop
      vertex 82.421 84.984 0.000
      vertex 82.611 85.085 0.000
      vertex 82.611 85.085 1.200
    endloop
  endfacet
  facet normal 0.471397 -0.881921 0.000000
    outer loop
      vertex 82.421 84.984 0.000
      vertex 82.611 85.085 1.200
      vertex 82.421 84.984 1.200
    endloop
  endfacet
  facet normal 0.000000 0.000000 -1.000000
    outer loop
      vertex 82.000 86.000 0.000
      vertex 82.611 85.085 0.000
      vertex 82.421 84.984 0.000
    endloop
  endfacet
  facet normal 0.000000 0.000000 1.000000
    outer loop
      vertex 82.000 86.000 1.200
      vertex 82.421 84.984 1.200
      vertex 82.611 85.085 1.200
    endloop
  endfacet
  facet normal 0.634393 -0.773010 0.000000
    outer loop
      vertex 82.611 85.085 0.000
      vertex 82.778 85.222 0.000
      vertex 82.778 85.222 1.200
    endloop
  endfacet
  facet normal 0.634393 -0.773010 0.000000
    outer loop
      vertex 82.611 85.085 0.000
      vertex 82.778 85.222 1.200
      vertex 82.611 85.085 1.200
    endloop
  endfacet
  facet normal 0.000000 0.000000 -1.000000
    outer loop
      vertex 82.000 86.000 0.000
      vertex 82.778 85.222 0.000
      vertex 82.611 85.085 0.000
    endloop
  endfacet
  facet normal 0.000000 0.000000 1.000000
    outer loop
      vertex 82.000 86.000 1.200
      vertex 82.611 85.085 1.200
      vertex 82.778 85.222 1.200
    endloop
  endfacet
  facet normal 0.773010 -0.634393 0.000000
    outer loop
      vertex 82.778 85.222 0.000
      vertex 82.915 85.389 0.000
      vertex 82.915 85.389 1.200
    endloop
  endfacet
  facet normal 0.773010 -0.634393 0.000000
    outer loop
      vertex 82.778 85.222 0.000
      vertex 82.915 85.389 1.200
      vertex 82.778 85.222 1.200
    endloop
  endfacet
  facet normal 0.000000 0.000000 -1.000000
    outer loop
      vertex 82.000 86.000 0.000
      vertex 82.915 85.389 0.000
      vertex 82.778 85.222 0.000
    endloop
  endfacet
  facet normal 0.000000 0.000000 1.000000
    outer loop
      vertex 82.000 86.000 1.200
      vertex 82.778 85.222 1.200
      vertex 82.915 85.389 1.200
    endloop
  endfacet
  facet normal 0.881921 -0.471397 0.000000
    outer loop
      vertex 82.915 85.389 0.000
      vertex 83.016 85.579 0.000
      vertex 83.016 85.579 1.200
    endloop
  endfacet
  facet normal 0.881921 -0.471397 0.000000
    outer loop
      vertex 82.915 85.389 0.000
      vertex 83.016 85.579 1.200
      vertex 82.915 85.389 1.200
    endloop
  endfacet
  facet normal 0.000000 0.000000 -1.000000
    outer loop
      vertex 82.000 86.000 0.000
      vertex 83.016 85.579 0.000
      vertex 82.915 85.389 0.000
    endloop
  endfacet
  facet normal 0.000000 0.000000 1.000000
    outer loop
      vertex 82.000 86.000 1.200
      vertex 82.915 85.389 1.200
      vertex 83.016 85.579 1.200
    endloop
  endfacet
  facet normal 0.956940 -0.290285 0.000000
    outer loop
      vertex 83.016 85.579 0.000
      vertex 83.079 85.785 0.000
      vertex 83.079 85.785 1.200
    endloop
  endfacet
  facet normal 0.956940 -0.290285 0.000000
    outer loop
      vertex 83.016 85.579 0.000
      vertex 83.079 85.785 1.200
      vertex 83.016 85.579 1.200
    endloop
  endfacet
  facet normal 0.000000 0.000000 -1.000000
    outer loop
      vertex 82.000 86.000 0.000
      vertex 83.079 85.785 0.000
      vertex 83.016 85.579 0.000
    endloop
  endfacet
  facet normal 0.000000 0.000000 1.000000
    outer loop
      vertex 82.000 86.000 1.200
      vertex 83.016 85.579 1.200
      vertex 83.079 85.785 1.200
    endloop
  endfacet
  facet normal 0.995185 -0.098017 0.000000
    outer loop
      vertex 83.079 85.785 0.000
      vertex 83.100 86.000 0.000
      vertex 83.100 86.000 1.200
    endloop
  endfacet
  facet normal 0.995185 -0.098017 0.000000
    outer loop
      vertex 83.079 85.785 0.000
      vertex 83.100 86.000 1.200
      vertex 83.079 85.785 1.200
    endloop
  endfacet
  facet normal 0.000000 0.000000 -1.000000
    outer loop
      vertex 82.000 86.000 0.000
      vertex 83.100 86.000 0.000
      vertex 83.079 85.785 0.000
    endloop
  endfacet
  facet normal -0.000000 0.000000 1.000000
    outer loop
      vertex 82.000 86.000 1.200
      vertex 83.079 85.785 1.200
      vertex 83.100 86.000 1.200
    endloop
  endfacet
  facet normal 0.995185 0.098017 0.000000
    outer loop
      vertex 10.500 8.000 -2.500
      vertex 10.452 8.488 -2.500
      vertex 10.452 8.488 0.000
    endloop
  endfacet
  facet normal 0.995185 0.098017 -0.000000
    outer loop
      vertex 10.500 8.000 -2.500
      vertex 10.452 8.488 0.000
      vertex 10.500 8.000 0.000
    endloop
  endfacet
  facet normal 0.000000 0.000000 -1.000000
    outer loop
      vertex 8.000 8.000 -2.500
      vertex 10.452 8.488 -2.500
      vertex 10.500 8.000 -2.500
    endloop
  endfacet
  facet normal 0.000000 0.000000 1.000000
    outer loop
      vertex 8.000 8.000 0.000
      vertex 10.500 8.000 0.000
      vertex 10.452 8.488 0.000
    endloop
  endfacet
  facet normal 0.956940 0.290285 0.000000
    outer loop
      vertex 10.452 8.488 -2.500
      vertex 10.310 8.957 -2.500
      vertex 10.310 8.957 0.000
    endloop
  endfacet
  facet normal 0.956940 0.290285 -0.000000
    outer loop
      vertex 10.452 8.488 -2.500
      vertex 10.310 8.957 0.000
      vertex 10.452 8.488 0.000
    endloop
  endfacet
  facet normal 0.000000 0.000000 -1.000000
    outer loop
      vertex 8.000 8.000 -2.500
      vertex 10.310 8.957 -2.500
      vertex 10.452 8.488 -2.500
    endloop
  endfacet
  facet normal 0.000000 0.000000 1.000000
    outer loop
      vertex 8.000 8.000 0.000
      vertex 10.452 8.488 0.000
      vertex 10.310 8.957 0.000
    endloop
  endfacet
  facet normal 0.881921 0.471397 0.000000
    outer loop
      vertex 10.310 8.957 -2.500
      vertex 10.079 9.389 -2.500
      vertex 10.079 9.389 0.000
    endloop
  endfacet
  facet normal 0.881921 0.471397 -0.000000
    outer loop
      vertex 10.310 8.957 -2.500
      vertex 10.079 9.389 0.000
      vertex 10.310 8.957 0.000
    endloop
  endfacet
  facet normal 0.000000 0.000000 -1.000000
    outer loop
      vertex 8.000 8.000 -2.500
      vertex 10.079 9.389 -2.500
      vertex 10.310 8.957 -2.500
    endloop
  endfacet
  facet normal 0.000000 0.000000 1.000000
    outer loop
      vertex 8.000 8.000 0.000
      vertex 10.310 8.957 0.000
      vertex 10.079 9.389 0.000
    endloop
  endfacet
  facet normal 0.773010 0.634393 0.000000
    outer loop
      vertex 10.079 9.389 -2.500
      vertex 9.768 9.768 -2.500
      vertex 9.768 9.768 0.000
    endloop
  endfacet
  facet normal 0.773010 0.634393 -0.000000
    outer loop
      vertex 10.079 9.389 -2.500
      vertex 9.768 9.768 0.000
      vertex 10.079 9.389 0.000
    endloop
  endfacet
  facet normal 0.000000 0.000000 -1.000000
    outer loop
      vertex 8.000 8.000 -2.500
      vertex 9.768 9.768 -2.500
      vertex 10.079 9.389 -2.500
    endloop
  endfacet
  facet normal 0.000000 0.000000 1.000000
    outer loop
      vertex 8.000 8.000 0.000
      vertex 10.079 9.389 0.000
      vertex 9.768 9.768 0.000
    endloop
  endfacet
  facet normal 0.634393 0.773010 0.000000
    outer loop
      vertex 9.768 9.768 -2.500
      vertex 9.389 10.079 -2.500
      vertex 9.389 10.079 0.000
    endloop
  endfacet
  facet normal 0.634393 0.773010 -0.000000
    outer loop
      vertex 9.768 9.768 -2.500
      vertex 9.389 10.079 0.000
      vertex 9.768 9.768 0.000
    endloop
  endfacet
  facet normal 0.000000 0.000000 -1.000000
    outer loop
      vertex 8.000 8.000 -2.500
      vertex 9.389 10.079 -2.500
      vertex 9.768 9.768 -2.500
    endloop
  endfacet
  facet normal 0.000000 0.000000 1.000000
    outer loop
      vertex 8.000 8.000 0.000
      vertex 9.768 9.768 0.000
      vertex 9.389 10.079 0.000
    endloop
  endfacet
  facet normal 0.471397 0.881921 0.000000
    outer loop
      vertex 9.389 10.079 -2.500
      vertex 8.957 10.310 -2.500
      vertex 8.957 10.310 0.000
    endloop
  endfacet
  facet normal 0.471397 0.881921 -0.000000
    outer loop
      vertex 9.389 10.079 -2.500
      vertex 8.957 10.310 0.000
      vertex 9.389 10.079 0.000
    endloop
  endfacet
  facet normal 0.000000 0.000000 -1.000000
    outer loop
      vertex 8.000 8.000 -2.500
      vertex 8.957 10.310 -2.500
      vertex 9.389 10.079 -2.500
    endloop
  endfacet
  facet normal 0.000000 0.000000 1.000000
    outer loop
      vertex 8.000 8.000 0.000
      vertex 9.389 10.079 0.000
      vertex 8.957 10.310 0.000
    endloop
  endfacet
  facet normal 0.290285 0.956940 0.000000
    outer loop
      vertex 8.957 10.310 -2.500
      vertex 8.488 10.452 -2.500
      vertex 8.488 10.452 0.000
    endloop
  endfacet
  facet normal 0.290285 0.956940 -0.000000
    outer loop
      vertex 8.957 10.310 -2.500
      vertex 8.488 10.452 0.000
      vertex 8.957 10.310 0.000
    endloop
  endfacet
  facet normal 0.000000 0.000000 -1.000000
    outer loop
      vertex 8.000 8.000 -2.500
      vertex 8.488 10.452 -2.500
      vertex 8.957 10.310 -2.500
    endloop
  endfacet
  facet normal 0.000000 0.000000 1.000000
    outer loop
      vertex 8.000 8.000 0.000
      vertex 8.957 10.310 0.000
      vertex 8.488 10.452 0.000
    endloop
  endfacet
  facet normal 0.098017 0.995185 0.000000
    outer loop
      vertex 8.488 10.452 -2.500
      vertex 8.000 10.500 -2.500
      vertex 8.000 10.500 0.000
    endloop
  endfacet
  facet normal 0.098017 0.995185 -0.000000
    outer loop
      vertex 8.488 10.452 -2.500
      vertex 8.000 10.500 0.000
      vertex 8.488 10.452 0.000
    endloop
  endfacet
  facet normal 0.000000 0.000000 -1.000000
    outer loop
      vertex 8.000 8.000 -2.500
      vertex 8.000 10.500 -2.500
      vertex 8.488 10.452 -2.500
    endloop
  endfacet
  facet normal 0.000000 0.000000 1.000000
    outer loop
      vertex 8.000 8.000 0.000
      vertex 8.488 10.452 0.000
      vertex 8.000 10.500 0.000
    endloop
  endfacet
  facet normal -0.098017 0.995185 0.000000
    outer loop
      vertex 8.000 10.500 -2.500
      vertex 7.512 10.452 -2.500
      vertex 7.512 10.452 0.000
    endloop
  endfacet
  facet normal -0.098017 0.995185 0.000000
    outer loop
      vertex 8.000 10.500 -2.500
      vertex 7.512 10.452 0.000
      vertex 8.000 10.500 0.000
    endloop
  endfacet
  facet normal 0.000000 0.000000 -1.000000
    outer loop
      vertex 8.000 8.000 -2.500
      vertex 7.512 10.452 -2.500
      vertex 8.000 10.500 -2.500
    endloop
  endfacet
  facet normal 0.000000 -0.000000 1.000000
    outer loop
      vertex 8.000 8.000 0.000
      vertex 8.000 10.500 0.000
      vertex 7.512 10.452 0.000
    endloop
  endfacet
  facet normal -0.290285 0.956940 0.000000
    outer loop
      vertex 7.512 10.452 -2.500
      vertex 7.043 10.310 -2.500
      vertex 7.043 10.310 0.000
    endloop
  endfacet
  facet normal -0.290285 0.956940 0.000000
    outer loop
      vertex 7.512 10.452 -2.500
      vertex 7.043 10.310 0.000
      vertex 7.512 10.452 0.000
    endloop
  endfacet
  facet normal 0.000000 0.000000 -1.000000
    outer loop
      vertex 8.000 8.000 -2.500
      vertex 7.043 10.310 -2.500
      vertex 7.512 10.452 -2.500
    endloop
  endfacet
  facet normal 0.000000 0.000000 1.000000
    outer loop
      vertex 8.000 8.000 0.000
      vertex 7.512 10.452 0.000
      vertex 7.043 10.310 0.000
    endloop
  endfacet
  facet normal -0.471397 0.881921 0.000000
    outer loop
      vertex 7.043 10.310 -2.500
      vertex 6.611 10.079 -2.500
      vertex 6.611 10.079 0.000
    endloop
  endfacet
  facet normal -0.471397 0.881921 0.000000
    outer loop
      vertex 7.043 10.310 -2.500
      vertex 6.611 10.079 0.000
      vertex 7.043 10.310 0.000
    endloop
  endfacet
  facet normal 0.000000 0.000000 -1.000000
    outer loop
      vertex 8.000 8.000 -2.500
      vertex 6.611 10.079 -2.500
      vertex 7.043 10.310 -2.500
    endloop
  endfacet
  facet normal 0.000000 0.000000 1.000000
    outer loop
      vertex 8.000 8.000 0.000
      vertex 7.043 10.310 0.000
      vertex 6.611 10.079 0.000
    endloop
  endfacet
  facet normal -0.634393 0.773010 0.000000
    outer loop
      vertex 6.611 10.079 -2.500
      vertex 6.232 9.768 -2.500
      vertex 6.232 9.768 0.000
    endloop
  endfacet
  facet normal -0.634393 0.773010 0.000000
    outer loop
      vertex 6.611 10.079 -2.500
      vertex 6.232 9.768 0.000
      vertex 6.611 10.079 0.000
    endloop
  endfacet
  facet normal 0.000000 0.000000 -1.000000
    outer loop
      vertex 8.000 8.000 -2.500
      vertex 6.232 9.768 -2.500
      vertex 6.611 10.079 -2.500
    endloop
  endfacet
  facet normal 0.000000 0.000000 1.000000
    outer loop
      vertex 8.000 8.000 0.000
      vertex 6.611 10.079 0.000
      vertex 6.232 9.768 0.000
    endloop
  endfacet
  facet normal -0.773010 0.634393 0.000000
    outer loop
      vertex 6.232 9.768 -2.500
      vertex 5.921 9.389 -2.500
      vertex 5.921 9.389 0.000
    endloop
  endfacet
  facet normal -0.773010 0.634393 0.000000
    outer loop
      vertex 6.232 9.768 -2.500
      vertex 5.921 9.389 0.000
      vertex 6.232 9.768 0.000
    endloop
  endfacet
  facet normal 0.000000 0.000000 -1.000000
    outer loop
      vertex 8.000 8.000 -2.500
      vertex 5.921 9.389 -2.500
      vertex 6.232 9.768 -2.500
    endloop
  endfacet
  facet normal 0.000000 0.000000 1.000000
    outer loop
      vertex 8.000 8.000 0.000
      vertex 6.232 9.768 0.000
      vertex 5.921 9.389 0.000
    endloop
  endfacet
  facet normal -0.881921 0.471397 0.000000
    outer loop
      vertex 5.921 9.389 -2.500
      vertex 5.690 8.957 -2.500
      vertex 5.690 8.957 0.000
    endloop
  endfacet
  facet normal -0.881921 0.471397 0.000000
    outer loop
      vertex 5.921 9.389 -2.500
      vertex 5.690 8.957 0.000
      vertex 5.921 9.389 0.000
    endloop
  endfacet
  facet normal 0.000000 0.000000 -1.000000
    outer loop
      vertex 8.000 8.000 -2.500
      vertex 5.690 8.957 -2.500
      vertex 5.921 9.389 -2.500
    endloop
  endfacet
  facet normal 0.000000 0.000000 1.000000
    outer loop
      vertex 8.000 8.000 0.000
      vertex 5.921 9.389 0.000
      vertex 5.690 8.957 0.000
    endloop
  endfacet
  facet normal -0.956940 0.290285 0.000000
    outer loop
      vertex 5.690 8.957 -2.500
      vertex 5.548 8.488 -2.500
      vertex 5.548 8.488 0.000
    endloop
  endfacet
  facet normal -0.956940 0.290285 0.000000
    outer loop
      vertex 5.690 8.957 -2.500
      vertex 5.548 8.488 0.000
      vertex 5.690 8.957 0.000
    endloop
  endfacet
  facet normal 0.000000 0.000000 -1.000000
    outer loop
      vertex 8.000 8.000 -2.500
      vertex 5.548 8.488 -2.500
      vertex 5.690 8.957 -2.500
    endloop
  endfacet
  facet normal 0.000000 0.000000 1.000000
    outer loop
      vertex 8.000 8.000 0.000
      vertex 5.690 8.957 0.000
      vertex 5.548 8.488 0.000
    endloop
  endfacet
  facet normal -0.995185 0.098017 0.000000
    outer loop
      vertex 5.548 8.488 -2.500
      vertex 5.500 8.000 -2.500
      vertex 5.500 8.000 0.000
    endloop
  endfacet
  facet normal -0.995185 0.098017 0.000000
    outer loop
      vertex 5.548 8.488 -2.500
      vertex 5.500 8.000 0.000
      vertex 5.548 8.488 0.000
    endloop
  endfacet
  facet normal 0.000000 0.000000 -1.000000
    outer loop
      vertex 8.000 8.000 -2.500
      vertex 5.500 8.000 -2.500
      vertex 5.548 8.488 -2.500
    endloop
  endfacet
  facet normal 0.000000 0.000000 1.000000
    outer loop
      vertex 8.000 8.000 0.000
      vertex 5.548 8.488 0.000
      vertex 5.500 8.000 0.000
    endloop
  endfacet
  facet normal -0.995185 -0.098017 0.000000
    outer loop
      vertex 5.500 8.000 -2.500
      vertex 5.548 7.512 -2.500
      vertex 5.548 7.512 0.000
    endloop
  endfacet
  facet normal -0.995185 -0.098017 0.000000
    outer loop
      vertex 5.500 8.000 -2.500
      vertex 5.548 7.512 0.000
      vertex 5.500 8.000 0.000
    endloop
  endfacet
  facet normal -0.000000 0.000000 -1.000000
    outer loop
      vertex 8.000 8.000 -2.500
      vertex 5.548 7.512 -2.500
      vertex 5.500 8.000 -2.500
    endloop
  endfacet
  facet normal 0.000000 0.000000 1.000000
    outer loop
      vertex 8.000 8.000 0.000
      vertex 5.500 8.000 0.000
      vertex 5.548 7.512 0.000
    endloop
  endfacet
  facet normal -0.956940 -0.290285 0.000000
    outer loop
      vertex 5.548 7.512 -2.500
      vertex 5.690 7.043 -2.500
      vertex 5.690 7.043 0.000
    endloop
  endfacet
  facet normal -0.956940 -0.290285 0.000000
    outer loop
      vertex 5.548 7.512 -2.500
      vertex 5.690 7.043 0.000
      vertex 5.548 7.512 0.000
    endloop
  endfacet
  facet normal 0.000000 0.000000 -1.000000
    outer loop
      vertex 8.000 8.000 -2.500
      vertex 5.690 7.043 -2.500
      vertex 5.548 7.512 -2.500
    endloop
  endfacet
  facet normal 0.000000 0.000000 1.000000
    outer loop
      vertex 8.000 8.000 0.000
      vertex 5.548 7.512 0.000
      vertex 5.690 7.043 0.000
    endloop
  endfacet
  facet normal -0.881921 -0.471397 0.000000
    outer loop
      vertex 5.690 7.043 -2.500
      vertex 5.921 6.611 -2.500
      vertex 5.921 6.611 0.000
    endloop
  endfacet
  facet normal -0.881921 -0.471397 0.000000
    outer loop
      vertex 5.690 7.043 -2.500
      vertex 5.921 6.611 0.000
      vertex 5.690 7.043 0.000
    endloop
  endfacet
  facet normal 0.000000 0.000000 -1.000000
    outer loop
      vertex 8.000 8.000 -2.500
      vertex 5.921 6.611 -2.500
      vertex 5.690 7.043 -2.500
    endloop
  endfacet
  facet normal 0.000000 0.000000 1.000000
    outer loop
      vertex 8.000 8.000 0.000
      vertex 5.690 7.043 0.000
      vertex 5.921 6.611 0.000
    endloop
  endfacet
  facet normal -0.773010 -0.634393 0.000000
    outer loop
      vertex 5.921 6.611 -2.500
      vertex 6.232 6.232 -2.500
      vertex 6.232 6.232 0.000
    endloop
  endfacet
  facet normal -0.773010 -0.634393 0.000000
    outer loop
      vertex 5.921 6.611 -2.500
      vertex 6.232 6.232 0.000
      vertex 5.921 6.611 0.000
    endloop
  endfacet
  facet normal 0.000000 0.000000 -1.000000
    outer loop
      vertex 8.000 8.000 -2.500
      vertex 6.232 6.232 -2.500
      vertex 5.921 6.611 -2.500
    endloop
  endfacet
  facet normal 0.000000 0.000000 1.000000
    outer loop
      vertex 8.000 8.000 0.000
      vertex 5.921 6.611 0.000
      vertex 6.232 6.232 0.000
    endloop
  endfacet
  facet normal -0.634393 -0.773010 0.000000
    outer loop
      vertex 6.232 6.232 -2.500
      vertex 6.611 5.921 -2.500
      vertex 6.611 5.921 0.000
    endloop
  endfacet
  facet normal -0.634393 -0.773010 0.000000
    outer loop
      vertex 6.232 6.232 -2.500
      vertex 6.611 5.921 0.000
      vertex 6.232 6.232 0.000
    endloop
  endfacet
  facet normal 0.000000 0.000000 -1.000000
    outer loop
      vertex 8.000 8.000 -2.500
      vertex 6.611 5.921 -2.500
      vertex 6.232 6.232 -2.500
    endloop
  endfacet
  facet normal 0.000000 0.000000 1.000000
    outer loop
      vertex 8.000 8.000 0.000
      vertex 6.232 6.232 0.000
      vertex 6.611 5.921 0.000
    endloop
  endfacet
  facet normal -0.471397 -0.881921 0.000000
    outer loop
      vertex 6.611 5.921 -2.500
      vertex 7.043 5.690 -2.500
      vertex 7.043 5.690 0.000
    endloop
  endfacet
  facet normal -0.471397 -0.881921 0.000000
    outer loop
      vertex 6.611 5.921 -2.500
      vertex 7.043 5.690 0.000
      vertex 6.611 5.921 0.000
    endloop
  endfacet
  facet normal 0.000000 0.000000 -1.000000
    outer loop
      vertex 8.000 8.000 -2.500
      vertex 7.043 5.690 -2.500
      vertex 6.611 5.921 -2.500
    endloop
  endfacet
  facet normal 0.000000 0.000000 1.000000
    outer loop
      vertex 8.000 8.000 0.000
      vertex 6.611 5.921 0.000
      vertex 7.043 5.690 0.000
    endloop
  endfacet
  facet normal -0.290285 -0.956940 0.000000
    outer loop
      vertex 7.043 5.690 -2.500
      vertex 7.512 5.548 -2.500
      vertex 7.512 5.548 0.000
    endloop
  endfacet
  facet normal -0.290285 -0.956940 0.000000
    outer loop
      vertex 7.043 5.690 -2.500
      vertex 7.512 5.548 0.000
      vertex 7.043 5.690 0.000
    endloop
  endfacet
  facet normal 0.000000 0.000000 -1.000000
    outer loop
      vertex 8.000 8.000 -2.500
      vertex 7.512 5.548 -2.500
      vertex 7.043 5.690 -2.500
    endloop
  endfacet
  facet normal 0.000000 0.000000 1.000000
    outer loop
      vertex 8.000 8.000 0.000
      vertex 7.043 5.690 0.000
      vertex 7.512 5.548 0.000
    endloop
  endfacet
  facet normal -0.098017 -0.995185 0.000000
    outer loop
      vertex 7.512 5.548 -2.500
      vertex 8.000 5.500 -2.500
      vertex 8.000 5.500 0.000
    endloop
  endfacet
  facet normal -0.098017 -0.995185 0.000000
    outer loop
      vertex 7.512 5.548 -2.500
      vertex 8.000 5.500 0.000
      vertex 7.512 5.548 0.000
    endloop
  endfacet
  facet normal 0.000000 0.000000 -1.000000
    outer loop
      vertex 8.000 8.000 -2.500
      vertex 8.000 5.500 -2.500
      vertex 7.512 5.548 -2.500
    endloop
  endfacet
  facet normal 0.000000 0.000000 1.000000
    outer loop
      vertex 8.000 8.000 0.000
      vertex 7.512 5.548 0.000
      vertex 8.000 5.500 0.000
    endloop
  endfacet
  facet normal 0.098017 -0.995185 0.000000
    outer loop
      vertex 8.000 5.500 -2.500
      vertex 8.488 5.548 -2.500
      vertex 8.488 5.548 0.000
    endloop
  endfacet
  facet normal 0.098017 -0.995185 0.000000
    outer loop
      vertex 8.000 5.500 -2.500
      vertex 8.488 5.548 0.000
      vertex 8.000 5.500 0.000
    endloop
  endfacet
  facet normal 0.000000 -0.000000 -1.000000
    outer loop
      vertex 8.000 8.000 -2.500
      vertex 8.488 5.548 -2.500
      vertex 8.000 5.500 -2.500
    endloop
  endfacet
  facet normal 0.000000 0.000000 1.000000
    outer loop
      vertex 8.000 8.000 0.000
      vertex 8.000 5.500 0.000
      vertex 8.488 5.548 0.000
    endloop
  endfacet
  facet normal 0.290285 -0.956940 0.000000
    outer loop
      vertex 8.488 5.548 -2.500
      vertex 8.957 5.690 -2.500
      vertex 8.957 5.690 0.000
    endloop
  endfacet
  facet normal 0.290285 -0.956940 0.000000
    outer loop
      vertex 8.488 5.548 -2.500
      vertex 8.957 5.690 0.000
      vertex 8.488 5.548 0.000
    endloop
  endfacet
  facet normal 0.000000 0.000000 -1.000000
    outer loop
      vertex 8.000 8.000 -2.500
      vertex 8.957 5.690 -2.500
      vertex 8.488 5.548 -2.500
    endloop
  endfacet
  facet normal 0.000000 0.000000 1.000000
    outer loop
      vertex 8.000 8.000 0.000
      vertex 8.488 5.548 0.000
      vertex 8.957 5.690 0.000
    endloop
  endfacet
  facet normal 0.471397 -0.881921 0.000000
    outer loop
      vertex 8.957 5.690 -2.500
      vertex 9.389 5.921 -2.500
      vertex 9.389 5.921 0.000
    endloop
  endfacet
  facet normal 0.471397 -0.881921 0.000000
    outer loop
      vertex 8.957 5.690 -2.500
      vertex 9.389 5.921 0.000
      vertex 8.957 5.690 0.000
    endloop
  endfacet
  facet normal 0.000000 0.000000 -1.000000
    outer loop
      vertex 8.000 8.000 -2.500
      vertex 9.389 5.921 -2.500
      vertex 8.957 5.690 -2.500
    endloop
  endfacet
  facet normal 0.000000 0.000000 1.000000
    outer loop
      vertex 8.000 8.000 0.000
      vertex 8.957 5.690 0.000
      vertex 9.389 5.921 0.000
    endloop
  endfacet
  facet normal 0.634393 -0.773010 0.000000
    outer loop
      vertex 9.389 5.921 -2.500
      vertex 9.768 6.232 -2.500
      vertex 9.768 6.232 0.000
    endloop
  endfacet
  facet normal 0.634393 -0.773010 0.000000
    outer loop
      vertex 9.389 5.921 -2.500
      vertex 9.768 6.232 0.000
      vertex 9.389 5.921 0.000
    endloop
  endfacet
  facet normal 0.000000 0.000000 -1.000000
    outer loop
      vertex 8.000 8.000 -2.500
      vertex 9.768 6.232 -2.500
      vertex 9.389 5.921 -2.500
    endloop
  endfacet
  facet normal 0.000000 0.000000 1.000000
    outer loop
      vertex 8.000 8.000 0.000
      vertex 9.389 5.921 0.000
      vertex 9.768 6.232 0.000
    endloop
  endfacet
  facet normal 0.773010 -0.634393 0.000000
    outer loop
      vertex 9.768 6.232 -2.500
      vertex 10.079 6.611 -2.500
      vertex 10.079 6.611 0.000
    endloop
  endfacet
  facet normal 0.773010 -0.634393 0.000000
    outer loop
      vertex 9.768 6.232 -2.500
      vertex 10.079 6.611 0.000
      vertex 9.768 6.232 0.000
    endloop
  endfacet
  facet normal 0.000000 0.000000 -1.000000
    outer loop
      vertex 8.000 8.000 -2.500
      vertex 10.079 6.611 -2.500
      vertex 9.768 6.232 -2.500
    endloop
  endfacet
  facet normal 0.000000 0.000000 1.000000
    outer loop
      vertex 8.000 8.000 0.000
      vertex 9.768 6.232 0.000
      vertex 10.079 6.611 0.000
    endloop
  endfacet
  facet normal 0.881921 -0.471397 0.000000
    outer loop
      vertex 10.079 6.611 -2.500
      vertex 10.310 7.043 -2.500
      vertex 10.310 7.043 0.000
    endloop
  endfacet
  facet normal 0.881921 -0.471397 0.000000
    outer loop
      vertex 10.079 6.611 -2.500
      vertex 10.310 7.043 0.000
      vertex 10.079 6.611 0.000
    endloop
  endfacet
  facet normal 0.000000 0.000000 -1.000000
    outer loop
      vertex 8.000 8.000 -2.500
      vertex 10.310 7.043 -2.500
      vertex 10.079 6.611 -2.500
    endloop
  endfacet
  facet normal 0.000000 0.000000 1.000000
    outer loop
      vertex 8.000 8.000 0.000
      vertex 10.079 6.611 0.000
      vertex 10.310 7.043 0.000
    endloop
  endfacet
  facet normal 0.956940 -0.290285 0.000000
    outer loop
      vertex 10.310 7.043 -2.500
      vertex 10.452 7.512 -2.500
      vertex 10.452 7.512 0.000
    endloop
  endfacet
  facet normal 0.956940 -0.290285 0.000000
    outer loop
      vertex 10.310 7.043 -2.500
      vertex 10.452 7.512 0.000
      vertex 10.310 7.043 0.000
    endloop
  endfacet
  facet normal 0.000000 0.000000 -1.000000
    outer loop
      vertex 8.000 8.000 -2.500
      vertex 10.452 7.512 -2.500
      vertex 10.310 7.043 -2.500
    endloop
  endfacet
  facet normal 0.000000 0.000000 1.000000
    outer loop
      vertex 8.000 8.000 0.000
      vertex 10.310 7.043 0.000
      vertex 10.452 7.512 0.000
    endloop
  endfacet
  facet normal 0.995185 -0.098017 0.000000
    outer loop
      vertex 10.452 7.512 -2.500
      vertex 10.500 8.000 -2.500
      vertex 10.500 8.000 0.000
    endloop
  endfacet
  facet normal 0.995185 -0.098017 0.000000
    outer loop
      vertex 10.452 7.512 -2.500
      vertex 10.500 8.000 0.000
      vertex 10.452 7.512 0.000
    endloop
  endfacet
  facet normal 0.000000 0.000000 -1.000000
    outer loop
      vertex 8.000 8.000 -2.500
      vertex 10.500 8.000 -2.500
      vertex 10.452 7.512 -2.500
    endloop
  endfacet
  facet normal 0.000000 0.000000 1.000000
    outer loop
      vertex 8.000 8.000 0.000
      vertex 10.452 7.512 0.000
      vertex 10.500 8.000 0.000
    endloop
  endfacet
  facet normal 0.995185 0.098017 0.000000
    outer loop
      vertex 9.200 8.000 0.000
      vertex 9.177 8.234 0.000
      vertex 9.177 8.234 1.000
    endloop
  endfacet
  facet normal 0.995185 0.098017 -0.000000
    outer loop
      vertex 9.200 8.000 0.000
      vertex 9.177 8.234 1.000
      vertex 9.200 8.000 1.000
    endloop
  endfacet
  facet normal 0.000000 0.000000 -1.000000
    outer loop
      vertex 8.000 8.000 0.000
      vertex 9.177 8.234 0.000
      vertex 9.200 8.000 0.000
    endloop
  endfacet
  facet normal 0.000000 0.000000 1.000000
    outer loop
      vertex 8.000 8.000 1.000
      vertex 9.200 8.000 1.000
      vertex 9.177 8.234 1.000
    endloop
  endfacet
  facet normal 0.956940 0.290285 0.000000
    outer loop
      vertex 9.177 8.234 0.000
      vertex 9.109 8.459 0.000
      vertex 9.109 8.459 1.000
    endloop
  endfacet
  facet normal 0.956940 0.290285 -0.000000
    outer loop
      vertex 9.177 8.234 0.000
      vertex 9.109 8.459 1.000
      vertex 9.177 8.234 1.000
    endloop
  endfacet
  facet normal 0.000000 0.000000 -1.000000
    outer loop
      vertex 8.000 8.000 0.000
      vertex 9.109 8.459 0.000
      vertex 9.177 8.234 0.000
    endloop
  endfacet
  facet normal 0.000000 0.000000 1.000000
    outer loop
      vertex 8.000 8.000 1.000
      vertex 9.177 8.234 1.000
      vertex 9.109 8.459 1.000
    endloop
  endfacet
  facet normal 0.881921 0.471397 0.000000
    outer loop
      vertex 9.109 8.459 0.000
      vertex 8.998 8.667 0.000
      vertex 8.998 8.667 1.000
    endloop
  endfacet
  facet normal 0.881921 0.471397 -0.000000
    outer loop
      vertex 9.109 8.459 0.000
      vertex 8.998 8.667 1.000
      vertex 9.109 8.459 1.000
    endloop
  endfacet
  facet normal 0.000000 0.000000 -1.000000
    outer loop
      vertex 8.000 8.000 0.000
      vertex 8.998 8.667 0.000
      vertex 9.109 8.459 0.000
    endloop
  endfacet
  facet normal 0.000000 0.000000 1.000000
    outer loop
      vertex 8.000 8.000 1.000
      vertex 9.109 8.459 1.000
      vertex 8.998 8.667 1.000
    endloop
  endfacet
  facet normal 0.773010 0.634393 0.000000
    outer loop
      vertex 8.998 8.667 0.000
      vertex 8.849 8.849 0.000
      vertex 8.849 8.849 1.000
    endloop
  endfacet
  facet normal 0.773010 0.634393 -0.000000
    outer loop
      vertex 8.998 8.667 0.000
      vertex 8.849 8.849 1.000
      vertex 8.998 8.667 1.000
    endloop
  endfacet
  facet normal 0.000000 0.000000 -1.000000
    outer loop
      vertex 8.000 8.000 0.000
      vertex 8.849 8.849 0.000
      vertex 8.998 8.667 0.000
    endloop
  endfacet
  facet normal 0.000000 0.000000 1.000000
    outer loop
      vertex 8.000 8.000 1.000
      vertex 8.998 8.667 1.000
      vertex 8.849 8.849 1.000
    endloop
  endfacet
  facet normal 0.634393 0.773010 0.000000
    outer loop
      vertex 8.849 8.849 0.000
      vertex 8.667 8.998 0.000
      vertex 8.667 8.998 1.000
    endloop
  endfacet
  facet normal 0.634393 0.773010 -0.000000
    outer loop
      vertex 8.849 8.849 0.000
      vertex 8.667 8.998 1.000
      vertex 8.849 8.849 1.000
    endloop
  endfacet
  facet normal 0.000000 0.000000 -1.000000
    outer loop
      vertex 8.000 8.000 0.000
      vertex 8.667 8.998 0.000
      vertex 8.849 8.849 0.000
    endloop
  endfacet
  facet normal 0.000000 0.000000 1.000000
    outer loop
      vertex 8.000 8.000 1.000
      vertex 8.849 8.849 1.000
      vertex 8.667 8.998 1.000
    endloop
  endfacet
  facet normal 0.471397 0.881921 0.000000
    outer loop
      vertex 8.667 8.998 0.000
      vertex 8.459 9.109 0.000
      vertex 8.459 9.109 1.000
    endloop
  endfacet
  facet normal 0.471397 0.881921 -0.000000
    outer loop
      vertex 8.667 8.998 0.000
      vertex 8.459 9.109 1.000
      vertex 8.667 8.998 1.000
    endloop
  endfacet
  facet normal 0.000000 0.000000 -1.000000
    outer loop
      vertex 8.000 8.000 0.000
      vertex 8.459 9.109 0.000
      vertex 8.667 8.998 0.000
    endloop
  endfacet
  facet normal 0.000000 0.000000 1.000000
    outer loop
      vertex 8.000 8.000 1.000
      vertex 8.667 8.998 1.000
      vertex 8.459 9.109 1.000
    endloop
  endfacet
  facet normal 0.290285 0.956940 0.000000
    outer loop
      vertex 8.459 9.109 0.000
      vertex 8.234 9.177 0.000
      vertex 8.234 9.177 1.000
    endloop
  endfacet
  facet normal 0.290285 0.956940 -0.000000
    outer loop
      vertex 8.459 9.109 0.000
      vertex 8.234 9.177 1.000
      vertex 8.459 9.109 1.000
    endloop
  endfacet
  facet normal 0.000000 0.000000 -1.000000
    outer loop
      vertex 8.000 8.000 0.000
      vertex 8.234 9.177 0.000
      vertex 8.459 9.109 0.000
    endloop
  endfacet
  facet normal 0.000000 0.000000 1.000000
    outer loop
      vertex 8.000 8.000 1.000
      vertex 8.459 9.109 1.000
      vertex 8.234 9.177 1.000
    endloop
  endfacet
  facet normal 0.098017 0.995185 0.000000
    outer loop
      vertex 8.234 9.177 0.000
      vertex 8.000 9.200 0.000
      vertex 8.000 9.200 1.000
    endloop
  endfacet
  facet normal 0.098017 0.995185 -0.000000
    outer loop
      vertex 8.234 9.177 0.000
      vertex 8.000 9.200 1.000
      vertex 8.234 9.177 1.000
    endloop
  endfacet
  facet normal 0.000000 0.000000 -1.000000
    outer loop
      vertex 8.000 8.000 0.000
      vertex 8.000 9.200 0.000
      vertex 8.234 9.177 0.000
    endloop
  endfacet
  facet normal 0.000000 0.000000 1.000000
    outer loop
      vertex 8.000 8.000 1.000
      vertex 8.234 9.177 1.000
      vertex 8.000 9.200 1.000
    endloop
  endfacet
  facet normal -0.098017 0.995185 0.000000
    outer loop
      vertex 8.000 9.200 0.000
      vertex 7.766 9.177 0.000
      vertex 7.766 9.177 1.000
    endloop
  endfacet
  facet normal -0.098017 0.995185 0.000000
    outer loop
      vertex 8.000 9.200 0.000
      vertex 7.766 9.177 1.000
      vertex 8.000 9.200 1.000
    endloop
  endfacet
  facet normal 0.000000 0.000000 -1.000000
    outer loop
      vertex 8.000 8.000 0.000
      vertex 7.766 9.177 0.000
      vertex 8.000 9.200 0.000
    endloop
  endfacet
  facet normal 0.000000 -0.000000 1.000000
    outer loop
      vertex 8.000 8.000 1.000
      vertex 8.000 9.200 1.000
      vertex 7.766 9.177 1.000
    endloop
  endfacet
  facet normal -0.290285 0.956940 0.000000
    outer loop
      vertex 7.766 9.177 0.000
      vertex 7.541 9.109 0.000
      vertex 7.541 9.109 1.000
    endloop
  endfacet
  facet normal -0.290285 0.956940 0.000000
    outer loop
      vertex 7.766 9.177 0.000
      vertex 7.541 9.109 1.000
      vertex 7.766 9.177 1.000
    endloop
  endfacet
  facet normal 0.000000 0.000000 -1.000000
    outer loop
      vertex 8.000 8.000 0.000
      vertex 7.541 9.109 0.000
      vertex 7.766 9.177 0.000
    endloop
  endfacet
  facet normal 0.000000 0.000000 1.000000
    outer loop
      vertex 8.000 8.000 1.000
      vertex 7.766 9.177 1.000
      vertex 7.541 9.109 1.000
    endloop
  endfacet
  facet normal -0.471397 0.881921 0.000000
    outer loop
      vertex 7.541 9.109 0.000
      vertex 7.333 8.998 0.000
      vertex 7.333 8.998 1.000
    endloop
  endfacet
  facet normal -0.471397 0.881921 0.000000
    outer loop
      vertex 7.541 9.109 0.000
      vertex 7.333 8.998 1.000
      vertex 7.541 9.109 1.000
    endloop
  endfacet
  facet normal 0.000000 0.000000 -1.000000
    outer loop
      vertex 8.000 8.000 0.000
      vertex 7.333 8.998 0.000
      vertex 7.541 9.109 0.000
    endloop
  endfacet
  facet normal 0.000000 0.000000 1.000000
    outer loop
      vertex 8.000 8.000 1.000
      vertex 7.541 9.109 1.000
      vertex 7.333 8.998 1.000
    endloop
  endfacet
  facet normal -0.634393 0.773010 0.000000
    outer loop
      vertex 7.333 8.998 0.000
      vertex 7.151 8.849 0.000
      vertex 7.151 8.849 1.000
    endloop
  endfacet
  facet normal -0.634393 0.773010 0.000000
    outer loop
      vertex 7.333 8.998 0.000
      vertex 7.151 8.849 1.000
      vertex 7.333 8.998 1.000
    endloop
  endfacet
  facet normal 0.000000 0.000000 -1.000000
    outer loop
      vertex 8.000 8.000 0.000
      vertex 7.151 8.849 0.000
      vertex 7.333 8.998 0.000
    endloop
  endfacet
  facet normal 0.000000 0.000000 1.000000
    outer loop
      vertex 8.000 8.000 1.000
      vertex 7.333 8.998 1.000
      vertex 7.151 8.849 1.000
    endloop
  endfacet
  facet normal -0.773010 0.634393 0.000000
    outer loop
      vertex 7.151 8.849 0.000
      vertex 7.002 8.667 0.000
      vertex 7.002 8.667 1.000
    endloop
  endfacet
  facet normal -0.773010 0.634393 0.000000
    outer loop
      vertex 7.151 8.849 0.000
      vertex 7.002 8.667 1.000
      vertex 7.151 8.849 1.000
    endloop
  endfacet
  facet normal 0.000000 0.000000 -1.000000
    outer loop
      vertex 8.000 8.000 0.000
      vertex 7.002 8.667 0.000
      vertex 7.151 8.849 0.000
    endloop
  endfacet
  facet normal 0.000000 0.000000 1.000000
    outer loop
      vertex 8.000 8.000 1.000
      vertex 7.151 8.849 1.000
      vertex 7.002 8.667 1.000
    endloop
  endfacet
  facet normal -0.881921 0.471397 0.000000
    outer loop
      vertex 7.002 8.667 0.000
      vertex 6.891 8.459 0.000
      vertex 6.891 8.459 1.000
    endloop
  endfacet
  facet normal -0.881921 0.471397 0.000000
    outer loop
      vertex 7.002 8.667 0.000
      vertex 6.891 8.459 1.000
      vertex 7.002 8.667 1.000
    endloop
  endfacet
  facet normal 0.000000 0.000000 -1.000000
    outer loop
      vertex 8.000 8.000 0.000
      vertex 6.891 8.459 0.000
      vertex 7.002 8.667 0.000
    endloop
  endfacet
  facet normal 0.000000 0.000000 1.000000
    outer loop
      vertex 8.000 8.000 1.000
      vertex 7.002 8.667 1.000
      vertex 6.891 8.459 1.000
    endloop
  endfacet
  facet normal -0.956940 0.290285 0.000000
    outer loop
      vertex 6.891 8.459 0.000
      vertex 6.823 8.234 0.000
      vertex 6.823 8.234 1.000
    endloop
  endfacet
  facet normal -0.956940 0.290285 0.000000
    outer loop
      vertex 6.891 8.459 0.000
      vertex 6.823 8.234 1.000
      vertex 6.891 8.459 1.000
    endloop
  endfacet
  facet normal 0.000000 0.000000 -1.000000
    outer loop
      vertex 8.000 8.000 0.000
      vertex 6.823 8.234 0.000
      vertex 6.891 8.459 0.000
    endloop
  endfacet
  facet normal 0.000000 0.000000 1.000000
    outer loop
      vertex 8.000 8.000 1.000
      vertex 6.891 8.459 1.000
      vertex 6.823 8.234 1.000
    endloop
  endfacet
  facet normal -0.995185 0.098017 0.000000
    outer loop
      vertex 6.823 8.234 0.000
      vertex 6.800 8.000 0.000
      vertex 6.800 8.000 1.000
    endloop
  endfacet
  facet normal -0.995185 0.098017 0.000000
    outer loop
      vertex 6.823 8.234 0.000
      vertex 6.800 8.000 1.000
      vertex 6.823 8.234 1.000
    endloop
  endfacet
  facet normal 0.000000 0.000000 -1.000000
    outer loop
      vertex 8.000 8.000 0.000
      vertex 6.800 8.000 0.000
      vertex 6.823 8.234 0.000
    endloop
  endfacet
  facet normal 0.000000 0.000000 1.000000
    outer loop
      vertex 8.000 8.000 1.000
      vertex 6.823 8.234 1.000
      vertex 6.800 8.000 1.000
    endloop
  endfacet
  facet normal -0.995185 -0.098017 0.000000
    outer loop
      vertex 6.800 8.000 0.000
      vertex 6.823 7.766 0.000
      vertex 6.823 7.766 1.000
    endloop
  endfacet
  facet normal -0.995185 -0.098017 0.000000
    outer loop
      vertex 6.800 8.000 0.000
      vertex 6.823 7.766 1.000
      vertex 6.800 8.000 1.000
    endloop
  endfacet
  facet normal -0.000000 0.000000 -1.000000
    outer loop
      vertex 8.000 8.000 0.000
      vertex 6.823 7.766 0.000
      vertex 6.800 8.000 0.000
    endloop
  endfacet
  facet normal 0.000000 0.000000 1.000000
    outer loop
      vertex 8.000 8.000 1.000
      vertex 6.800 8.000 1.000
      vertex 6.823 7.766 1.000
    endloop
  endfacet
  facet normal -0.956940 -0.290285 0.000000
    outer loop
      vertex 6.823 7.766 0.000
      vertex 6.891 7.541 0.000
      vertex 6.891 7.541 1.000
    endloop
  endfacet
  facet normal -0.956940 -0.290285 0.000000
    outer loop
      vertex 6.823 7.766 0.000
      vertex 6.891 7.541 1.000
      vertex 6.823 7.766 1.000
    endloop
  endfacet
  facet normal 0.000000 0.000000 -1.000000
    outer loop
      vertex 8.000 8.000 0.000
      vertex 6.891 7.541 0.000
      vertex 6.823 7.766 0.000
    endloop
  endfacet
  facet normal 0.000000 0.000000 1.000000
    outer loop
      vertex 8.000 8.000 1.000
      vertex 6.823 7.766 1.000
      vertex 6.891 7.541 1.000
    endloop
  endfacet
  facet normal -0.881921 -0.471397 0.000000
    outer loop
      vertex 6.891 7.541 0.000
      vertex 7.002 7.333 0.000
      vertex 7.002 7.333 1.000
    endloop
  endfacet
  facet normal -0.881921 -0.471397 0.000000
    outer loop
      vertex 6.891 7.541 0.000
      vertex 7.002 7.333 1.000
      vertex 6.891 7.541 1.000
    endloop
  endfacet
  facet normal 0.000000 0.000000 -1.000000
    outer loop
      vertex 8.000 8.000 0.000
      vertex 7.002 7.333 0.000
      vertex 6.891 7.541 0.000
    endloop
  endfacet
  facet normal 0.000000 0.000000 1.000000
    outer loop
      vertex 8.000 8.000 1.000
      vertex 6.891 7.541 1.000
      vertex 7.002 7.333 1.000
    endloop
  endfacet
  facet normal -0.773010 -0.634393 0.000000
    outer loop
      vertex 7.002 7.333 0.000
      vertex 7.151 7.151 0.000
      vertex 7.151 7.151 1.000
    endloop
  endfacet
  facet normal -0.773010 -0.634393 0.000000
    outer loop
      vertex 7.002 7.333 0.000
      vertex 7.151 7.151 1.000
      vertex 7.002 7.333 1.000
    endloop
  endfacet
  facet normal 0.000000 0.000000 -1.000000
    outer loop
      vertex 8.000 8.000 0.000
      vertex 7.151 7.151 0.000
      vertex 7.002 7.333 0.000
    endloop
  endfacet
  facet normal 0.000000 0.000000 1.000000
    outer loop
      vertex 8.000 8.000 1.000
      vertex 7.002 7.333 1.000
      vertex 7.151 7.151 1.000
    endloop
  endfacet
  facet normal -0.634393 -0.773010 0.000000
    outer loop
      vertex 7.151 7.151 0.000
      vertex 7.333 7.002 0.000
      vertex 7.333 7.002 1.000
    endloop
  endfacet
  facet normal -0.634393 -0.773010 0.000000
    outer loop
      vertex 7.151 7.151 0.000
      vertex 7.333 7.002 1.000
      vertex 7.151 7.151 1.000
    endloop
  endfacet
  facet normal 0.000000 0.000000 -1.000000
    outer loop
      vertex 8.000 8.000 0.000
      vertex 7.333 7.002 0.000
      vertex 7.151 7.151 0.000
    endloop
  endfacet
  facet normal 0.000000 0.000000 1.000000
    outer loop
      vertex 8.000 8.000 1.000
      vertex 7.151 7.151 1.000
      vertex 7.333 7.002 1.000
    endloop
  endfacet
  facet normal -0.471397 -0.881921 0.000000
    outer loop
      vertex 7.333 7.002 0.000
      vertex 7.541 6.891 0.000
      vertex 7.541 6.891 1.000
    endloop
  endfacet
  facet normal -0.471397 -0.881921 0.000000
    outer loop
      vertex 7.333 7.002 0.000
      vertex 7.541 6.891 1.000
      vertex 7.333 7.002 1.000
    endloop
  endfacet
  facet normal 0.000000 0.000000 -1.000000
    outer loop
      vertex 8.000 8.000 0.000
      vertex 7.541 6.891 0.000
      vertex 7.333 7.002 0.000
    endloop
  endfacet
  facet normal 0.000000 0.000000 1.000000
    outer loop
      vertex 8.000 8.000 1.000
      vertex 7.333 7.002 1.000
      vertex 7.541 6.891 1.000
    endloop
  endfacet
  facet normal -0.290285 -0.956940 0.000000
    outer loop
      vertex 7.541 6.891 0.000
      vertex 7.766 6.823 0.000
      vertex 7.766 6.823 1.000
    endloop
  endfacet
  facet normal -0.290285 -0.956940 0.000000
    outer loop
      vertex 7.541 6.891 0.000
      vertex 7.766 6.823 1.000
      vertex 7.541 6.891 1.000
    endloop
  endfacet
  facet normal 0.000000 0.000000 -1.000000
    outer loop
      vertex 8.000 8.000 0.000
      vertex 7.766 6.823 0.000
      vertex 7.541 6.891 0.000
    endloop
  endfacet
  facet normal 0.000000 0.000000 1.000000
    outer loop
      vertex 8.000 8.000 1.000
      vertex 7.541 6.891 1.000
      vertex 7.766 6.823 1.000
    endloop
  endfacet
  facet normal -0.098017 -0.995185 0.000000
    outer loop
      vertex 7.766 6.823 0.000
      vertex 8.000 6.800 0.000
      vertex 8.000 6.800 1.000
    endloop
  endfacet
  facet normal -0.098017 -0.995185 0.000000
    outer loop
      vertex 7.766 6.823 0.000
      vertex 8.000 6.800 1.000
      vertex 7.766 6.823 1.000
    endloop
  endfacet
  facet normal 0.000000 -0.000000 -1.000000
    outer loop
      vertex 8.000 8.000 0.000
      vertex 8.000 6.800 0.000
      vertex 7.766 6.823 0.000
    endloop
  endfacet
  facet normal 0.000000 0.000000 1.000000
    outer loop
      vertex 8.000 8.000 1.000
      vertex 7.766 6.823 1.000
      vertex 8.000 6.800 1.000
    endloop
  endfacet
  facet normal 0.098017 -0.995185 0.000000
    outer loop
      vertex 8.000 6.800 0.000
      vertex 8.234 6.823 0.000
      vertex 8.234 6.823 1.000
    endloop
  endfacet
  facet normal 0.098017 -0.995185 0.000000
    outer loop
      vertex 8.000 6.800 0.000
      vertex 8.234 6.823 1.000
      vertex 8.000 6.800 1.000
    endloop
  endfacet
  facet normal 0.000000 0.000000 -1.000000
    outer loop
      vertex 8.000 8.000 0.000
      vertex 8.234 6.823 0.000
      vertex 8.000 6.800 0.000
    endloop
  endfacet
  facet normal 0.000000 0.000000 1.000000
    outer loop
      vertex 8.000 8.000 1.000
      vertex 8.000 6.800 1.000
      vertex 8.234 6.823 1.000
    endloop
  endfacet
  facet normal 0.290285 -0.956940 0.000000
    outer loop
      vertex 8.234 6.823 0.000
      vertex 8.459 6.891 0.000
      vertex 8.459 6.891 1.000
    endloop
  endfacet
  facet normal 0.290285 -0.956940 0.000000
    outer loop
      vertex 8.234 6.823 0.000
      vertex 8.459 6.891 1.000
      vertex 8.234 6.823 1.000
    endloop
  endfacet
  facet normal 0.000000 0.000000 -1.000000
    outer loop
      vertex 8.000 8.000 0.000
      vertex 8.459 6.891 0.000
      vertex 8.234 6.823 0.000
    endloop
  endfacet
  facet normal 0.000000 0.000000 1.000000
    outer loop
      vertex 8.000 8.000 1.000
      vertex 8.234 6.823 1.000
      vertex 8.459 6.891 1.000
    endloop
  endfacet
  facet normal 0.471397 -0.881921 0.000000
    outer loop
      vertex 8.459 6.891 0.000
      vertex 8.667 7.002 0.000
      vertex 8.667 7.002 1.000
    endloop
  endfacet
  facet normal 0.471397 -0.881921 0.000000
    outer loop
      vertex 8.459 6.891 0.000
      vertex 8.667 7.002 1.000
      vertex 8.459 6.891 1.000
    endloop
  endfacet
  facet normal 0.000000 0.000000 -1.000000
    outer loop
      vertex 8.000 8.000 0.000
      vertex 8.667 7.002 0.000
      vertex 8.459 6.891 0.000
    endloop
  endfacet
  facet normal 0.000000 0.000000 1.000000
    outer loop
      vertex 8.000 8.000 1.000
      vertex 8.459 6.891 1.000
      vertex 8.667 7.002 1.000
    endloop
  endfacet
  facet normal 0.634393 -0.773010 0.000000
    outer loop
      vertex 8.667 7.002 0.000
      vertex 8.849 7.151 0.000
      vertex 8.849 7.151 1.000
    endloop
  endfacet
  facet normal 0.634393 -0.773010 0.000000
    outer loop
      vertex 8.667 7.002 0.000
      vertex 8.849 7.151 1.000
      vertex 8.667 7.002 1.000
    endloop
  endfacet
  facet normal 0.000000 0.000000 -1.000000
    outer loop
      vertex 8.000 8.000 0.000
      vertex 8.849 7.151 0.000
      vertex 8.667 7.002 0.000
    endloop
  endfacet
  facet normal 0.000000 0.000000 1.000000
    outer loop
      vertex 8.000 8.000 1.000
      vertex 8.667 7.002 1.000
      vertex 8.849 7.151 1.000
    endloop
  endfacet
  facet normal 0.773010 -0.634393 0.000000
    outer loop
      vertex 8.849 7.151 0.000
      vertex 8.998 7.333 0.000
      vertex 8.998 7.333 1.000
    endloop
  endfacet
  facet normal 0.773010 -0.634393 0.000000
    outer loop
      vertex 8.849 7.151 0.000
      vertex 8.998 7.333 1.000
      vertex 8.849 7.151 1.000
    endloop
  endfacet
  facet normal 0.000000 0.000000 -1.000000
    outer loop
      vertex 8.000 8.000 0.000
      vertex 8.998 7.333 0.000
      vertex 8.849 7.151 0.000
    endloop
  endfacet
  facet normal 0.000000 0.000000 1.000000
    outer loop
      vertex 8.000 8.000 1.000
      vertex 8.849 7.151 1.000
      vertex 8.998 7.333 1.000
    endloop
  endfacet
  facet normal 0.881921 -0.471397 0.000000
    outer loop
      vertex 8.998 7.333 0.000
      vertex 9.109 7.541 0.000
      vertex 9.109 7.541 1.000
    endloop
  endfacet
  facet normal 0.881921 -0.471397 0.000000
    outer loop
      vertex 8.998 7.333 0.000
      vertex 9.109 7.541 1.000
      vertex 8.998 7.333 1.000
    endloop
  endfacet
  facet normal 0.000000 0.000000 -1.000000
    outer loop
      vertex 8.000 8.000 0.000
      vertex 9.109 7.541 0.000
      vertex 8.998 7.333 0.000
    endloop
  endfacet
  facet normal 0.000000 0.000000 1.000000
    outer loop
      vertex 8.000 8.000 1.000
      vertex 8.998 7.333 1.000
      vertex 9.109 7.541 1.000
    endloop
  endfacet
  facet normal 0.956940 -0.290285 0.000000
    outer loop
      vertex 9.109 7.541 0.000
      vertex 9.177 7.766 0.000
      vertex 9.177 7.766 1.000
    endloop
  endfacet
  facet normal 0.956940 -0.290285 0.000000
    outer loop
      vertex 9.109 7.541 0.000
      vertex 9.177 7.766 1.000
      vertex 9.109 7.541 1.000
    endloop
  endfacet
  facet normal 0.000000 0.000000 -1.000000
    outer loop
      vertex 8.000 8.000 0.000
      vertex 9.177 7.766 0.000
      vertex 9.109 7.541 0.000
    endloop
  endfacet
  facet normal 0.000000 0.000000 1.000000
    outer loop
      vertex 8.000 8.000 1.000
      vertex 9.109 7.541 1.000
      vertex 9.177 7.766 1.000
    endloop
  endfacet
  facet normal 0.995185 -0.098017 0.000000
    outer loop
      vertex 9.177 7.766 0.000
      vertex 9.200 8.000 0.000
      vertex 9.200 8.000 1.000
    endloop
  endfacet
  facet normal 0.995185 -0.098017 0.000000
    outer loop
      vertex 9.177 7.766 0.000
      vertex 9.200 8.000 1.000
      vertex 9.177 7.766 1.000
    endloop
  endfacet
  facet normal 0.000000 0.000000 -1.000000
    outer loop
      vertex 8.000 8.000 0.000
      vertex 9.200 8.000 0.000
      vertex 9.177 7.766 0.000
    endloop
  endfacet
  facet normal -0.000000 0.000000 1.000000
    outer loop
      vertex 8.000 8.000 1.000
      vertex 9.177 7.766 1.000
      vertex 9.200 8.000 1.000
    endloop
  endfacet
  facet normal 0.995185 0.098017 0.000000
    outer loop
      vertex 89.500 8.000 -2.500
      vertex 89.452 8.488 -2.500
      vertex 89.452 8.488 0.000
    endloop
  endfacet
  facet normal 0.995185 0.098017 -0.000000
    outer loop
      vertex 89.500 8.000 -2.500
      vertex 89.452 8.488 0.000
      vertex 89.500 8.000 0.000
    endloop
  endfacet
  facet normal 0.000000 0.000000 -1.000000
    outer loop
      vertex 87.000 8.000 -2.500
      vertex 89.452 8.488 -2.500
      vertex 89.500 8.000 -2.500
    endloop
  endfacet
  facet normal 0.000000 0.000000 1.000000
    outer loop
      vertex 87.000 8.000 0.000
      vertex 89.500 8.000 0.000
      vertex 89.452 8.488 0.000
    endloop
  endfacet
  facet normal 0.956940 0.290285 0.000000
    outer loop
      vertex 89.452 8.488 -2.500
      vertex 89.310 8.957 -2.500
      vertex 89.310 8.957 0.000
    endloop
  endfacet
  facet normal 0.956940 0.290285 -0.000000
    outer loop
      vertex 89.452 8.488 -2.500
      vertex 89.310 8.957 0.000
      vertex 89.452 8.488 0.000
    endloop
  endfacet
  facet normal 0.000000 0.000000 -1.000000
    outer loop
      vertex 87.000 8.000 -2.500
      vertex 89.310 8.957 -2.500
      vertex 89.452 8.488 -2.500
    endloop
  endfacet
  facet normal 0.000000 0.000000 1.000000
    outer loop
      vertex 87.000 8.000 0.000
      vertex 89.452 8.488 0.000
      vertex 89.310 8.957 0.000
    endloop
  endfacet
  facet normal 0.881921 0.471397 0.000000
    outer loop
      vertex 89.310 8.957 -2.500
      vertex 89.079 9.389 -2.500
      vertex 89.079 9.389 0.000
    endloop
  endfacet
  facet normal 0.881921 0.471397 -0.000000
    outer loop
      vertex 89.310 8.957 -2.500
      vertex 89.079 9.389 0.000
      vertex 89.310 8.957 0.000
    endloop
  endfacet
  facet normal 0.000000 0.000000 -1.000000
    outer loop
      vertex 87.000 8.000 -2.500
      vertex 89.079 9.389 -2.500
      vertex 89.310 8.957 -2.500
    endloop
  endfacet
  facet normal 0.000000 0.000000 1.000000
    outer loop
      vertex 87.000 8.000 0.000
      vertex 89.310 8.957 0.000
      vertex 89.079 9.389 0.000
    endloop
  endfacet
  facet normal 0.773010 0.634393 0.000000
    outer loop
      vertex 89.079 9.389 -2.500
      vertex 88.768 9.768 -2.500
      vertex 88.768 9.768 0.000
    endloop
  endfacet
  facet normal 0.773010 0.634393 -0.000000
    outer loop
      vertex 89.079 9.389 -2.500
      vertex 88.768 9.768 0.000
      vertex 89.079 9.389 0.000
    endloop
  endfacet
  facet normal 0.000000 0.000000 -1.000000
    outer loop
      vertex 87.000 8.000 -2.500
      vertex 88.768 9.768 -2.500
      vertex 89.079 9.389 -2.500
    endloop
  endfacet
  facet normal 0.000000 0.000000 1.000000
    outer loop
      vertex 87.000 8.000 0.000
      vertex 89.079 9.389 0.000
      vertex 88.768 9.768 0.000
    endloop
  endfacet
  facet normal 0.634393 0.773010 0.000000
    outer loop
      vertex 88.768 9.768 -2.500
      vertex 88.389 10.079 -2.500
      vertex 88.389 10.079 0.000
    endloop
  endfacet
  facet normal 0.634393 0.773010 -0.000000
    outer loop
      vertex 88.768 9.768 -2.500
      vertex 88.389 10.079 0.000
      vertex 88.768 9.768 0.000
    endloop
  endfacet
  facet normal 0.000000 0.000000 -1.000000
    outer loop
      vertex 87.000 8.000 -2.500
      vertex 88.389 10.079 -2.500
      vertex 88.768 9.768 -2.500
    endloop
  endfacet
  facet normal 0.000000 0.000000 1.000000
    outer loop
      vertex 87.000 8.000 0.000
      vertex 88.768 9.768 0.000
      vertex 88.389 10.079 0.000
    endloop
  endfacet
  facet normal 0.471397 0.881921 0.000000
    outer loop
      vertex 88.389 10.079 -2.500
      vertex 87.957 10.310 -2.500
      vertex 87.957 10.310 0.000
    endloop
  endfacet
  facet normal 0.471397 0.881921 -0.000000
    outer loop
      vertex 88.389 10.079 -2.500
      vertex 87.957 10.310 0.000
      vertex 88.389 10.079 0.000
    endloop
  endfacet
  facet normal 0.000000 0.000000 -1.000000
    outer loop
      vertex 87.000 8.000 -2.500
      vertex 87.957 10.310 -2.500
      vertex 88.389 10.079 -2.500
    endloop
  endfacet
  facet normal 0.000000 0.000000 1.000000
    outer loop
      vertex 87.000 8.000 0.000
      vertex 88.389 10.079 0.000
      vertex 87.957 10.310 0.000
    endloop
  endfacet
  facet normal 0.290285 0.956940 0.000000
    outer loop
      vertex 87.957 10.310 -2.500
      vertex 87.488 10.452 -2.500
      vertex 87.488 10.452 0.000
    endloop
  endfacet
  facet normal 0.290285 0.956940 -0.000000
    outer loop
      vertex 87.957 10.310 -2.500
      vertex 87.488 10.452 0.000
      vertex 87.957 10.310 0.000
    endloop
  endfacet
  facet normal 0.000000 0.000000 -1.000000
    outer loop
      vertex 87.000 8.000 -2.500
      vertex 87.488 10.452 -2.500
      vertex 87.957 10.310 -2.500
    endloop
  endfacet
  facet normal 0.000000 0.000000 1.000000
    outer loop
      vertex 87.000 8.000 0.000
      vertex 87.957 10.310 0.000
      vertex 87.488 10.452 0.000
    endloop
  endfacet
  facet normal 0.098017 0.995185 0.000000
    outer loop
      vertex 87.488 10.452 -2.500
      vertex 87.000 10.500 -2.500
      vertex 87.000 10.500 0.000
    endloop
  endfacet
  facet normal 0.098017 0.995185 -0.000000
    outer loop
      vertex 87.488 10.452 -2.500
      vertex 87.000 10.500 0.000
      vertex 87.488 10.452 0.000
    endloop
  endfacet
  facet normal 0.000000 0.000000 -1.000000
    outer loop
      vertex 87.000 8.000 -2.500
      vertex 87.000 10.500 -2.500
      vertex 87.488 10.452 -2.500
    endloop
  endfacet
  facet normal 0.000000 0.000000 1.000000
    outer loop
      vertex 87.000 8.000 0.000
      vertex 87.488 10.452 0.000
      vertex 87.000 10.500 0.000
    endloop
  endfacet
  facet normal -0.098017 0.995185 0.000000
    outer loop
      vertex 87.000 10.500 -2.500
      vertex 86.512 10.452 -2.500
      vertex 86.512 10.452 0.000
    endloop
  endfacet
  facet normal -0.098017 0.995185 0.000000
    outer loop
      vertex 87.000 10.500 -2.500
      vertex 86.512 10.452 0.000
      vertex 87.000 10.500 0.000
    endloop
  endfacet
  facet normal 0.000000 0.000000 -1.000000
    outer loop
      vertex 87.000 8.000 -2.500
      vertex 86.512 10.452 -2.500
      vertex 87.000 10.500 -2.500
    endloop
  endfacet
  facet normal 0.000000 -0.000000 1.000000
    outer loop
      vertex 87.000 8.000 0.000
      vertex 87.000 10.500 0.000
      vertex 86.512 10.452 0.000
    endloop
  endfacet
  facet normal -0.290285 0.956940 0.000000
    outer loop
      vertex 86.512 10.452 -2.500
      vertex 86.043 10.310 -2.500
      vertex 86.043 10.310 0.000
    endloop
  endfacet
  facet normal -0.290285 0.956940 0.000000
    outer loop
      vertex 86.512 10.452 -2.500
      vertex 86.043 10.310 0.000
      vertex 86.512 10.452 0.000
    endloop
  endfacet
  facet normal 0.000000 0.000000 -1.000000
    outer loop
      vertex 87.000 8.000 -2.500
      vertex 86.043 10.310 -2.500
      vertex 86.512 10.452 -2.500
    endloop
  endfacet
  facet normal 0.000000 0.000000 1.000000
    outer loop
      vertex 87.000 8.000 0.000
      vertex 86.512 10.452 0.000
      vertex 86.043 10.310 0.000
    endloop
  endfacet
  facet normal -0.471397 0.881921 0.000000
    outer loop
      vertex 86.043 10.310 -2.500
      vertex 85.611 10.079 -2.500
      vertex 85.611 10.079 0.000
    endloop
  endfacet
  facet normal -0.471397 0.881921 0.000000
    outer loop
      vertex 86.043 10.310 -2.500
      vertex 85.611 10.079 0.000
      vertex 86.043 10.310 0.000
    endloop
  endfacet
  facet normal 0.000000 0.000000 -1.000000
    outer loop
      vertex 87.000 8.000 -2.500
      vertex 85.611 10.079 -2.500
      vertex 86.043 10.310 -2.500
    endloop
  endfacet
  facet normal 0.000000 0.000000 1.000000
    outer loop
      vertex 87.000 8.000 0.000
      vertex 86.043 10.310 0.000
      vertex 85.611 10.079 0.000
    endloop
  endfacet
  facet normal -0.634393 0.773010 0.000000
    outer loop
      vertex 85.611 10.079 -2.500
      vertex 85.232 9.768 -2.500
      vertex 85.232 9.768 0.000
    endloop
  endfacet
  facet normal -0.634393 0.773010 0.000000
    outer loop
      vertex 85.611 10.079 -2.500
      vertex 85.232 9.768 0.000
      vertex 85.611 10.079 0.000
    endloop
  endfacet
  facet normal 0.000000 0.000000 -1.000000
    outer loop
      vertex 87.000 8.000 -2.500
      vertex 85.232 9.768 -2.500
      vertex 85.611 10.079 -2.500
    endloop
  endfacet
  facet normal 0.000000 0.000000 1.000000
    outer loop
      vertex 87.000 8.000 0.000
      vertex 85.611 10.079 0.000
      vertex 85.232 9.768 0.000
    endloop
  endfacet
  facet normal -0.773010 0.634393 0.000000
    outer loop
      vertex 85.232 9.768 -2.500
      vertex 84.921 9.389 -2.500
      vertex 84.921 9.389 0.000
    endloop
  endfacet
  facet normal -0.773010 0.634393 0.000000
    outer loop
      vertex 85.232 9.768 -2.500
      vertex 84.921 9.389 0.000
      vertex 85.232 9.768 0.000
    endloop
  endfacet
  facet normal 0.000000 0.000000 -1.000000
    outer loop
      vertex 87.000 8.000 -2.500
      vertex 84.921 9.389 -2.500
      vertex 85.232 9.768 -2.500
    endloop
  endfacet
  facet normal 0.000000 0.000000 1.000000
    outer loop
      vertex 87.000 8.000 0.000
      vertex 85.232 9.768 0.000
      vertex 84.921 9.389 0.000
    endloop
  endfacet
  facet normal -0.881921 0.471397 0.000000
    outer loop
      vertex 84.921 9.389 -2.500
      vertex 84.690 8.957 -2.500
      vertex 84.690 8.957 0.000
    endloop
  endfacet
  facet normal -0.881921 0.471397 0.000000
    outer loop
      vertex 84.921 9.389 -2.500
      vertex 84.690 8.957 0.000
      vertex 84.921 9.389 0.000
    endloop
  endfacet
  facet normal 0.000000 0.000000 -1.000000
    outer loop
      vertex 87.000 8.000 -2.500
      vertex 84.690 8.957 -2.500
      vertex 84.921 9.389 -2.500
    endloop
  endfacet
  facet normal 0.000000 0.000000 1.000000
    outer loop
      vertex 87.000 8.000 0.000
      vertex 84.921 9.389 0.000
      vertex 84.690 8.957 0.000
    endloop
  endfacet
  facet normal -0.956940 0.290285 0.000000
    outer loop
      vertex 84.690 8.957 -2.500
      vertex 84.548 8.488 -2.500
      vertex 84.548 8.488 0.000
    endloop
  endfacet
  facet normal -0.956940 0.290285 0.000000
    outer loop
      vertex 84.690 8.957 -2.500
      vertex 84.548 8.488 0.000
      vertex 84.690 8.957 0.000
    endloop
  endfacet
  facet normal 0.000000 0.000000 -1.000000
    outer loop
      vertex 87.000 8.000 -2.500
      vertex 84.548 8.488 -2.500
      vertex 84.690 8.957 -2.500
    endloop
  endfacet
  facet normal 0.000000 0.000000 1.000000
    outer loop
      vertex 87.000 8.000 0.000
      vertex 84.690 8.957 0.000
      vertex 84.548 8.488 0.000
    endloop
  endfacet
  facet normal -0.995185 0.098017 0.000000
    outer loop
      vertex 84.548 8.488 -2.500
      vertex 84.500 8.000 -2.500
      vertex 84.500 8.000 0.000
    endloop
  endfacet
  facet normal -0.995185 0.098017 0.000000
    outer loop
      vertex 84.548 8.488 -2.500
      vertex 84.500 8.000 0.000
      vertex 84.548 8.488 0.000
    endloop
  endfacet
  facet normal 0.000000 0.000000 -1.000000
    outer loop
      vertex 87.000 8.000 -2.500
      vertex 84.500 8.000 -2.500
      vertex 84.548 8.488 -2.500
    endloop
  endfacet
  facet normal 0.000000 0.000000 1.000000
    outer loop
      vertex 87.000 8.000 0.000
      vertex 84.548 8.488 0.000
      vertex 84.500 8.000 0.000
    endloop
  endfacet
  facet normal -0.995185 -0.098017 0.000000
    outer loop
      vertex 84.500 8.000 -2.500
      vertex 84.548 7.512 -2.500
      vertex 84.548 7.512 0.000
    endloop
  endfacet
  facet normal -0.995185 -0.098017 0.000000
    outer loop
      vertex 84.500 8.000 -2.500
      vertex 84.548 7.512 0.000
      vertex 84.500 8.000 0.000
    endloop
  endfacet
  facet normal -0.000000 0.000000 -1.000000
    outer loop
      vertex 87.000 8.000 -2.500
      vertex 84.548 7.512 -2.500
      vertex 84.500 8.000 -2.500
    endloop
  endfacet
  facet normal 0.000000 0.000000 1.000000
    outer loop
      vertex 87.000 8.000 0.000
      vertex 84.500 8.000 0.000
      vertex 84.548 7.512 0.000
    endloop
  endfacet
  facet normal -0.956940 -0.290285 0.000000
    outer loop
      vertex 84.548 7.512 -2.500
      vertex 84.690 7.043 -2.500
      vertex 84.690 7.043 0.000
    endloop
  endfacet
  facet normal -0.956940 -0.290285 0.000000
    outer loop
      vertex 84.548 7.512 -2.500
      vertex 84.690 7.043 0.000
      vertex 84.548 7.512 0.000
    endloop
  endfacet
  facet normal 0.000000 0.000000 -1.000000
    outer loop
      vertex 87.000 8.000 -2.500
      vertex 84.690 7.043 -2.500
      vertex 84.548 7.512 -2.500
    endloop
  endfacet
  facet normal 0.000000 0.000000 1.000000
    outer loop
      vertex 87.000 8.000 0.000
      vertex 84.548 7.512 0.000
      vertex 84.690 7.043 0.000
    endloop
  endfacet
  facet normal -0.881921 -0.471397 0.000000
    outer loop
      vertex 84.690 7.043 -2.500
      vertex 84.921 6.611 -2.500
      vertex 84.921 6.611 0.000
    endloop
  endfacet
  facet normal -0.881921 -0.471397 0.000000
    outer loop
      vertex 84.690 7.043 -2.500
      vertex 84.921 6.611 0.000
      vertex 84.690 7.043 0.000
    endloop
  endfacet
  facet normal 0.000000 0.000000 -1.000000
    outer loop
      vertex 87.000 8.000 -2.500
      vertex 84.921 6.611 -2.500
      vertex 84.690 7.043 -2.500
    endloop
  endfacet
  facet normal 0.000000 0.000000 1.000000
    outer loop
      vertex 87.000 8.000 0.000
      vertex 84.690 7.043 0.000
      vertex 84.921 6.611 0.000
    endloop
  endfacet
  facet normal -0.773010 -0.634393 0.000000
    outer loop
      vertex 84.921 6.611 -2.500
      vertex 85.232 6.232 -2.500
      vertex 85.232 6.232 0.000
    endloop
  endfacet
  facet normal -0.773010 -0.634393 0.000000
    outer loop
      vertex 84.921 6.611 -2.500
      vertex 85.232 6.232 0.000
      vertex 84.921 6.611 0.000
    endloop
  endfacet
  facet normal 0.000000 0.000000 -1.000000
    outer loop
      vertex 87.000 8.000 -2.500
      vertex 85.232 6.232 -2.500
      vertex 84.921 6.611 -2.500
    endloop
  endfacet
  facet normal 0.000000 0.000000 1.000000
    outer loop
      vertex 87.000 8.000 0.000
      vertex 84.921 6.611 0.000
      vertex 85.232 6.232 0.000
    endloop
  endfacet
  facet normal -0.634393 -0.773010 0.000000
    outer loop
      vertex 85.232 6.232 -2.500
      vertex 85.611 5.921 -2.500
      vertex 85.611 5.921 0.000
    endloop
  endfacet
  facet normal -0.634393 -0.773010 0.000000
    outer loop
      vertex 85.232 6.232 -2.500
      vertex 85.611 5.921 0.000
      vertex 85.232 6.232 0.000
    endloop
  endfacet
  facet normal 0.000000 0.000000 -1.000000
    outer loop
      vertex 87.000 8.000 -2.500
      vertex 85.611 5.921 -2.500
      vertex 85.232 6.232 -2.500
    endloop
  endfacet
  facet normal 0.000000 0.000000 1.000000
    outer loop
      vertex 87.000 8.000 0.000
      vertex 85.232 6.232 0.000
      vertex 85.611 5.921 0.000
    endloop
  endfacet
  facet normal -0.471397 -0.881921 0.000000
    outer loop
      vertex 85.611 5.921 -2.500
      vertex 86.043 5.690 -2.500
      vertex 86.043 5.690 0.000
    endloop
  endfacet
  facet normal -0.471397 -0.881921 0.000000
    outer loop
      vertex 85.611 5.921 -2.500
      vertex 86.043 5.690 0.000
      vertex 85.611 5.921 0.000
    endloop
  endfacet
  facet normal 0.000000 0.000000 -1.000000
    outer loop
      vertex 87.000 8.000 -2.500
      vertex 86.043 5.690 -2.500
      vertex 85.611 5.921 -2.500
    endloop
  endfacet
  facet normal 0.000000 0.000000 1.000000
    outer loop
      vertex 87.000 8.000 0.000
      vertex 85.611 5.921 0.000
      vertex 86.043 5.690 0.000
    endloop
  endfacet
  facet normal -0.290285 -0.956940 0.000000
    outer loop
      vertex 86.043 5.690 -2.500
      vertex 86.512 5.548 -2.500
      vertex 86.512 5.548 0.000
    endloop
  endfacet
  facet normal -0.290285 -0.956940 0.000000
    outer loop
      vertex 86.043 5.690 -2.500
      vertex 86.512 5.548 0.000
      vertex 86.043 5.690 0.000
    endloop
  endfacet
  facet normal 0.000000 0.000000 -1.000000
    outer loop
      vertex 87.000 8.000 -2.500
      vertex 86.512 5.548 -2.500
      vertex 86.043 5.690 -2.500
    endloop
  endfacet
  facet normal 0.000000 0.000000 1.000000
    outer loop
      vertex 87.000 8.000 0.000
      vertex 86.043 5.690 0.000
      vertex 86.512 5.548 0.000
    endloop
  endfacet
  facet normal -0.098017 -0.995185 0.000000
    outer loop
      vertex 86.512 5.548 -2.500
      vertex 87.000 5.500 -2.500
      vertex 87.000 5.500 0.000
    endloop
  endfacet
  facet normal -0.098017 -0.995185 0.000000
    outer loop
      vertex 86.512 5.548 -2.500
      vertex 87.000 5.500 0.000
      vertex 86.512 5.548 0.000
    endloop
  endfacet
  facet normal 0.000000 -0.000000 -1.000000
    outer loop
      vertex 87.000 8.000 -2.500
      vertex 87.000 5.500 -2.500
      vertex 86.512 5.548 -2.500
    endloop
  endfacet
  facet normal 0.000000 0.000000 1.000000
    outer loop
      vertex 87.000 8.000 0.000
      vertex 86.512 5.548 0.000
      vertex 87.000 5.500 0.000
    endloop
  endfacet
  facet normal 0.098017 -0.995185 0.000000
    outer loop
      vertex 87.000 5.500 -2.500
      vertex 87.488 5.548 -2.500
      vertex 87.488 5.548 0.000
    endloop
  endfacet
  facet normal 0.098017 -0.995185 0.000000
    outer loop
      vertex 87.000 5.500 -2.500
      vertex 87.488 5.548 0.000
      vertex 87.000 5.500 0.000
    endloop
  endfacet
  facet normal 0.000000 0.000000 -1.000000
    outer loop
      vertex 87.000 8.000 -2.500
      vertex 87.488 5.548 -2.500
      vertex 87.000 5.500 -2.500
    endloop
  endfacet
  facet normal 0.000000 0.000000 1.000000
    outer loop
      vertex 87.000 8.000 0.000
      vertex 87.000 5.500 0.000
      vertex 87.488 5.548 0.000
    endloop
  endfacet
  facet normal 0.290285 -0.956940 0.000000
    outer loop
      vertex 87.488 5.548 -2.500
      vertex 87.957 5.690 -2.500
      vertex 87.957 5.690 0.000
    endloop
  endfacet
  facet normal 0.290285 -0.956940 0.000000
    outer loop
      vertex 87.488 5.548 -2.500
      vertex 87.957 5.690 0.000
      vertex 87.488 5.548 0.000
    endloop
  endfacet
  facet normal 0.000000 0.000000 -1.000000
    outer loop
      vertex 87.000 8.000 -2.500
      vertex 87.957 5.690 -2.500
      vertex 87.488 5.548 -2.500
    endloop
  endfacet
  facet normal 0.000000 0.000000 1.000000
    outer loop
      vertex 87.000 8.000 0.000
      vertex 87.488 5.548 0.000
      vertex 87.957 5.690 0.000
    endloop
  endfacet
  facet normal 0.471397 -0.881921 0.000000
    outer loop
      vertex 87.957 5.690 -2.500
      vertex 88.389 5.921 -2.500
      vertex 88.389 5.921 0.000
    endloop
  endfacet
  facet normal 0.471397 -0.881921 0.000000
    outer loop
      vertex 87.957 5.690 -2.500
      vertex 88.389 5.921 0.000
      vertex 87.957 5.690 0.000
    endloop
  endfacet
  facet normal 0.000000 0.000000 -1.000000
    outer loop
      vertex 87.000 8.000 -2.500
      vertex 88.389 5.921 -2.500
      vertex 87.957 5.690 -2.500
    endloop
  endfacet
  facet normal 0.000000 0.000000 1.000000
    outer loop
      vertex 87.000 8.000 0.000
      vertex 87.957 5.690 0.000
      vertex 88.389 5.921 0.000
    endloop
  endfacet
  facet normal 0.634393 -0.773010 0.000000
    outer loop
      vertex 88.389 5.921 -2.500
      vertex 88.768 6.232 -2.500
      vertex 88.768 6.232 0.000
    endloop
  endfacet
  facet normal 0.634393 -0.773010 0.000000
    outer loop
      vertex 88.389 5.921 -2.500
      vertex 88.768 6.232 0.000
      vertex 88.389 5.921 0.000
    endloop
  endfacet
  facet normal 0.000000 0.000000 -1.000000
    outer loop
      vertex 87.000 8.000 -2.500
      vertex 88.768 6.232 -2.500
      vertex 88.389 5.921 -2.500
    endloop
  endfacet
  facet normal 0.000000 0.000000 1.000000
    outer loop
      vertex 87.000 8.000 0.000
      vertex 88.389 5.921 0.000
      vertex 88.768 6.232 0.000
    endloop
  endfacet
  facet normal 0.773010 -0.634393 0.000000
    outer loop
      vertex 88.768 6.232 -2.500
      vertex 89.079 6.611 -2.500
      vertex 89.079 6.611 0.000
    endloop
  endfacet
  facet normal 0.773010 -0.634393 0.000000
    outer loop
      vertex 88.768 6.232 -2.500
      vertex 89.079 6.611 0.000
      vertex 88.768 6.232 0.000
    endloop
  endfacet
  facet normal 0.000000 0.000000 -1.000000
    outer loop
      vertex 87.000 8.000 -2.500
      vertex 89.079 6.611 -2.500
      vertex 88.768 6.232 -2.500
    endloop
  endfacet
  facet normal 0.000000 0.000000 1.000000
    outer loop
      vertex 87.000 8.000 0.000
      vertex 88.768 6.232 0.000
      vertex 89.079 6.611 0.000
    endloop
  endfacet
  facet normal 0.881921 -0.471397 0.000000
    outer loop
      vertex 89.079 6.611 -2.500
      vertex 89.310 7.043 -2.500
      vertex 89.310 7.043 0.000
    endloop
  endfacet
  facet normal 0.881921 -0.471397 0.000000
    outer loop
      vertex 89.079 6.611 -2.500
      vertex 89.310 7.043 0.000
      vertex 89.079 6.611 0.000
    endloop
  endfacet
  facet normal 0.000000 0.000000 -1.000000
    outer loop
      vertex 87.000 8.000 -2.500
      vertex 89.310 7.043 -2.500
      vertex 89.079 6.611 -2.500
    endloop
  endfacet
  facet normal 0.000000 0.000000 1.000000
    outer loop
      vertex 87.000 8.000 0.000
      vertex 89.079 6.611 0.000
      vertex 89.310 7.043 0.000
    endloop
  endfacet
  facet normal 0.956940 -0.290285 0.000000
    outer loop
      vertex 89.310 7.043 -2.500
      vertex 89.452 7.512 -2.500
      vertex 89.452 7.512 0.000
    endloop
  endfacet
  facet normal 0.956940 -0.290285 0.000000
    outer loop
      vertex 89.310 7.043 -2.500
      vertex 89.452 7.512 0.000
      vertex 89.310 7.043 0.000
    endloop
  endfacet
  facet normal 0.000000 0.000000 -1.000000
    outer loop
      vertex 87.000 8.000 -2.500
      vertex 89.452 7.512 -2.500
      vertex 89.310 7.043 -2.500
    endloop
  endfacet
  facet normal 0.000000 0.000000 1.000000
    outer loop
      vertex 87.000 8.000 0.000
      vertex 89.310 7.043 0.000
      vertex 89.452 7.512 0.000
    endloop
  endfacet
  facet normal 0.995185 -0.098017 0.000000
    outer loop
      vertex 89.452 7.512 -2.500
      vertex 89.500 8.000 -2.500
      vertex 89.500 8.000 0.000
    endloop
  endfacet
  facet normal 0.995185 -0.098017 0.000000
    outer loop
      vertex 89.452 7.512 -2.500
      vertex 89.500 8.000 0.000
      vertex 89.452 7.512 0.000
    endloop
  endfacet
  facet normal 0.000000 0.000000 -1.000000
    outer loop
      vertex 87.000 8.000 -2.500
      vertex 89.500 8.000 -2.500
      vertex 89.452 7.512 -2.500
    endloop
  endfacet
  facet normal 0.000000 0.000000 1.000000
    outer loop
      vertex 87.000 8.000 0.000
      vertex 89.452 7.512 0.000
      vertex 89.500 8.000 0.000
    endloop
  endfacet
  facet normal 0.995185 0.098017 0.000000
    outer loop
      vertex 88.200 8.000 0.000
      vertex 88.177 8.234 0.000
      vertex 88.177 8.234 1.000
    endloop
  endfacet
  facet normal 0.995185 0.098017 -0.000000
    outer loop
      vertex 88.200 8.000 0.000
      vertex 88.177 8.234 1.000
      vertex 88.200 8.000 1.000
    endloop
  endfacet
  facet normal 0.000000 0.000000 -1.000000
    outer loop
      vertex 87.000 8.000 0.000
      vertex 88.177 8.234 0.000
      vertex 88.200 8.000 0.000
    endloop
  endfacet
  facet normal 0.000000 0.000000 1.000000
    outer loop
      vertex 87.000 8.000 1.000
      vertex 88.200 8.000 1.000
      vertex 88.177 8.234 1.000
    endloop
  endfacet
  facet normal 0.956940 0.290285 0.000000
    outer loop
      vertex 88.177 8.234 0.000
      vertex 88.109 8.459 0.000
      vertex 88.109 8.459 1.000
    endloop
  endfacet
  facet normal 0.956940 0.290285 -0.000000
    outer loop
      vertex 88.177 8.234 0.000
      vertex 88.109 8.459 1.000
      vertex 88.177 8.234 1.000
    endloop
  endfacet
  facet normal 0.000000 0.000000 -1.000000
    outer loop
      vertex 87.000 8.000 0.000
      vertex 88.109 8.459 0.000
      vertex 88.177 8.234 0.000
    endloop
  endfacet
  facet normal 0.000000 0.000000 1.000000
    outer loop
      vertex 87.000 8.000 1.000
      vertex 88.177 8.234 1.000
      vertex 88.109 8.459 1.000
    endloop
  endfacet
  facet normal 0.881921 0.471397 0.000000
    outer loop
      vertex 88.109 8.459 0.000
      vertex 87.998 8.667 0.000
      vertex 87.998 8.667 1.000
    endloop
  endfacet
  facet normal 0.881921 0.471397 -0.000000
    outer loop
      vertex 88.109 8.459 0.000
      vertex 87.998 8.667 1.000
      vertex 88.109 8.459 1.000
    endloop
  endfacet
  facet normal 0.000000 0.000000 -1.000000
    outer loop
      vertex 87.000 8.000 0.000
      vertex 87.998 8.667 0.000
      vertex 88.109 8.459 0.000
    endloop
  endfacet
  facet normal 0.000000 0.000000 1.000000
    outer loop
      vertex 87.000 8.000 1.000
      vertex 88.109 8.459 1.000
      vertex 87.998 8.667 1.000
    endloop
  endfacet
  facet normal 0.773010 0.634393 0.000000
    outer loop
      vertex 87.998 8.667 0.000
      vertex 87.849 8.849 0.000
      vertex 87.849 8.849 1.000
    endloop
  endfacet
  facet normal 0.773010 0.634393 -0.000000
    outer loop
      vertex 87.998 8.667 0.000
      vertex 87.849 8.849 1.000
      vertex 87.998 8.667 1.000
    endloop
  endfacet
  facet normal 0.000000 0.000000 -1.000000
    outer loop
      vertex 87.000 8.000 0.000
      vertex 87.849 8.849 0.000
      vertex 87.998 8.667 0.000
    endloop
  endfacet
  facet normal 0.000000 0.000000 1.000000
    outer loop
      vertex 87.000 8.000 1.000
      vertex 87.998 8.667 1.000
      vertex 87.849 8.849 1.000
    endloop
  endfacet
  facet normal 0.634393 0.773010 0.000000
    outer loop
      vertex 87.849 8.849 0.000
      vertex 87.667 8.998 0.000
      vertex 87.667 8.998 1.000
    endloop
  endfacet
  facet normal 0.634393 0.773010 -0.000000
    outer loop
      vertex 87.849 8.849 0.000
      vertex 87.667 8.998 1.000
      vertex 87.849 8.849 1.000
    endloop
  endfacet
  facet normal 0.000000 0.000000 -1.000000
    outer loop
      vertex 87.000 8.000 0.000
      vertex 87.667 8.998 0.000
      vertex 87.849 8.849 0.000
    endloop
  endfacet
  facet normal 0.000000 0.000000 1.000000
    outer loop
      vertex 87.000 8.000 1.000
      vertex 87.849 8.849 1.000
      vertex 87.667 8.998 1.000
    endloop
  endfacet
  facet normal 0.471397 0.881921 0.000000
    outer loop
      vertex 87.667 8.998 0.000
      vertex 87.459 9.109 0.000
      vertex 87.459 9.109 1.000
    endloop
  endfacet
  facet normal 0.471397 0.881921 -0.000000
    outer loop
      vertex 87.667 8.998 0.000
      vertex 87.459 9.109 1.000
      vertex 87.667 8.998 1.000
    endloop
  endfacet
  facet normal 0.000000 0.000000 -1.000000
    outer loop
      vertex 87.000 8.000 0.000
      vertex 87.459 9.109 0.000
      vertex 87.667 8.998 0.000
    endloop
  endfacet
  facet normal 0.000000 0.000000 1.000000
    outer loop
      vertex 87.000 8.000 1.000
      vertex 87.667 8.998 1.000
      vertex 87.459 9.109 1.000
    endloop
  endfacet
  facet normal 0.290285 0.956940 0.000000
    outer loop
      vertex 87.459 9.109 0.000
      vertex 87.234 9.177 0.000
      vertex 87.234 9.177 1.000
    endloop
  endfacet
  facet normal 0.290285 0.956940 -0.000000
    outer loop
      vertex 87.459 9.109 0.000
      vertex 87.234 9.177 1.000
      vertex 87.459 9.109 1.000
    endloop
  endfacet
  facet normal 0.000000 0.000000 -1.000000
    outer loop
      vertex 87.000 8.000 0.000
      vertex 87.234 9.177 0.000
      vertex 87.459 9.109 0.000
    endloop
  endfacet
  facet normal 0.000000 0.000000 1.000000
    outer loop
      vertex 87.000 8.000 1.000
      vertex 87.459 9.109 1.000
      vertex 87.234 9.177 1.000
    endloop
  endfacet
  facet normal 0.098017 0.995185 0.000000
    outer loop
      vertex 87.234 9.177 0.000
      vertex 87.000 9.200 0.000
      vertex 87.000 9.200 1.000
    endloop
  endfacet
  facet normal 0.098017 0.995185 -0.000000
    outer loop
      vertex 87.234 9.177 0.000
      vertex 87.000 9.200 1.000
      vertex 87.234 9.177 1.000
    endloop
  endfacet
  facet normal 0.000000 0.000000 -1.000000
    outer loop
      vertex 87.000 8.000 0.000
      vertex 87.000 9.200 0.000
      vertex 87.234 9.177 0.000
    endloop
  endfacet
  facet normal 0.000000 0.000000 1.000000
    outer loop
      vertex 87.000 8.000 1.000
      vertex 87.234 9.177 1.000
      vertex 87.000 9.200 1.000
    endloop
  endfacet
  facet normal -0.098017 0.995185 0.000000
    outer loop
      vertex 87.000 9.200 0.000
      vertex 86.766 9.177 0.000
      vertex 86.766 9.177 1.000
    endloop
  endfacet
  facet normal -0.098017 0.995185 0.000000
    outer loop
      vertex 87.000 9.200 0.000
      vertex 86.766 9.177 1.000
      vertex 87.000 9.200 1.000
    endloop
  endfacet
  facet normal 0.000000 0.000000 -1.000000
    outer loop
      vertex 87.000 8.000 0.000
      vertex 86.766 9.177 0.000
      vertex 87.000 9.200 0.000
    endloop
  endfacet
  facet normal 0.000000 -0.000000 1.000000
    outer loop
      vertex 87.000 8.000 1.000
      vertex 87.000 9.200 1.000
      vertex 86.766 9.177 1.000
    endloop
  endfacet
  facet normal -0.290285 0.956940 0.000000
    outer loop
      vertex 86.766 9.177 0.000
      vertex 86.541 9.109 0.000
      vertex 86.541 9.109 1.000
    endloop
  endfacet
  facet normal -0.290285 0.956940 0.000000
    outer loop
      vertex 86.766 9.177 0.000
      vertex 86.541 9.109 1.000
      vertex 86.766 9.177 1.000
    endloop
  endfacet
  facet normal 0.000000 0.000000 -1.000000
    outer loop
      vertex 87.000 8.000 0.000
      vertex 86.541 9.109 0.000
      vertex 86.766 9.177 0.000
    endloop
  endfacet
  facet normal 0.000000 0.000000 1.000000
    outer loop
      vertex 87.000 8.000 1.000
      vertex 86.766 9.177 1.000
      vertex 86.541 9.109 1.000
    endloop
  endfacet
  facet normal -0.471397 0.881921 0.000000
    outer loop
      vertex 86.541 9.109 0.000
      vertex 86.333 8.998 0.000
      vertex 86.333 8.998 1.000
    endloop
  endfacet
  facet normal -0.471397 0.881921 0.000000
    outer loop
      vertex 86.541 9.109 0.000
      vertex 86.333 8.998 1.000
      vertex 86.541 9.109 1.000
    endloop
  endfacet
  facet normal 0.000000 0.000000 -1.000000
    outer loop
      vertex 87.000 8.000 0.000
      vertex 86.333 8.998 0.000
      vertex 86.541 9.109 0.000
    endloop
  endfacet
  facet normal 0.000000 0.000000 1.000000
    outer loop
      vertex 87.000 8.000 1.000
      vertex 86.541 9.109 1.000
      vertex 86.333 8.998 1.000
    endloop
  endfacet
  facet normal -0.634393 0.773010 0.000000
    outer loop
      vertex 86.333 8.998 0.000
      vertex 86.151 8.849 0.000
      vertex 86.151 8.849 1.000
    endloop
  endfacet
  facet normal -0.634393 0.773010 0.000000
    outer loop
      vertex 86.333 8.998 0.000
      vertex 86.151 8.849 1.000
      vertex 86.333 8.998 1.000
    endloop
  endfacet
  facet normal 0.000000 0.000000 -1.000000
    outer loop
      vertex 87.000 8.000 0.000
      vertex 86.151 8.849 0.000
      vertex 86.333 8.998 0.000
    endloop
  endfacet
  facet normal 0.000000 0.000000 1.000000
    outer loop
      vertex 87.000 8.000 1.000
      vertex 86.333 8.998 1.000
      vertex 86.151 8.849 1.000
    endloop
  endfacet
  facet normal -0.773010 0.634393 0.000000
    outer loop
      vertex 86.151 8.849 0.000
      vertex 86.002 8.667 0.000
      vertex 86.002 8.667 1.000
    endloop
  endfacet
  facet normal -0.773010 0.634393 0.000000
    outer loop
      vertex 86.151 8.849 0.000
      vertex 86.002 8.667 1.000
      vertex 86.151 8.849 1.000
    endloop
  endfacet
  facet normal 0.000000 0.000000 -1.000000
    outer loop
      vertex 87.000 8.000 0.000
      vertex 86.002 8.667 0.000
      vertex 86.151 8.849 0.000
    endloop
  endfacet
  facet normal 0.000000 0.000000 1.000000
    outer loop
      vertex 87.000 8.000 1.000
      vertex 86.151 8.849 1.000
      vertex 86.002 8.667 1.000
    endloop
  endfacet
  facet normal -0.881921 0.471397 0.000000
    outer loop
      vertex 86.002 8.667 0.000
      vertex 85.891 8.459 0.000
      vertex 85.891 8.459 1.000
    endloop
  endfacet
  facet normal -0.881921 0.471397 0.000000
    outer loop
      vertex 86.002 8.667 0.000
      vertex 85.891 8.459 1.000
      vertex 86.002 8.667 1.000
    endloop
  endfacet
  facet normal 0.000000 0.000000 -1.000000
    outer loop
      vertex 87.000 8.000 0.000
      vertex 85.891 8.459 0.000
      vertex 86.002 8.667 0.000
    endloop
  endfacet
  facet normal 0.000000 0.000000 1.000000
    outer loop
      vertex 87.000 8.000 1.000
      vertex 86.002 8.667 1.000
      vertex 85.891 8.459 1.000
    endloop
  endfacet
  facet normal -0.956940 0.290285 0.000000
    outer loop
      vertex 85.891 8.459 0.000
      vertex 85.823 8.234 0.000
      vertex 85.823 8.234 1.000
    endloop
  endfacet
  facet normal -0.956940 0.290285 0.000000
    outer loop
      vertex 85.891 8.459 0.000
      vertex 85.823 8.234 1.000
      vertex 85.891 8.459 1.000
    endloop
  endfacet
  facet normal 0.000000 0.000000 -1.000000
    outer loop
      vertex 87.000 8.000 0.000
      vertex 85.823 8.234 0.000
      vertex 85.891 8.459 0.000
    endloop
  endfacet
  facet normal 0.000000 0.000000 1.000000
    outer loop
      vertex 87.000 8.000 1.000
      vertex 85.891 8.459 1.000
      vertex 85.823 8.234 1.000
    endloop
  endfacet
  facet normal -0.995185 0.098017 0.000000
    outer loop
      vertex 85.823 8.234 0.000
      vertex 85.800 8.000 0.000
      vertex 85.800 8.000 1.000
    endloop
  endfacet
  facet normal -0.995185 0.098017 0.000000
    outer loop
      vertex 85.823 8.234 0.000
      vertex 85.800 8.000 1.000
      vertex 85.823 8.234 1.000
    endloop
  endfacet
  facet normal 0.000000 0.000000 -1.000000
    outer loop
      vertex 87.000 8.000 0.000
      vertex 85.800 8.000 0.000
      vertex 85.823 8.234 0.000
    endloop
  endfacet
  facet normal 0.000000 0.000000 1.000000
    outer loop
      vertex 87.000 8.000 1.000
      vertex 85.823 8.234 1.000
      vertex 85.800 8.000 1.000
    endloop
  endfacet
  facet normal -0.995185 -0.098017 0.000000
    outer loop
      vertex 85.800 8.000 0.000
      vertex 85.823 7.766 0.000
      vertex 85.823 7.766 1.000
    endloop
  endfacet
  facet normal -0.995185 -0.098017 0.000000
    outer loop
      vertex 85.800 8.000 0.000
      vertex 85.823 7.766 1.000
      vertex 85.800 8.000 1.000
    endloop
  endfacet
  facet normal -0.000000 0.000000 -1.000000
    outer loop
      vertex 87.000 8.000 0.000
      vertex 85.823 7.766 0.000
      vertex 85.800 8.000 0.000
    endloop
  endfacet
  facet normal 0.000000 0.000000 1.000000
    outer loop
      vertex 87.000 8.000 1.000
      vertex 85.800 8.000 1.000
      vertex 85.823 7.766 1.000
    endloop
  endfacet
  facet normal -0.956940 -0.290285 0.000000
    outer loop
      vertex 85.823 7.766 0.000
      vertex 85.891 7.541 0.000
      vertex 85.891 7.541 1.000
    endloop
  endfacet
  facet normal -0.956940 -0.290285 0.000000
    outer loop
      vertex 85.823 7.766 0.000
      vertex 85.891 7.541 1.000
      vertex 85.823 7.766 1.000
    endloop
  endfacet
  facet normal 0.000000 0.000000 -1.000000
    outer loop
      vertex 87.000 8.000 0.000
      vertex 85.891 7.541 0.000
      vertex 85.823 7.766 0.000
    endloop
  endfacet
  facet normal 0.000000 0.000000 1.000000
    outer loop
      vertex 87.000 8.000 1.000
      vertex 85.823 7.766 1.000
      vertex 85.891 7.541 1.000
    endloop
  endfacet
  facet normal -0.881921 -0.471397 0.000000
    outer loop
      vertex 85.891 7.541 0.000
      vertex 86.002 7.333 0.000
      vertex 86.002 7.333 1.000
    endloop
  endfacet
  facet normal -0.881921 -0.471397 0.000000
    outer loop
      vertex 85.891 7.541 0.000
      vertex 86.002 7.333 1.000
      vertex 85.891 7.541 1.000
    endloop
  endfacet
  facet normal 0.000000 0.000000 -1.000000
    outer loop
      vertex 87.000 8.000 0.000
      vertex 86.002 7.333 0.000
      vertex 85.891 7.541 0.000
    endloop
  endfacet
  facet normal 0.000000 0.000000 1.000000
    outer loop
      vertex 87.000 8.000 1.000
      vertex 85.891 7.541 1.000
      vertex 86.002 7.333 1.000
    endloop
  endfacet
  facet normal -0.773010 -0.634393 0.000000
    outer loop
      vertex 86.002 7.333 0.000
      vertex 86.151 7.151 0.000
      vertex 86.151 7.151 1.000
    endloop
  endfacet
  facet normal -0.773010 -0.634393 0.000000
    outer loop
      vertex 86.002 7.333 0.000
      vertex 86.151 7.151 1.000
      vertex 86.002 7.333 1.000
    endloop
  endfacet
  facet normal 0.000000 0.000000 -1.000000
    outer loop
      vertex 87.000 8.000 0.000
      vertex 86.151 7.151 0.000
      vertex 86.002 7.333 0.000
    endloop
  endfacet
  facet normal 0.000000 0.000000 1.000000
    outer loop
      vertex 87.000 8.000 1.000
      vertex 86.002 7.333 1.000
      vertex 86.151 7.151 1.000
    endloop
  endfacet
  facet normal -0.634393 -0.773010 0.000000
    outer loop
      vertex 86.151 7.151 0.000
      vertex 86.333 7.002 0.000
      vertex 86.333 7.002 1.000
    endloop
  endfacet
  facet normal -0.634393 -0.773010 0.000000
    outer loop
      vertex 86.151 7.151 0.000
      vertex 86.333 7.002 1.000
      vertex 86.151 7.151 1.000
    endloop
  endfacet
  facet normal 0.000000 0.000000 -1.000000
    outer loop
      vertex 87.000 8.000 0.000
      vertex 86.333 7.002 0.000
      vertex 86.151 7.151 0.000
    endloop
  endfacet
  facet normal 0.000000 0.000000 1.000000
    outer loop
      vertex 87.000 8.000 1.000
      vertex 86.151 7.151 1.000
      vertex 86.333 7.002 1.000
    endloop
  endfacet
  facet normal -0.471397 -0.881921 0.000000
    outer loop
      vertex 86.333 7.002 0.000
      vertex 86.541 6.891 0.000
      vertex 86.541 6.891 1.000
    endloop
  endfacet
  facet normal -0.471397 -0.881921 0.000000
    outer loop
      vertex 86.333 7.002 0.000
      vertex 86.541 6.891 1.000
      vertex 86.333 7.002 1.000
    endloop
  endfacet
  facet normal 0.000000 0.000000 -1.000000
    outer loop
      vertex 87.000 8.000 0.000
      vertex 86.541 6.891 0.000
      vertex 86.333 7.002 0.000
    endloop
  endfacet
  facet normal 0.000000 0.000000 1.000000
    outer loop
      vertex 87.000 8.000 1.000
      vertex 86.333 7.002 1.000
      vertex 86.541 6.891 1.000
    endloop
  endfacet
  facet normal -0.290285 -0.956940 0.000000
    outer loop
      vertex 86.541 6.891 0.000
      vertex 86.766 6.823 0.000
      vertex 86.766 6.823 1.000
    endloop
  endfacet
  facet normal -0.290285 -0.956940 0.000000
    outer loop
      vertex 86.541 6.891 0.000
      vertex 86.766 6.823 1.000
      vertex 86.541 6.891 1.000
    endloop
  endfacet
  facet normal 0.000000 0.000000 -1.000000
    outer loop
      vertex 87.000 8.000 0.000
      vertex 86.766 6.823 0.000
      vertex 86.541 6.891 0.000
    endloop
  endfacet
  facet normal 0.000000 0.000000 1.000000
    outer loop
      vertex 87.000 8.000 1.000
      vertex 86.541 6.891 1.000
      vertex 86.766 6.823 1.000
    endloop
  endfacet
  facet normal -0.098017 -0.995185 0.000000
    outer loop
      vertex 86.766 6.823 0.000
      vertex 87.000 6.800 0.000
      vertex 87.000 6.800 1.000
    endloop
  endfacet
  facet normal -0.098017 -0.995185 0.000000
    outer loop
      vertex 86.766 6.823 0.000
      vertex 87.000 6.800 1.000
      vertex 86.766 6.823 1.000
    endloop
  endfacet
  facet normal 0.000000 -0.000000 -1.000000
    outer loop
      vertex 87.000 8.000 0.000
      vertex 87.000 6.800 0.000
      vertex 86.766 6.823 0.000
    endloop
  endfacet
  facet normal 0.000000 0.000000 1.000000
    outer loop
      vertex 87.000 8.000 1.000
      vertex 86.766 6.823 1.000
      vertex 87.000 6.800 1.000
    endloop
  endfacet
  facet normal 0.098017 -0.995185 0.000000
    outer loop
      vertex 87.000 6.800 0.000
      vertex 87.234 6.823 0.000
      vertex 87.234 6.823 1.000
    endloop
  endfacet
  facet normal 0.098017 -0.995185 0.000000
    outer loop
      vertex 87.000 6.800 0.000
      vertex 87.234 6.823 1.000
      vertex 87.000 6.800 1.000
    endloop
  endfacet
  facet normal 0.000000 0.000000 -1.000000
    outer loop
      vertex 87.000 8.000 0.000
      vertex 87.234 6.823 0.000
      vertex 87.000 6.800 0.000
    endloop
  endfacet
  facet normal 0.000000 0.000000 1.000000
    outer loop
      vertex 87.000 8.000 1.000
      vertex 87.000 6.800 1.000
      vertex 87.234 6.823 1.000
    endloop
  endfacet
  facet normal 0.290285 -0.956940 0.000000
    outer loop
      vertex 87.234 6.823 0.000
      vertex 87.459 6.891 0.000
      vertex 87.459 6.891 1.000
    endloop
  endfacet
  facet normal 0.290285 -0.956940 0.000000
    outer loop
      vertex 87.234 6.823 0.000
      vertex 87.459 6.891 1.000
      vertex 87.234 6.823 1.000
    endloop
  endfacet
  facet normal 0.000000 0.000000 -1.000000
    outer loop
      vertex 87.000 8.000 0.000
      vertex 87.459 6.891 0.000
      vertex 87.234 6.823 0.000
    endloop
  endfacet
  facet normal 0.000000 0.000000 1.000000
    outer loop
      vertex 87.000 8.000 1.000
      vertex 87.234 6.823 1.000
      vertex 87.459 6.891 1.000
    endloop
  endfacet
  facet normal 0.471397 -0.881921 0.000000
    outer loop
      vertex 87.459 6.891 0.000
      vertex 87.667 7.002 0.000
      vertex 87.667 7.002 1.000
    endloop
  endfacet
  facet normal 0.471397 -0.881921 0.000000
    outer loop
      vertex 87.459 6.891 0.000
      vertex 87.667 7.002 1.000
      vertex 87.459 6.891 1.000
    endloop
  endfacet
  facet normal 0.000000 0.000000 -1.000000
    outer loop
      vertex 87.000 8.000 0.000
      vertex 87.667 7.002 0.000
      vertex 87.459 6.891 0.000
    endloop
  endfacet
  facet normal 0.000000 0.000000 1.000000
    outer loop
      vertex 87.000 8.000 1.000
      vertex 87.459 6.891 1.000
      vertex 87.667 7.002 1.000
    endloop
  endfacet
  facet normal 0.634393 -0.773010 0.000000
    outer loop
      vertex 87.667 7.002 0.000
      vertex 87.849 7.151 0.000
      vertex 87.849 7.151 1.000
    endloop
  endfacet
  facet normal 0.634393 -0.773010 0.000000
    outer loop
      vertex 87.667 7.002 0.000
      vertex 87.849 7.151 1.000
      vertex 87.667 7.002 1.000
    endloop
  endfacet
  facet normal 0.000000 0.000000 -1.000000
    outer loop
      vertex 87.000 8.000 0.000
      vertex 87.849 7.151 0.000
      vertex 87.667 7.002 0.000
    endloop
  endfacet
  facet normal 0.000000 0.000000 1.000000
    outer loop
      vertex 87.000 8.000 1.000
      vertex 87.667 7.002 1.000
      vertex 87.849 7.151 1.000
    endloop
  endfacet
  facet normal 0.773010 -0.634393 0.000000
    outer loop
      vertex 87.849 7.151 0.000
      vertex 87.998 7.333 0.000
      vertex 87.998 7.333 1.000
    endloop
  endfacet
  facet normal 0.773010 -0.634393 0.000000
    outer loop
      vertex 87.849 7.151 0.000
      vertex 87.998 7.333 1.000
      vertex 87.849 7.151 1.000
    endloop
  endfacet
  facet normal 0.000000 0.000000 -1.000000
    outer loop
      vertex 87.000 8.000 0.000
      vertex 87.998 7.333 0.000
      vertex 87.849 7.151 0.000
    endloop
  endfacet
  facet normal 0.000000 0.000000 1.000000
    outer loop
      vertex 87.000 8.000 1.000
      vertex 87.849 7.151 1.000
      vertex 87.998 7.333 1.000
    endloop
  endfacet
  facet normal 0.881921 -0.471397 0.000000
    outer loop
      vertex 87.998 7.333 0.000
      vertex 88.109 7.541 0.000
      vertex 88.109 7.541 1.000
    endloop
  endfacet
  facet normal 0.881921 -0.471397 0.000000
    outer loop
      vertex 87.998 7.333 0.000
      vertex 88.109 7.541 1.000
      vertex 87.998 7.333 1.000
    endloop
  endfacet
  facet normal 0.000000 0.000000 -1.000000
    outer loop
      vertex 87.000 8.000 0.000
      vertex 88.109 7.541 0.000
      vertex 87.998 7.333 0.000
    endloop
  endfacet
  facet normal 0.000000 0.000000 1.000000
    outer loop
      vertex 87.000 8.000 1.000
      vertex 87.998 7.333 1.000
      vertex 88.109 7.541 1.000
    endloop
  endfacet
  facet normal 0.956940 -0.290285 0.000000
    outer loop
      vertex 88.109 7.541 0.000
      vertex 88.177 7.766 0.000
      vertex 88.177 7.766 1.000
    endloop
  endfacet
  facet normal 0.956940 -0.290285 0.000000
    outer loop
      vertex 88.109 7.541 0.000
      vertex 88.177 7.766 1.000
      vertex 88.109 7.541 1.000
    endloop
  endfacet
  facet normal 0.000000 0.000000 -1.000000
    outer loop
      vertex 87.000 8.000 0.000
      vertex 88.177 7.766 0.000
      vertex 88.109 7.541 0.000
    endloop
  endfacet
  facet normal 0.000000 0.000000 1.000000
    outer loop
      vertex 87.000 8.000 1.000
      vertex 88.109 7.541 1.000
      vertex 88.177 7.766 1.000
    endloop
  endfacet
  facet normal 0.995185 -0.098017 0.000000
    outer loop
      vertex 88.177 7.766 0.000
      vertex 88.200 8.000 0.000
      vertex 88.200 8.000 1.000
    endloop
  endfacet
  facet normal 0.995185 -0.098017 0.000000
    outer loop
      vertex 88.177 7.766 0.000
      vertex 88.200 8.000 1.000
      vertex 88.177 7.766 1.000
    endloop
  endfacet
  facet normal 0.000000 0.000000 -1.000000
    outer loop
      vertex 87.000 8.000 0.000
      vertex 88.200 8.000 0.000
      vertex 88.177 7.766 0.000
    endloop
  endfacet
  facet normal -0.000000 0.000000 1.000000
    outer loop
      vertex 87.000 8.000 1.000
      vertex 88.177 7.766 1.000
      vertex 88.200 8.000 1.000
    endloop
  endfacet
  facet normal 0.995185 0.098017 0.000000
    outer loop
      vertex 10.500 117.000 -2.500
      vertex 10.452 117.488 -2.500
      vertex 10.452 117.488 0.000
    endloop
  endfacet
  facet normal 0.995185 0.098017 -0.000000
    outer loop
      vertex 10.500 117.000 -2.500
      vertex 10.452 117.488 0.000
      vertex 10.500 117.000 0.000
    endloop
  endfacet
  facet normal 0.000000 0.000000 -1.000000
    outer loop
      vertex 8.000 117.000 -2.500
      vertex 10.452 117.488 -2.500
      vertex 10.500 117.000 -2.500
    endloop
  endfacet
  facet normal 0.000000 0.000000 1.000000
    outer loop
      vertex 8.000 117.000 0.000
      vertex 10.500 117.000 0.000
      vertex 10.452 117.488 0.000
    endloop
  endfacet
  facet normal 0.956940 0.290285 0.000000
    outer loop
      vertex 10.452 117.488 -2.500
      vertex 10.310 117.957 -2.500
      vertex 10.310 117.957 0.000
    endloop
  endfacet
  facet normal 0.956940 0.290285 -0.000000
    outer loop
      vertex 10.452 117.488 -2.500
      vertex 10.310 117.957 0.000
      vertex 10.452 117.488 0.000
    endloop
  endfacet
  facet normal 0.000000 0.000000 -1.000000
    outer loop
      vertex 8.000 117.000 -2.500
      vertex 10.310 117.957 -2.500
      vertex 10.452 117.488 -2.500
    endloop
  endfacet
  facet normal 0.000000 0.000000 1.000000
    outer loop
      vertex 8.000 117.000 0.000
      vertex 10.452 117.488 0.000
      vertex 10.310 117.957 0.000
    endloop
  endfacet
  facet normal 0.881921 0.471397 0.000000
    outer loop
      vertex 10.310 117.957 -2.500
      vertex 10.079 118.389 -2.500
      vertex 10.079 118.389 0.000
    endloop
  endfacet
  facet normal 0.881921 0.471397 -0.000000
    outer loop
      vertex 10.310 117.957 -2.500
      vertex 10.079 118.389 0.000
      vertex 10.310 117.957 0.000
    endloop
  endfacet
  facet normal 0.000000 0.000000 -1.000000
    outer loop
      vertex 8.000 117.000 -2.500
      vertex 10.079 118.389 -2.500
      vertex 10.310 117.957 -2.500
    endloop
  endfacet
  facet normal 0.000000 0.000000 1.000000
    outer loop
      vertex 8.000 117.000 0.000
      vertex 10.310 117.957 0.000
      vertex 10.079 118.389 0.000
    endloop
  endfacet
  facet normal 0.773010 0.634393 0.000000
    outer loop
      vertex 10.079 118.389 -2.500
      vertex 9.768 118.768 -2.500
      vertex 9.768 118.768 0.000
    endloop
  endfacet
  facet normal 0.773010 0.634393 -0.000000
    outer loop
      vertex 10.079 118.389 -2.500
      vertex 9.768 118.768 0.000
      vertex 10.079 118.389 0.000
    endloop
  endfacet
  facet normal 0.000000 0.000000 -1.000000
    outer loop
      vertex 8.000 117.000 -2.500
      vertex 9.768 118.768 -2.500
      vertex 10.079 118.389 -2.500
    endloop
  endfacet
  facet normal 0.000000 0.000000 1.000000
    outer loop
      vertex 8.000 117.000 0.000
      vertex 10.079 118.389 0.000
      vertex 9.768 118.768 0.000
    endloop
  endfacet
  facet normal 0.634393 0.773010 0.000000
    outer loop
      vertex 9.768 118.768 -2.500
      vertex 9.389 119.079 -2.500
      vertex 9.389 119.079 0.000
    endloop
  endfacet
  facet normal 0.634393 0.773010 -0.000000
    outer loop
      vertex 9.768 118.768 -2.500
      vertex 9.389 119.079 0.000
      vertex 9.768 118.768 0.000
    endloop
  endfacet
  facet normal 0.000000 0.000000 -1.000000
    outer loop
      vertex 8.000 117.000 -2.500
      vertex 9.389 119.079 -2.500
      vertex 9.768 118.768 -2.500
    endloop
  endfacet
  facet normal 0.000000 0.000000 1.000000
    outer loop
      vertex 8.000 117.000 0.000
      vertex 9.768 118.768 0.000
      vertex 9.389 119.079 0.000
    endloop
  endfacet
  facet normal 0.471397 0.881921 0.000000
    outer loop
      vertex 9.389 119.079 -2.500
      vertex 8.957 119.310 -2.500
      vertex 8.957 119.310 0.000
    endloop
  endfacet
  facet normal 0.471397 0.881921 -0.000000
    outer loop
      vertex 9.389 119.079 -2.500
      vertex 8.957 119.310 0.000
      vertex 9.389 119.079 0.000
    endloop
  endfacet
  facet normal 0.000000 0.000000 -1.000000
    outer loop
      vertex 8.000 117.000 -2.500
      vertex 8.957 119.310 -2.500
      vertex 9.389 119.079 -2.500
    endloop
  endfacet
  facet normal 0.000000 0.000000 1.000000
    outer loop
      vertex 8.000 117.000 0.000
      vertex 9.389 119.079 0.000
      vertex 8.957 119.310 0.000
    endloop
  endfacet
  facet normal 0.290285 0.956940 0.000000
    outer loop
      vertex 8.957 119.310 -2.500
      vertex 8.488 119.452 -2.500
      vertex 8.488 119.452 0.000
    endloop
  endfacet
  facet normal 0.290285 0.956940 -0.000000
    outer loop
      vertex 8.957 119.310 -2.500
      vertex 8.488 119.452 0.000
      vertex 8.957 119.310 0.000
    endloop
  endfacet
  facet normal 0.000000 0.000000 -1.000000
    outer loop
      vertex 8.000 117.000 -2.500
      vertex 8.488 119.452 -2.500
      vertex 8.957 119.310 -2.500
    endloop
  endfacet
  facet normal 0.000000 0.000000 1.000000
    outer loop
      vertex 8.000 117.000 0.000
      vertex 8.957 119.310 0.000
      vertex 8.488 119.452 0.000
    endloop
  endfacet
  facet normal 0.098017 0.995185 0.000000
    outer loop
      vertex 8.488 119.452 -2.500
      vertex 8.000 119.500 -2.500
      vertex 8.000 119.500 0.000
    endloop
  endfacet
  facet normal 0.098017 0.995185 -0.000000
    outer loop
      vertex 8.488 119.452 -2.500
      vertex 8.000 119.500 0.000
      vertex 8.488 119.452 0.000
    endloop
  endfacet
  facet normal 0.000000 0.000000 -1.000000
    outer loop
      vertex 8.000 117.000 -2.500
      vertex 8.000 119.500 -2.500
      vertex 8.488 119.452 -2.500
    endloop
  endfacet
  facet normal 0.000000 0.000000 1.000000
    outer loop
      vertex 8.000 117.000 0.000
      vertex 8.488 119.452 0.000
      vertex 8.000 119.500 0.000
    endloop
  endfacet
  facet normal -0.098017 0.995185 0.000000
    outer loop
      vertex 8.000 119.500 -2.500
      vertex 7.512 119.452 -2.500
      vertex 7.512 119.452 0.000
    endloop
  endfacet
  facet normal -0.098017 0.995185 0.000000
    outer loop
      vertex 8.000 119.500 -2.500
      vertex 7.512 119.452 0.000
      vertex 8.000 119.500 0.000
    endloop
  endfacet
  facet normal 0.000000 0.000000 -1.000000
    outer loop
      vertex 8.000 117.000 -2.500
      vertex 7.512 119.452 -2.500
      vertex 8.000 119.500 -2.500
    endloop
  endfacet
  facet normal 0.000000 -0.000000 1.000000
    outer loop
      vertex 8.000 117.000 0.000
      vertex 8.000 119.500 0.000
      vertex 7.512 119.452 0.000
    endloop
  endfacet
  facet normal -0.290285 0.956940 0.000000
    outer loop
      vertex 7.512 119.452 -2.500
      vertex 7.043 119.310 -2.500
      vertex 7.043 119.310 0.000
    endloop
  endfacet
  facet normal -0.290285 0.956940 0.000000
    outer loop
      vertex 7.512 119.452 -2.500
      vertex 7.043 119.310 0.000
      vertex 7.512 119.452 0.000
    endloop
  endfacet
  facet normal 0.000000 0.000000 -1.000000
    outer loop
      vertex 8.000 117.000 -2.500
      vertex 7.043 119.310 -2.500
      vertex 7.512 119.452 -2.500
    endloop
  endfacet
  facet normal 0.000000 0.000000 1.000000
    outer loop
      vertex 8.000 117.000 0.000
      vertex 7.512 119.452 0.000
      vertex 7.043 119.310 0.000
    endloop
  endfacet
  facet normal -0.471397 0.881921 0.000000
    outer loop
      vertex 7.043 119.310 -2.500
      vertex 6.611 119.079 -2.500
      vertex 6.611 119.079 0.000
    endloop
  endfacet
  facet normal -0.471397 0.881921 0.000000
    outer loop
      vertex 7.043 119.310 -2.500
      vertex 6.611 119.079 0.000
      vertex 7.043 119.310 0.000
    endloop
  endfacet
  facet normal 0.000000 0.000000 -1.000000
    outer loop
      vertex 8.000 117.000 -2.500
      vertex 6.611 119.079 -2.500
      vertex 7.043 119.310 -2.500
    endloop
  endfacet
  facet normal 0.000000 0.000000 1.000000
    outer loop
      vertex 8.000 117.000 0.000
      vertex 7.043 119.310 0.000
      vertex 6.611 119.079 0.000
    endloop
  endfacet
  facet normal -0.634393 0.773010 0.000000
    outer loop
      vertex 6.611 119.079 -2.500
      vertex 6.232 118.768 -2.500
      vertex 6.232 118.768 0.000
    endloop
  endfacet
  facet normal -0.634393 0.773010 0.000000
    outer loop
      vertex 6.611 119.079 -2.500
      vertex 6.232 118.768 0.000
      vertex 6.611 119.079 0.000
    endloop
  endfacet
  facet normal 0.000000 0.000000 -1.000000
    outer loop
      vertex 8.000 117.000 -2.500
      vertex 6.232 118.768 -2.500
      vertex 6.611 119.079 -2.500
    endloop
  endfacet
  facet normal 0.000000 0.000000 1.000000
    outer loop
      vertex 8.000 117.000 0.000
      vertex 6.611 119.079 0.000
      vertex 6.232 118.768 0.000
    endloop
  endfacet
  facet normal -0.773010 0.634393 0.000000
    outer loop
      vertex 6.232 118.768 -2.500
      vertex 5.921 118.389 -2.500
      vertex 5.921 118.389 0.000
    endloop
  endfacet
  facet normal -0.773010 0.634393 0.000000
    outer loop
      vertex 6.232 118.768 -2.500
      vertex 5.921 118.389 0.000
      vertex 6.232 118.768 0.000
    endloop
  endfacet
  facet normal 0.000000 0.000000 -1.000000
    outer loop
      vertex 8.000 117.000 -2.500
      vertex 5.921 118.389 -2.500
      vertex 6.232 118.768 -2.500
    endloop
  endfacet
  facet normal 0.000000 0.000000 1.000000
    outer loop
      vertex 8.000 117.000 0.000
      vertex 6.232 118.768 0.000
      vertex 5.921 118.389 0.000
    endloop
  endfacet
  facet normal -0.881921 0.471397 0.000000
    outer loop
      vertex 5.921 118.389 -2.500
      vertex 5.690 117.957 -2.500
      vertex 5.690 117.957 0.000
    endloop
  endfacet
  facet normal -0.881921 0.471397 0.000000
    outer loop
      vertex 5.921 118.389 -2.500
      vertex 5.690 117.957 0.000
      vertex 5.921 118.389 0.000
    endloop
  endfacet
  facet normal 0.000000 0.000000 -1.000000
    outer loop
      vertex 8.000 117.000 -2.500
      vertex 5.690 117.957 -2.500
      vertex 5.921 118.389 -2.500
    endloop
  endfacet
  facet normal 0.000000 0.000000 1.000000
    outer loop
      vertex 8.000 117.000 0.000
      vertex 5.921 118.389 0.000
      vertex 5.690 117.957 0.000
    endloop
  endfacet
  facet normal -0.956940 0.290285 0.000000
    outer loop
      vertex 5.690 117.957 -2.500
      vertex 5.548 117.488 -2.500
      vertex 5.548 117.488 0.000
    endloop
  endfacet
  facet normal -0.956940 0.290285 0.000000
    outer loop
      vertex 5.690 117.957 -2.500
      vertex 5.548 117.488 0.000
      vertex 5.690 117.957 0.000
    endloop
  endfacet
  facet normal 0.000000 0.000000 -1.000000
    outer loop
      vertex 8.000 117.000 -2.500
      vertex 5.548 117.488 -2.500
      vertex 5.690 117.957 -2.500
    endloop
  endfacet
  facet normal 0.000000 0.000000 1.000000
    outer loop
      vertex 8.000 117.000 0.000
      vertex 5.690 117.957 0.000
      vertex 5.548 117.488 0.000
    endloop
  endfacet
  facet normal -0.995185 0.098017 0.000000
    outer loop
      vertex 5.548 117.488 -2.500
      vertex 5.500 117.000 -2.500
      vertex 5.500 117.000 0.000
    endloop
  endfacet
  facet normal -0.995185 0.098017 0.000000
    outer loop
      vertex 5.548 117.488 -2.500
      vertex 5.500 117.000 0.000
      vertex 5.548 117.488 0.000
    endloop
  endfacet
  facet normal 0.000000 0.000000 -1.000000
    outer loop
      vertex 8.000 117.000 -2.500
      vertex 5.500 117.000 -2.500
      vertex 5.548 117.488 -2.500
    endloop
  endfacet
  facet normal 0.000000 0.000000 1.000000
    outer loop
      vertex 8.000 117.000 0.000
      vertex 5.548 117.488 0.000
      vertex 5.500 117.000 0.000
    endloop
  endfacet
  facet normal -0.995185 -0.098017 0.000000
    outer loop
      vertex 5.500 117.000 -2.500
      vertex 5.548 116.512 -2.500
      vertex 5.548 116.512 0.000
    endloop
  endfacet
  facet normal -0.995185 -0.098017 0.000000
    outer loop
      vertex 5.500 117.000 -2.500
      vertex 5.548 116.512 0.000
      vertex 5.500 117.000 0.000
    endloop
  endfacet
  facet normal -0.000000 0.000000 -1.000000
    outer loop
      vertex 8.000 117.000 -2.500
      vertex 5.548 116.512 -2.500
      vertex 5.500 117.000 -2.500
    endloop
  endfacet
  facet normal 0.000000 0.000000 1.000000
    outer loop
      vertex 8.000 117.000 0.000
      vertex 5.500 117.000 0.000
      vertex 5.548 116.512 0.000
    endloop
  endfacet
  facet normal -0.956940 -0.290285 0.000000
    outer loop
      vertex 5.548 116.512 -2.500
      vertex 5.690 116.043 -2.500
      vertex 5.690 116.043 0.000
    endloop
  endfacet
  facet normal -0.956940 -0.290285 0.000000
    outer loop
      vertex 5.548 116.512 -2.500
      vertex 5.690 116.043 0.000
      vertex 5.548 116.512 0.000
    endloop
  endfacet
  facet normal 0.000000 0.000000 -1.000000
    outer loop
      vertex 8.000 117.000 -2.500
      vertex 5.690 116.043 -2.500
      vertex 5.548 116.512 -2.500
    endloop
  endfacet
  facet normal 0.000000 0.000000 1.000000
    outer loop
      vertex 8.000 117.000 0.000
      vertex 5.548 116.512 0.000
      vertex 5.690 116.043 0.000
    endloop
  endfacet
  facet normal -0.881921 -0.471397 0.000000
    outer loop
      vertex 5.690 116.043 -2.500
      vertex 5.921 115.611 -2.500
      vertex 5.921 115.611 0.000
    endloop
  endfacet
  facet normal -0.881921 -0.471397 0.000000
    outer loop
      vertex 5.690 116.043 -2.500
      vertex 5.921 115.611 0.000
      vertex 5.690 116.043 0.000
    endloop
  endfacet
  facet normal 0.000000 0.000000 -1.000000
    outer loop
      vertex 8.000 117.000 -2.500
      vertex 5.921 115.611 -2.500
      vertex 5.690 116.043 -2.500
    endloop
  endfacet
  facet normal 0.000000 0.000000 1.000000
    outer loop
      vertex 8.000 117.000 0.000
      vertex 5.690 116.043 0.000
      vertex 5.921 115.611 0.000
    endloop
  endfacet
  facet normal -0.773010 -0.634393 0.000000
    outer loop
      vertex 5.921 115.611 -2.500
      vertex 6.232 115.232 -2.500
      vertex 6.232 115.232 0.000
    endloop
  endfacet
  facet normal -0.773010 -0.634393 0.000000
    outer loop
      vertex 5.921 115.611 -2.500
      vertex 6.232 115.232 0.000
      vertex 5.921 115.611 0.000
    endloop
  endfacet
  facet normal 0.000000 0.000000 -1.000000
    outer loop
      vertex 8.000 117.000 -2.500
      vertex 6.232 115.232 -2.500
      vertex 5.921 115.611 -2.500
    endloop
  endfacet
  facet normal 0.000000 0.000000 1.000000
    outer loop
      vertex 8.000 117.000 0.000
      vertex 5.921 115.611 0.000
      vertex 6.232 115.232 0.000
    endloop
  endfacet
  facet normal -0.634393 -0.773010 0.000000
    outer loop
      vertex 6.232 115.232 -2.500
      vertex 6.611 114.921 -2.500
      vertex 6.611 114.921 0.000
    endloop
  endfacet
  facet normal -0.634393 -0.773010 0.000000
    outer loop
      vertex 6.232 115.232 -2.500
      vertex 6.611 114.921 0.000
      vertex 6.232 115.232 0.000
    endloop
  endfacet
  facet normal 0.000000 0.000000 -1.000000
    outer loop
      vertex 8.000 117.000 -2.500
      vertex 6.611 114.921 -2.500
      vertex 6.232 115.232 -2.500
    endloop
  endfacet
  facet normal 0.000000 0.000000 1.000000
    outer loop
      vertex 8.000 117.000 0.000
      vertex 6.232 115.232 0.000
      vertex 6.611 114.921 0.000
    endloop
  endfacet
  facet normal -0.471397 -0.881921 0.000000
    outer loop
      vertex 6.611 114.921 -2.500
      vertex 7.043 114.690 -2.500
      vertex 7.043 114.690 0.000
    endloop
  endfacet
  facet normal -0.471397 -0.881921 0.000000
    outer loop
      vertex 6.611 114.921 -2.500
      vertex 7.043 114.690 0.000
      vertex 6.611 114.921 0.000
    endloop
  endfacet
  facet normal 0.000000 0.000000 -1.000000
    outer loop
      vertex 8.000 117.000 -2.500
      vertex 7.043 114.690 -2.500
      vertex 6.611 114.921 -2.500
    endloop
  endfacet
  facet normal 0.000000 0.000000 1.000000
    outer loop
      vertex 8.000 117.000 0.000
      vertex 6.611 114.921 0.000
      vertex 7.043 114.690 0.000
    endloop
  endfacet
  facet normal -0.290285 -0.956940 0.000000
    outer loop
      vertex 7.043 114.690 -2.500
      vertex 7.512 114.548 -2.500
      vertex 7.512 114.548 0.000
    endloop
  endfacet
  facet normal -0.290285 -0.956940 0.000000
    outer loop
      vertex 7.043 114.690 -2.500
      vertex 7.512 114.548 0.000
      vertex 7.043 114.690 0.000
    endloop
  endfacet
  facet normal 0.000000 0.000000 -1.000000
    outer loop
      vertex 8.000 117.000 -2.500
      vertex 7.512 114.548 -2.500
      vertex 7.043 114.690 -2.500
    endloop
  endfacet
  facet normal 0.000000 0.000000 1.000000
    outer loop
      vertex 8.000 117.000 0.000
      vertex 7.043 114.690 0.000
      vertex 7.512 114.548 0.000
    endloop
  endfacet
  facet normal -0.098017 -0.995185 0.000000
    outer loop
      vertex 7.512 114.548 -2.500
      vertex 8.000 114.500 -2.500
      vertex 8.000 114.500 0.000
    endloop
  endfacet
  facet normal -0.098017 -0.995185 0.000000
    outer loop
      vertex 7.512 114.548 -2.500
      vertex 8.000 114.500 0.000
      vertex 7.512 114.548 0.000
    endloop
  endfacet
  facet normal 0.000000 0.000000 -1.000000
    outer loop
      vertex 8.000 117.000 -2.500
      vertex 8.000 114.500 -2.500
      vertex 7.512 114.548 -2.500
    endloop
  endfacet
  facet normal 0.000000 0.000000 1.000000
    outer loop
      vertex 8.000 117.000 0.000
      vertex 7.512 114.548 0.000
      vertex 8.000 114.500 0.000
    endloop
  endfacet
  facet normal 0.098017 -0.995185 0.000000
    outer loop
      vertex 8.000 114.500 -2.500
      vertex 8.488 114.548 -2.500
      vertex 8.488 114.548 0.000
    endloop
  endfacet
  facet normal 0.098017 -0.995185 0.000000
    outer loop
      vertex 8.000 114.500 -2.500
      vertex 8.488 114.548 0.000
      vertex 8.000 114.500 0.000
    endloop
  endfacet
  facet normal 0.000000 -0.000000 -1.000000
    outer loop
      vertex 8.000 117.000 -2.500
      vertex 8.488 114.548 -2.500
      vertex 8.000 114.500 -2.500
    endloop
  endfacet
  facet normal 0.000000 0.000000 1.000000
    outer loop
      vertex 8.000 117.000 0.000
      vertex 8.000 114.500 0.000
      vertex 8.488 114.548 0.000
    endloop
  endfacet
  facet normal 0.290285 -0.956940 0.000000
    outer loop
      vertex 8.488 114.548 -2.500
      vertex 8.957 114.690 -2.500
      vertex 8.957 114.690 0.000
    endloop
  endfacet
  facet normal 0.290285 -0.956940 0.000000
    outer loop
      vertex 8.488 114.548 -2.500
      vertex 8.957 114.690 0.000
      vertex 8.488 114.548 0.000
    endloop
  endfacet
  facet normal 0.000000 0.000000 -1.000000
    outer loop
      vertex 8.000 117.000 -2.500
      vertex 8.957 114.690 -2.500
      vertex 8.488 114.548 -2.500
    endloop
  endfacet
  facet normal 0.000000 0.000000 1.000000
    outer loop
      vertex 8.000 117.000 0.000
      vertex 8.488 114.548 0.000
      vertex 8.957 114.690 0.000
    endloop
  endfacet
  facet normal 0.471397 -0.881921 0.000000
    outer loop
      vertex 8.957 114.690 -2.500
      vertex 9.389 114.921 -2.500
      vertex 9.389 114.921 0.000
    endloop
  endfacet
  facet normal 0.471397 -0.881921 0.000000
    outer loop
      vertex 8.957 114.690 -2.500
      vertex 9.389 114.921 0.000
      vertex 8.957 114.690 0.000
    endloop
  endfacet
  facet normal 0.000000 0.000000 -1.000000
    outer loop
      vertex 8.000 117.000 -2.500
      vertex 9.389 114.921 -2.500
      vertex 8.957 114.690 -2.500
    endloop
  endfacet
  facet normal 0.000000 0.000000 1.000000
    outer loop
      vertex 8.000 117.000 0.000
      vertex 8.957 114.690 0.000
      vertex 9.389 114.921 0.000
    endloop
  endfacet
  facet normal 0.634393 -0.773010 0.000000
    outer loop
      vertex 9.389 114.921 -2.500
      vertex 9.768 115.232 -2.500
      vertex 9.768 115.232 0.000
    endloop
  endfacet
  facet normal 0.634393 -0.773010 0.000000
    outer loop
      vertex 9.389 114.921 -2.500
      vertex 9.768 115.232 0.000
      vertex 9.389 114.921 0.000
    endloop
  endfacet
  facet normal 0.000000 0.000000 -1.000000
    outer loop
      vertex 8.000 117.000 -2.500
      vertex 9.768 115.232 -2.500
      vertex 9.389 114.921 -2.500
    endloop
  endfacet
  facet normal 0.000000 0.000000 1.000000
    outer loop
      vertex 8.000 117.000 0.000
      vertex 9.389 114.921 0.000
      vertex 9.768 115.232 0.000
    endloop
  endfacet
  facet normal 0.773010 -0.634393 0.000000
    outer loop
      vertex 9.768 115.232 -2.500
      vertex 10.079 115.611 -2.500
      vertex 10.079 115.611 0.000
    endloop
  endfacet
  facet normal 0.773010 -0.634393 0.000000
    outer loop
      vertex 9.768 115.232 -2.500
      vertex 10.079 115.611 0.000
      vertex 9.768 115.232 0.000
    endloop
  endfacet
  facet normal 0.000000 0.000000 -1.000000
    outer loop
      vertex 8.000 117.000 -2.500
      vertex 10.079 115.611 -2.500
      vertex 9.768 115.232 -2.500
    endloop
  endfacet
  facet normal 0.000000 0.000000 1.000000
    outer loop
      vertex 8.000 117.000 0.000
      vertex 9.768 115.232 0.000
      vertex 10.079 115.611 0.000
    endloop
  endfacet
  facet normal 0.881921 -0.471397 0.000000
    outer loop
      vertex 10.079 115.611 -2.500
      vertex 10.310 116.043 -2.500
      vertex 10.310 116.043 0.000
    endloop
  endfacet
  facet normal 0.881921 -0.471397 0.000000
    outer loop
      vertex 10.079 115.611 -2.500
      vertex 10.310 116.043 0.000
      vertex 10.079 115.611 0.000
    endloop
  endfacet
  facet normal 0.000000 0.000000 -1.000000
    outer loop
      vertex 8.000 117.000 -2.500
      vertex 10.310 116.043 -2.500
      vertex 10.079 115.611 -2.500
    endloop
  endfacet
  facet normal 0.000000 0.000000 1.000000
    outer loop
      vertex 8.000 117.000 0.000
      vertex 10.079 115.611 0.000
      vertex 10.310 116.043 0.000
    endloop
  endfacet
  facet normal 0.956940 -0.290285 0.000000
    outer loop
      vertex 10.310 116.043 -2.500
      vertex 10.452 116.512 -2.500
      vertex 10.452 116.512 0.000
    endloop
  endfacet
  facet normal 0.956940 -0.290285 0.000000
    outer loop
      vertex 10.310 116.043 -2.500
      vertex 10.452 116.512 0.000
      vertex 10.310 116.043 0.000
    endloop
  endfacet
  facet normal 0.000000 0.000000 -1.000000
    outer loop
      vertex 8.000 117.000 -2.500
      vertex 10.452 116.512 -2.500
      vertex 10.310 116.043 -2.500
    endloop
  endfacet
  facet normal 0.000000 0.000000 1.000000
    outer loop
      vertex 8.000 117.000 0.000
      vertex 10.310 116.043 0.000
      vertex 10.452 116.512 0.000
    endloop
  endfacet
  facet normal 0.995185 -0.098017 0.000000
    outer loop
      vertex 10.452 116.512 -2.500
      vertex 10.500 117.000 -2.500
      vertex 10.500 117.000 0.000
    endloop
  endfacet
  facet normal 0.995185 -0.098017 0.000000
    outer loop
      vertex 10.452 116.512 -2.500
      vertex 10.500 117.000 0.000
      vertex 10.452 116.512 0.000
    endloop
  endfacet
  facet normal 0.000000 0.000000 -1.000000
    outer loop
      vertex 8.000 117.000 -2.500
      vertex 10.500 117.000 -2.500
      vertex 10.452 116.512 -2.500
    endloop
  endfacet
  facet normal -0.000000 0.000000 1.000000
    outer loop
      vertex 8.000 117.000 0.000
      vertex 10.452 116.512 0.000
      vertex 10.500 117.000 0.000
    endloop
  endfacet
  facet normal 0.995185 0.098017 0.000000
    outer loop
      vertex 9.200 117.000 0.000
      vertex 9.177 117.234 0.000
      vertex 9.177 117.234 1.000
    endloop
  endfacet
  facet normal 0.995185 0.098017 -0.000000
    outer loop
      vertex 9.200 117.000 0.000
      vertex 9.177 117.234 1.000
      vertex 9.200 117.000 1.000
    endloop
  endfacet
  facet normal 0.000000 0.000000 -1.000000
    outer loop
      vertex 8.000 117.000 0.000
      vertex 9.177 117.234 0.000
      vertex 9.200 117.000 0.000
    endloop
  endfacet
  facet normal 0.000000 0.000000 1.000000
    outer loop
      vertex 8.000 117.000 1.000
      vertex 9.200 117.000 1.000
      vertex 9.177 117.234 1.000
    endloop
  endfacet
  facet normal 0.956940 0.290285 0.000000
    outer loop
      vertex 9.177 117.234 0.000
      vertex 9.109 117.459 0.000
      vertex 9.109 117.459 1.000
    endloop
  endfacet
  facet normal 0.956940 0.290285 -0.000000
    outer loop
      vertex 9.177 117.234 0.000
      vertex 9.109 117.459 1.000
      vertex 9.177 117.234 1.000
    endloop
  endfacet
  facet normal 0.000000 0.000000 -1.000000
    outer loop
      vertex 8.000 117.000 0.000
      vertex 9.109 117.459 0.000
      vertex 9.177 117.234 0.000
    endloop
  endfacet
  facet normal 0.000000 0.000000 1.000000
    outer loop
      vertex 8.000 117.000 1.000
      vertex 9.177 117.234 1.000
      vertex 9.109 117.459 1.000
    endloop
  endfacet
  facet normal 0.881921 0.471397 0.000000
    outer loop
      vertex 9.109 117.459 0.000
      vertex 8.998 117.667 0.000
      vertex 8.998 117.667 1.000
    endloop
  endfacet
  facet normal 0.881921 0.471397 -0.000000
    outer loop
      vertex 9.109 117.459 0.000
      vertex 8.998 117.667 1.000
      vertex 9.109 117.459 1.000
    endloop
  endfacet
  facet normal 0.000000 0.000000 -1.000000
    outer loop
      vertex 8.000 117.000 0.000
      vertex 8.998 117.667 0.000
      vertex 9.109 117.459 0.000
    endloop
  endfacet
  facet normal 0.000000 0.000000 1.000000
    outer loop
      vertex 8.000 117.000 1.000
      vertex 9.109 117.459 1.000
      vertex 8.998 117.667 1.000
    endloop
  endfacet
  facet normal 0.773010 0.634393 0.000000
    outer loop
      vertex 8.998 117.667 0.000
      vertex 8.849 117.849 0.000
      vertex 8.849 117.849 1.000
    endloop
  endfacet
  facet normal 0.773010 0.634393 -0.000000
    outer loop
      vertex 8.998 117.667 0.000
      vertex 8.849 117.849 1.000
      vertex 8.998 117.667 1.000
    endloop
  endfacet
  facet normal 0.000000 0.000000 -1.000000
    outer loop
      vertex 8.000 117.000 0.000
      vertex 8.849 117.849 0.000
      vertex 8.998 117.667 0.000
    endloop
  endfacet
  facet normal 0.000000 0.000000 1.000000
    outer loop
      vertex 8.000 117.000 1.000
      vertex 8.998 117.667 1.000
      vertex 8.849 117.849 1.000
    endloop
  endfacet
  facet normal 0.634393 0.773010 0.000000
    outer loop
      vertex 8.849 117.849 0.000
      vertex 8.667 117.998 0.000
      vertex 8.667 117.998 1.000
    endloop
  endfacet
  facet normal 0.634393 0.773010 -0.000000
    outer loop
      vertex 8.849 117.849 0.000
      vertex 8.667 117.998 1.000
      vertex 8.849 117.849 1.000
    endloop
  endfacet
  facet normal 0.000000 0.000000 -1.000000
    outer loop
      vertex 8.000 117.000 0.000
      vertex 8.667 117.998 0.000
      vertex 8.849 117.849 0.000
    endloop
  endfacet
  facet normal 0.000000 0.000000 1.000000
    outer loop
      vertex 8.000 117.000 1.000
      vertex 8.849 117.849 1.000
      vertex 8.667 117.998 1.000
    endloop
  endfacet
  facet normal 0.471397 0.881921 0.000000
    outer loop
      vertex 8.667 117.998 0.000
      vertex 8.459 118.109 0.000
      vertex 8.459 118.109 1.000
    endloop
  endfacet
  facet normal 0.471397 0.881921 -0.000000
    outer loop
      vertex 8.667 117.998 0.000
      vertex 8.459 118.109 1.000
      vertex 8.667 117.998 1.000
    endloop
  endfacet
  facet normal 0.000000 0.000000 -1.000000
    outer loop
      vertex 8.000 117.000 0.000
      vertex 8.459 118.109 0.000
      vertex 8.667 117.998 0.000
    endloop
  endfacet
  facet normal 0.000000 0.000000 1.000000
    outer loop
      vertex 8.000 117.000 1.000
      vertex 8.667 117.998 1.000
      vertex 8.459 118.109 1.000
    endloop
  endfacet
  facet normal 0.290285 0.956940 0.000000
    outer loop
      vertex 8.459 118.109 0.000
      vertex 8.234 118.177 0.000
      vertex 8.234 118.177 1.000
    endloop
  endfacet
  facet normal 0.290285 0.956940 -0.000000
    outer loop
      vertex 8.459 118.109 0.000
      vertex 8.234 118.177 1.000
      vertex 8.459 118.109 1.000
    endloop
  endfacet
  facet normal 0.000000 0.000000 -1.000000
    outer loop
      vertex 8.000 117.000 0.000
      vertex 8.234 118.177 0.000
      vertex 8.459 118.109 0.000
    endloop
  endfacet
  facet normal 0.000000 0.000000 1.000000
    outer loop
      vertex 8.000 117.000 1.000
      vertex 8.459 118.109 1.000
      vertex 8.234 118.177 1.000
    endloop
  endfacet
  facet normal 0.098017 0.995185 0.000000
    outer loop
      vertex 8.234 118.177 0.000
      vertex 8.000 118.200 0.000
      vertex 8.000 118.200 1.000
    endloop
  endfacet
  facet normal 0.098017 0.995185 -0.000000
    outer loop
      vertex 8.234 118.177 0.000
      vertex 8.000 118.200 1.000
      vertex 8.234 118.177 1.000
    endloop
  endfacet
  facet normal 0.000000 0.000000 -1.000000
    outer loop
      vertex 8.000 117.000 0.000
      vertex 8.000 118.200 0.000
      vertex 8.234 118.177 0.000
    endloop
  endfacet
  facet normal 0.000000 0.000000 1.000000
    outer loop
      vertex 8.000 117.000 1.000
      vertex 8.234 118.177 1.000
      vertex 8.000 118.200 1.000
    endloop
  endfacet
  facet normal -0.098017 0.995185 0.000000
    outer loop
      vertex 8.000 118.200 0.000
      vertex 7.766 118.177 0.000
      vertex 7.766 118.177 1.000
    endloop
  endfacet
  facet normal -0.098017 0.995185 0.000000
    outer loop
      vertex 8.000 118.200 0.000
      vertex 7.766 118.177 1.000
      vertex 8.000 118.200 1.000
    endloop
  endfacet
  facet normal 0.000000 0.000000 -1.000000
    outer loop
      vertex 8.000 117.000 0.000
      vertex 7.766 118.177 0.000
      vertex 8.000 118.200 0.000
    endloop
  endfacet
  facet normal 0.000000 -0.000000 1.000000
    outer loop
      vertex 8.000 117.000 1.000
      vertex 8.000 118.200 1.000
      vertex 7.766 118.177 1.000
    endloop
  endfacet
  facet normal -0.290285 0.956940 0.000000
    outer loop
      vertex 7.766 118.177 0.000
      vertex 7.541 118.109 0.000
      vertex 7.541 118.109 1.000
    endloop
  endfacet
  facet normal -0.290285 0.956940 0.000000
    outer loop
      vertex 7.766 118.177 0.000
      vertex 7.541 118.109 1.000
      vertex 7.766 118.177 1.000
    endloop
  endfacet
  facet normal 0.000000 0.000000 -1.000000
    outer loop
      vertex 8.000 117.000 0.000
      vertex 7.541 118.109 0.000
      vertex 7.766 118.177 0.000
    endloop
  endfacet
  facet normal 0.000000 0.000000 1.000000
    outer loop
      vertex 8.000 117.000 1.000
      vertex 7.766 118.177 1.000
      vertex 7.541 118.109 1.000
    endloop
  endfacet
  facet normal -0.471397 0.881921 0.000000
    outer loop
      vertex 7.541 118.109 0.000
      vertex 7.333 117.998 0.000
      vertex 7.333 117.998 1.000
    endloop
  endfacet
  facet normal -0.471397 0.881921 0.000000
    outer loop
      vertex 7.541 118.109 0.000
      vertex 7.333 117.998 1.000
      vertex 7.541 118.109 1.000
    endloop
  endfacet
  facet normal 0.000000 0.000000 -1.000000
    outer loop
      vertex 8.000 117.000 0.000
      vertex 7.333 117.998 0.000
      vertex 7.541 118.109 0.000
    endloop
  endfacet
  facet normal 0.000000 0.000000 1.000000
    outer loop
      vertex 8.000 117.000 1.000
      vertex 7.541 118.109 1.000
      vertex 7.333 117.998 1.000
    endloop
  endfacet
  facet normal -0.634393 0.773010 0.000000
    outer loop
      vertex 7.333 117.998 0.000
      vertex 7.151 117.849 0.000
      vertex 7.151 117.849 1.000
    endloop
  endfacet
  facet normal -0.634393 0.773010 0.000000
    outer loop
      vertex 7.333 117.998 0.000
      vertex 7.151 117.849 1.000
      vertex 7.333 117.998 1.000
    endloop
  endfacet
  facet normal 0.000000 0.000000 -1.000000
    outer loop
      vertex 8.000 117.000 0.000
      vertex 7.151 117.849 0.000
      vertex 7.333 117.998 0.000
    endloop
  endfacet
  facet normal 0.000000 0.000000 1.000000
    outer loop
      vertex 8.000 117.000 1.000
      vertex 7.333 117.998 1.000
      vertex 7.151 117.849 1.000
    endloop
  endfacet
  facet normal -0.773010 0.634393 0.000000
    outer loop
      vertex 7.151 117.849 0.000
      vertex 7.002 117.667 0.000
      vertex 7.002 117.667 1.000
    endloop
  endfacet
  facet normal -0.773010 0.634393 0.000000
    outer loop
      vertex 7.151 117.849 0.000
      vertex 7.002 117.667 1.000
      vertex 7.151 117.849 1.000
    endloop
  endfacet
  facet normal 0.000000 0.000000 -1.000000
    outer loop
      vertex 8.000 117.000 0.000
      vertex 7.002 117.667 0.000
      vertex 7.151 117.849 0.000
    endloop
  endfacet
  facet normal 0.000000 0.000000 1.000000
    outer loop
      vertex 8.000 117.000 1.000
      vertex 7.151 117.849 1.000
      vertex 7.002 117.667 1.000
    endloop
  endfacet
  facet normal -0.881921 0.471397 0.000000
    outer loop
      vertex 7.002 117.667 0.000
      vertex 6.891 117.459 0.000
      vertex 6.891 117.459 1.000
    endloop
  endfacet
  facet normal -0.881921 0.471397 0.000000
    outer loop
      vertex 7.002 117.667 0.000
      vertex 6.891 117.459 1.000
      vertex 7.002 117.667 1.000
    endloop
  endfacet
  facet normal 0.000000 0.000000 -1.000000
    outer loop
      vertex 8.000 117.000 0.000
      vertex 6.891 117.459 0.000
      vertex 7.002 117.667 0.000
    endloop
  endfacet
  facet normal 0.000000 0.000000 1.000000
    outer loop
      vertex 8.000 117.000 1.000
      vertex 7.002 117.667 1.000
      vertex 6.891 117.459 1.000
    endloop
  endfacet
  facet normal -0.956940 0.290285 0.000000
    outer loop
      vertex 6.891 117.459 0.000
      vertex 6.823 117.234 0.000
      vertex 6.823 117.234 1.000
    endloop
  endfacet
  facet normal -0.956940 0.290285 0.000000
    outer loop
      vertex 6.891 117.459 0.000
      vertex 6.823 117.234 1.000
      vertex 6.891 117.459 1.000
    endloop
  endfacet
  facet normal 0.000000 0.000000 -1.000000
    outer loop
      vertex 8.000 117.000 0.000
      vertex 6.823 117.234 0.000
      vertex 6.891 117.459 0.000
    endloop
  endfacet
  facet normal 0.000000 0.000000 1.000000
    outer loop
      vertex 8.000 117.000 1.000
      vertex 6.891 117.459 1.000
      vertex 6.823 117.234 1.000
    endloop
  endfacet
  facet normal -0.995185 0.098017 0.000000
    outer loop
      vertex 6.823 117.234 0.000
      vertex 6.800 117.000 0.000
      vertex 6.800 117.000 1.000
    endloop
  endfacet
  facet normal -0.995185 0.098017 0.000000
    outer loop
      vertex 6.823 117.234 0.000
      vertex 6.800 117.000 1.000
      vertex 6.823 117.234 1.000
    endloop
  endfacet
  facet normal 0.000000 0.000000 -1.000000
    outer loop
      vertex 8.000 117.000 0.000
      vertex 6.800 117.000 0.000
      vertex 6.823 117.234 0.000
    endloop
  endfacet
  facet normal 0.000000 0.000000 1.000000
    outer loop
      vertex 8.000 117.000 1.000
      vertex 6.823 117.234 1.000
      vertex 6.800 117.000 1.000
    endloop
  endfacet
  facet normal -0.995185 -0.098017 0.000000
    outer loop
      vertex 6.800 117.000 0.000
      vertex 6.823 116.766 0.000
      vertex 6.823 116.766 1.000
    endloop
  endfacet
  facet normal -0.995185 -0.098017 0.000000
    outer loop
      vertex 6.800 117.000 0.000
      vertex 6.823 116.766 1.000
      vertex 6.800 117.000 1.000
    endloop
  endfacet
  facet normal -0.000000 0.000000 -1.000000
    outer loop
      vertex 8.000 117.000 0.000
      vertex 6.823 116.766 0.000
      vertex 6.800 117.000 0.000
    endloop
  endfacet
  facet normal 0.000000 0.000000 1.000000
    outer loop
      vertex 8.000 117.000 1.000
      vertex 6.800 117.000 1.000
      vertex 6.823 116.766 1.000
    endloop
  endfacet
  facet normal -0.956940 -0.290285 0.000000
    outer loop
      vertex 6.823 116.766 0.000
      vertex 6.891 116.541 0.000
      vertex 6.891 116.541 1.000
    endloop
  endfacet
  facet normal -0.956940 -0.290285 0.000000
    outer loop
      vertex 6.823 116.766 0.000
      vertex 6.891 116.541 1.000
      vertex 6.823 116.766 1.000
    endloop
  endfacet
  facet normal 0.000000 0.000000 -1.000000
    outer loop
      vertex 8.000 117.000 0.000
      vertex 6.891 116.541 0.000
      vertex 6.823 116.766 0.000
    endloop
  endfacet
  facet normal 0.000000 0.000000 1.000000
    outer loop
      vertex 8.000 117.000 1.000
      vertex 6.823 116.766 1.000
      vertex 6.891 116.541 1.000
    endloop
  endfacet
  facet normal -0.881921 -0.471397 0.000000
    outer loop
      vertex 6.891 116.541 0.000
      vertex 7.002 116.333 0.000
      vertex 7.002 116.333 1.000
    endloop
  endfacet
  facet normal -0.881921 -0.471397 0.000000
    outer loop
      vertex 6.891 116.541 0.000
      vertex 7.002 116.333 1.000
      vertex 6.891 116.541 1.000
    endloop
  endfacet
  facet normal 0.000000 0.000000 -1.000000
    outer loop
      vertex 8.000 117.000 0.000
      vertex 7.002 116.333 0.000
      vertex 6.891 116.541 0.000
    endloop
  endfacet
  facet normal 0.000000 0.000000 1.000000
    outer loop
      vertex 8.000 117.000 1.000
      vertex 6.891 116.541 1.000
      vertex 7.002 116.333 1.000
    endloop
  endfacet
  facet normal -0.773010 -0.634393 0.000000
    outer loop
      vertex 7.002 116.333 0.000
      vertex 7.151 116.151 0.000
      vertex 7.151 116.151 1.000
    endloop
  endfacet
  facet normal -0.773010 -0.634393 0.000000
    outer loop
      vertex 7.002 116.333 0.000
      vertex 7.151 116.151 1.000
      vertex 7.002 116.333 1.000
    endloop
  endfacet
  facet normal 0.000000 0.000000 -1.000000
    outer loop
      vertex 8.000 117.000 0.000
      vertex 7.151 116.151 0.000
      vertex 7.002 116.333 0.000
    endloop
  endfacet
  facet normal 0.000000 0.000000 1.000000
    outer loop
      vertex 8.000 117.000 1.000
      vertex 7.002 116.333 1.000
      vertex 7.151 116.151 1.000
    endloop
  endfacet
  facet normal -0.634393 -0.773010 0.000000
    outer loop
      vertex 7.151 116.151 0.000
      vertex 7.333 116.002 0.000
      vertex 7.333 116.002 1.000
    endloop
  endfacet
  facet normal -0.634393 -0.773010 0.000000
    outer loop
      vertex 7.151 116.151 0.000
      vertex 7.333 116.002 1.000
      vertex 7.151 116.151 1.000
    endloop
  endfacet
  facet normal 0.000000 0.000000 -1.000000
    outer loop
      vertex 8.000 117.000 0.000
      vertex 7.333 116.002 0.000
      vertex 7.151 116.151 0.000
    endloop
  endfacet
  facet normal 0.000000 0.000000 1.000000
    outer loop
      vertex 8.000 117.000 1.000
      vertex 7.151 116.151 1.000
      vertex 7.333 116.002 1.000
    endloop
  endfacet
  facet normal -0.471397 -0.881921 0.000000
    outer loop
      vertex 7.333 116.002 0.000
      vertex 7.541 115.891 0.000
      vertex 7.541 115.891 1.000
    endloop
  endfacet
  facet normal -0.471397 -0.881921 0.000000
    outer loop
      vertex 7.333 116.002 0.000
      vertex 7.541 115.891 1.000
      vertex 7.333 116.002 1.000
    endloop
  endfacet
  facet normal 0.000000 0.000000 -1.000000
    outer loop
      vertex 8.000 117.000 0.000
      vertex 7.541 115.891 0.000
      vertex 7.333 116.002 0.000
    endloop
  endfacet
  facet normal 0.000000 0.000000 1.000000
    outer loop
      vertex 8.000 117.000 1.000
      vertex 7.333 116.002 1.000
      vertex 7.541 115.891 1.000
    endloop
  endfacet
  facet normal -0.290285 -0.956940 0.000000
    outer loop
      vertex 7.541 115.891 0.000
      vertex 7.766 115.823 0.000
      vertex 7.766 115.823 1.000
    endloop
  endfacet
  facet normal -0.290285 -0.956940 0.000000
    outer loop
      vertex 7.541 115.891 0.000
      vertex 7.766 115.823 1.000
      vertex 7.541 115.891 1.000
    endloop
  endfacet
  facet normal 0.000000 0.000000 -1.000000
    outer loop
      vertex 8.000 117.000 0.000
      vertex 7.766 115.823 0.000
      vertex 7.541 115.891 0.000
    endloop
  endfacet
  facet normal 0.000000 0.000000 1.000000
    outer loop
      vertex 8.000 117.000 1.000
      vertex 7.541 115.891 1.000
      vertex 7.766 115.823 1.000
    endloop
  endfacet
  facet normal -0.098017 -0.995185 0.000000
    outer loop
      vertex 7.766 115.823 0.000
      vertex 8.000 115.800 0.000
      vertex 8.000 115.800 1.000
    endloop
  endfacet
  facet normal -0.098017 -0.995185 0.000000
    outer loop
      vertex 7.766 115.823 0.000
      vertex 8.000 115.800 1.000
      vertex 7.766 115.823 1.000
    endloop
  endfacet
  facet normal 0.000000 -0.000000 -1.000000
    outer loop
      vertex 8.000 117.000 0.000
      vertex 8.000 115.800 0.000
      vertex 7.766 115.823 0.000
    endloop
  endfacet
  facet normal 0.000000 0.000000 1.000000
    outer loop
      vertex 8.000 117.000 1.000
      vertex 7.766 115.823 1.000
      vertex 8.000 115.800 1.000
    endloop
  endfacet
  facet normal 0.098017 -0.995185 0.000000
    outer loop
      vertex 8.000 115.800 0.000
      vertex 8.234 115.823 0.000
      vertex 8.234 115.823 1.000
    endloop
  endfacet
  facet normal 0.098017 -0.995185 0.000000
    outer loop
      vertex 8.000 115.800 0.000
      vertex 8.234 115.823 1.000
      vertex 8.000 115.800 1.000
    endloop
  endfacet
  facet normal 0.000000 0.000000 -1.000000
    outer loop
      vertex 8.000 117.000 0.000
      vertex 8.234 115.823 0.000
      vertex 8.000 115.800 0.000
    endloop
  endfacet
  facet normal 0.000000 0.000000 1.000000
    outer loop
      vertex 8.000 117.000 1.000
      vertex 8.000 115.800 1.000
      vertex 8.234 115.823 1.000
    endloop
  endfacet
  facet normal 0.290285 -0.956940 0.000000
    outer loop
      vertex 8.234 115.823 0.000
      vertex 8.459 115.891 0.000
      vertex 8.459 115.891 1.000
    endloop
  endfacet
  facet normal 0.290285 -0.956940 0.000000
    outer loop
      vertex 8.234 115.823 0.000
      vertex 8.459 115.891 1.000
      vertex 8.234 115.823 1.000
    endloop
  endfacet
  facet normal 0.000000 0.000000 -1.000000
    outer loop
      vertex 8.000 117.000 0.000
      vertex 8.459 115.891 0.000
      vertex 8.234 115.823 0.000
    endloop
  endfacet
  facet normal 0.000000 0.000000 1.000000
    outer loop
      vertex 8.000 117.000 1.000
      vertex 8.234 115.823 1.000
      vertex 8.459 115.891 1.000
    endloop
  endfacet
  facet normal 0.471397 -0.881921 0.000000
    outer loop
      vertex 8.459 115.891 0.000
      vertex 8.667 116.002 0.000
      vertex 8.667 116.002 1.000
    endloop
  endfacet
  facet normal 0.471397 -0.881921 0.000000
    outer loop
      vertex 8.459 115.891 0.000
      vertex 8.667 116.002 1.000
      vertex 8.459 115.891 1.000
    endloop
  endfacet
  facet normal 0.000000 0.000000 -1.000000
    outer loop
      vertex 8.000 117.000 0.000
      vertex 8.667 116.002 0.000
      vertex 8.459 115.891 0.000
    endloop
  endfacet
  facet normal 0.000000 0.000000 1.000000
    outer loop
      vertex 8.000 117.000 1.000
      vertex 8.459 115.891 1.000
      vertex 8.667 116.002 1.000
    endloop
  endfacet
  facet normal 0.634393 -0.773010 0.000000
    outer loop
      vertex 8.667 116.002 0.000
      vertex 8.849 116.151 0.000
      vertex 8.849 116.151 1.000
    endloop
  endfacet
  facet normal 0.634393 -0.773010 0.000000
    outer loop
      vertex 8.667 116.002 0.000
      vertex 8.849 116.151 1.000
      vertex 8.667 116.002 1.000
    endloop
  endfacet
  facet normal 0.000000 0.000000 -1.000000
    outer loop
      vertex 8.000 117.000 0.000
      vertex 8.849 116.151 0.000
      vertex 8.667 116.002 0.000
    endloop
  endfacet
  facet normal 0.000000 0.000000 1.000000
    outer loop
      vertex 8.000 117.000 1.000
      vertex 8.667 116.002 1.000
      vertex 8.849 116.151 1.000
    endloop
  endfacet
  facet normal 0.773010 -0.634393 0.000000
    outer loop
      vertex 8.849 116.151 0.000
      vertex 8.998 116.333 0.000
      vertex 8.998 116.333 1.000
    endloop
  endfacet
  facet normal 0.773010 -0.634393 0.000000
    outer loop
      vertex 8.849 116.151 0.000
      vertex 8.998 116.333 1.000
      vertex 8.849 116.151 1.000
    endloop
  endfacet
  facet normal 0.000000 0.000000 -1.000000
    outer loop
      vertex 8.000 117.000 0.000
      vertex 8.998 116.333 0.000
      vertex 8.849 116.151 0.000
    endloop
  endfacet
  facet normal 0.000000 0.000000 1.000000
    outer loop
      vertex 8.000 117.000 1.000
      vertex 8.849 116.151 1.000
      vertex 8.998 116.333 1.000
    endloop
  endfacet
  facet normal 0.881921 -0.471397 0.000000
    outer loop
      vertex 8.998 116.333 0.000
      vertex 9.109 116.541 0.000
      vertex 9.109 116.541 1.000
    endloop
  endfacet
  facet normal 0.881921 -0.471397 0.000000
    outer loop
      vertex 8.998 116.333 0.000
      vertex 9.109 116.541 1.000
      vertex 8.998 116.333 1.000
    endloop
  endfacet
  facet normal 0.000000 0.000000 -1.000000
    outer loop
      vertex 8.000 117.000 0.000
      vertex 9.109 116.541 0.000
      vertex 8.998 116.333 0.000
    endloop
  endfacet
  facet normal 0.000000 0.000000 1.000000
    outer loop
      vertex 8.000 117.000 1.000
      vertex 8.998 116.333 1.000
      vertex 9.109 116.541 1.000
    endloop
  endfacet
  facet normal 0.956940 -0.290285 0.000000
    outer loop
      vertex 9.109 116.541 0.000
      vertex 9.177 116.766 0.000
      vertex 9.177 116.766 1.000
    endloop
  endfacet
  facet normal 0.956940 -0.290285 0.000000
    outer loop
      vertex 9.109 116.541 0.000
      vertex 9.177 116.766 1.000
      vertex 9.109 116.541 1.000
    endloop
  endfacet
  facet normal 0.000000 0.000000 -1.000000
    outer loop
      vertex 8.000 117.000 0.000
      vertex 9.177 116.766 0.000
      vertex 9.109 116.541 0.000
    endloop
  endfacet
  facet normal 0.000000 0.000000 1.000000
    outer loop
      vertex 8.000 117.000 1.000
      vertex 9.109 116.541 1.000
      vertex 9.177 116.766 1.000
    endloop
  endfacet
  facet normal 0.995185 -0.098017 0.000000
    outer loop
      vertex 9.177 116.766 0.000
      vertex 9.200 117.000 0.000
      vertex 9.200 117.000 1.000
    endloop
  endfacet
  facet normal 0.995185 -0.098017 0.000000
    outer loop
      vertex 9.177 116.766 0.000
      vertex 9.200 117.000 1.000
      vertex 9.177 116.766 1.000
    endloop
  endfacet
  facet normal 0.000000 0.000000 -1.000000
    outer loop
      vertex 8.000 117.000 0.000
      vertex 9.200 117.000 0.000
      vertex 9.177 116.766 0.000
    endloop
  endfacet
  facet normal -0.000000 0.000000 1.000000
    outer loop
      vertex 8.000 117.000 1.000
      vertex 9.177 116.766 1.000
      vertex 9.200 117.000 1.000
    endloop
  endfacet
  facet normal 0.995185 0.098017 0.000000
    outer loop
      vertex 89.500 117.000 -2.500
      vertex 89.452 117.488 -2.500
      vertex 89.452 117.488 0.000
    endloop
  endfacet
  facet normal 0.995185 0.098017 -0.000000
    outer loop
      vertex 89.500 117.000 -2.500
      vertex 89.452 117.488 0.000
      vertex 89.500 117.000 0.000
    endloop
  endfacet
  facet normal 0.000000 0.000000 -1.000000
    outer loop
      vertex 87.000 117.000 -2.500
      vertex 89.452 117.488 -2.500
      vertex 89.500 117.000 -2.500
    endloop
  endfacet
  facet normal 0.000000 0.000000 1.000000
    outer loop
      vertex 87.000 117.000 0.000
      vertex 89.500 117.000 0.000
      vertex 89.452 117.488 0.000
    endloop
  endfacet
  facet normal 0.956940 0.290285 0.000000
    outer loop
      vertex 89.452 117.488 -2.500
      vertex 89.310 117.957 -2.500
      vertex 89.310 117.957 0.000
    endloop
  endfacet
  facet normal 0.956940 0.290285 -0.000000
    outer loop
      vertex 89.452 117.488 -2.500
      vertex 89.310 117.957 0.000
      vertex 89.452 117.488 0.000
    endloop
  endfacet
  facet normal 0.000000 0.000000 -1.000000
    outer loop
      vertex 87.000 117.000 -2.500
      vertex 89.310 117.957 -2.500
      vertex 89.452 117.488 -2.500
    endloop
  endfacet
  facet normal 0.000000 0.000000 1.000000
    outer loop
      vertex 87.000 117.000 0.000
      vertex 89.452 117.488 0.000
      vertex 89.310 117.957 0.000
    endloop
  endfacet
  facet normal 0.881921 0.471397 0.000000
    outer loop
      vertex 89.310 117.957 -2.500
      vertex 89.079 118.389 -2.500
      vertex 89.079 118.389 0.000
    endloop
  endfacet
  facet normal 0.881921 0.471397 -0.000000
    outer loop
      vertex 89.310 117.957 -2.500
      vertex 89.079 118.389 0.000
      vertex 89.310 117.957 0.000
    endloop
  endfacet
  facet normal 0.000000 0.000000 -1.000000
    outer loop
      vertex 87.000 117.000 -2.500
      vertex 89.079 118.389 -2.500
      vertex 89.310 117.957 -2.500
    endloop
  endfacet
  facet normal 0.000000 0.000000 1.000000
    outer loop
      vertex 87.000 117.000 0.000
      vertex 89.310 117.957 0.000
      vertex 89.079 118.389 0.000
    endloop
  endfacet
  facet normal 0.773010 0.634393 0.000000
    outer loop
      vertex 89.079 118.389 -2.500
      vertex 88.768 118.768 -2.500
      vertex 88.768 118.768 0.000
    endloop
  endfacet
  facet normal 0.773010 0.634393 -0.000000
    outer loop
      vertex 89.079 118.389 -2.500
      vertex 88.768 118.768 0.000
      vertex 89.079 118.389 0.000
    endloop
  endfacet
  facet normal 0.000000 0.000000 -1.000000
    outer loop
      vertex 87.000 117.000 -2.500
      vertex 88.768 118.768 -2.500
      vertex 89.079 118.389 -2.500
    endloop
  endfacet
  facet normal 0.000000 0.000000 1.000000
    outer loop
      vertex 87.000 117.000 0.000
      vertex 89.079 118.389 0.000
      vertex 88.768 118.768 0.000
    endloop
  endfacet
  facet normal 0.634393 0.773010 0.000000
    outer loop
      vertex 88.768 118.768 -2.500
      vertex 88.389 119.079 -2.500
      vertex 88.389 119.079 0.000
    endloop
  endfacet
  facet normal 0.634393 0.773010 -0.000000
    outer loop
      vertex 88.768 118.768 -2.500
      vertex 88.389 119.079 0.000
      vertex 88.768 118.768 0.000
    endloop
  endfacet
  facet normal 0.000000 0.000000 -1.000000
    outer loop
      vertex 87.000 117.000 -2.500
      vertex 88.389 119.079 -2.500
      vertex 88.768 118.768 -2.500
    endloop
  endfacet
  facet normal 0.000000 0.000000 1.000000
    outer loop
      vertex 87.000 117.000 0.000
      vertex 88.768 118.768 0.000
      vertex 88.389 119.079 0.000
    endloop
  endfacet
  facet normal 0.471397 0.881921 0.000000
    outer loop
      vertex 88.389 119.079 -2.500
      vertex 87.957 119.310 -2.500
      vertex 87.957 119.310 0.000
    endloop
  endfacet
  facet normal 0.471397 0.881921 -0.000000
    outer loop
      vertex 88.389 119.079 -2.500
      vertex 87.957 119.310 0.000
      vertex 88.389 119.079 0.000
    endloop
  endfacet
  facet normal 0.000000 0.000000 -1.000000
    outer loop
      vertex 87.000 117.000 -2.500
      vertex 87.957 119.310 -2.500
      vertex 88.389 119.079 -2.500
    endloop
  endfacet
  facet normal 0.000000 0.000000 1.000000
    outer loop
      vertex 87.000 117.000 0.000
      vertex 88.389 119.079 0.000
      vertex 87.957 119.310 0.000
    endloop
  endfacet
  facet normal 0.290285 0.956940 0.000000
    outer loop
      vertex 87.957 119.310 -2.500
      vertex 87.488 119.452 -2.500
      vertex 87.488 119.452 0.000
    endloop
  endfacet
  facet normal 0.290285 0.956940 -0.000000
    outer loop
      vertex 87.957 119.310 -2.500
      vertex 87.488 119.452 0.000
      vertex 87.957 119.310 0.000
    endloop
  endfacet
  facet normal 0.000000 0.000000 -1.000000
    outer loop
      vertex 87.000 117.000 -2.500
      vertex 87.488 119.452 -2.500
      vertex 87.957 119.310 -2.500
    endloop
  endfacet
  facet normal 0.000000 0.000000 1.000000
    outer loop
      vertex 87.000 117.000 0.000
      vertex 87.957 119.310 0.000
      vertex 87.488 119.452 0.000
    endloop
  endfacet
  facet normal 0.098017 0.995185 0.000000
    outer loop
      vertex 87.488 119.452 -2.500
      vertex 87.000 119.500 -2.500
      vertex 87.000 119.500 0.000
    endloop
  endfacet
  facet normal 0.098017 0.995185 -0.000000
    outer loop
      vertex 87.488 119.452 -2.500
      vertex 87.000 119.500 0.000
      vertex 87.488 119.452 0.000
    endloop
  endfacet
  facet normal 0.000000 0.000000 -1.000000
    outer loop
      vertex 87.000 117.000 -2.500
      vertex 87.000 119.500 -2.500
      vertex 87.488 119.452 -2.500
    endloop
  endfacet
  facet normal 0.000000 0.000000 1.000000
    outer loop
      vertex 87.000 117.000 0.000
      vertex 87.488 119.452 0.000
      vertex 87.000 119.500 0.000
    endloop
  endfacet
  facet normal -0.098017 0.995185 0.000000
    outer loop
      vertex 87.000 119.500 -2.500
      vertex 86.512 119.452 -2.500
      vertex 86.512 119.452 0.000
    endloop
  endfacet
  facet normal -0.098017 0.995185 0.000000
    outer loop
      vertex 87.000 119.500 -2.500
      vertex 86.512 119.452 0.000
      vertex 87.000 119.500 0.000
    endloop
  endfacet
  facet normal 0.000000 0.000000 -1.000000
    outer loop
      vertex 87.000 117.000 -2.500
      vertex 86.512 119.452 -2.500
      vertex 87.000 119.500 -2.500
    endloop
  endfacet
  facet normal 0.000000 -0.000000 1.000000
    outer loop
      vertex 87.000 117.000 0.000
      vertex 87.000 119.500 0.000
      vertex 86.512 119.452 0.000
    endloop
  endfacet
  facet normal -0.290285 0.956940 0.000000
    outer loop
      vertex 86.512 119.452 -2.500
      vertex 86.043 119.310 -2.500
      vertex 86.043 119.310 0.000
    endloop
  endfacet
  facet normal -0.290285 0.956940 0.000000
    outer loop
      vertex 86.512 119.452 -2.500
      vertex 86.043 119.310 0.000
      vertex 86.512 119.452 0.000
    endloop
  endfacet
  facet normal 0.000000 0.000000 -1.000000
    outer loop
      vertex 87.000 117.000 -2.500
      vertex 86.043 119.310 -2.500
      vertex 86.512 119.452 -2.500
    endloop
  endfacet
  facet normal 0.000000 0.000000 1.000000
    outer loop
      vertex 87.000 117.000 0.000
      vertex 86.512 119.452 0.000
      vertex 86.043 119.310 0.000
    endloop
  endfacet
  facet normal -0.471397 0.881921 0.000000
    outer loop
      vertex 86.043 119.310 -2.500
      vertex 85.611 119.079 -2.500
      vertex 85.611 119.079 0.000
    endloop
  endfacet
  facet normal -0.471397 0.881921 0.000000
    outer loop
      vertex 86.043 119.310 -2.500
      vertex 85.611 119.079 0.000
      vertex 86.043 119.310 0.000
    endloop
  endfacet
  facet normal 0.000000 0.000000 -1.000000
    outer loop
      vertex 87.000 117.000 -2.500
      vertex 85.611 119.079 -2.500
      vertex 86.043 119.310 -2.500
    endloop
  endfacet
  facet normal 0.000000 0.000000 1.000000
    outer loop
      vertex 87.000 117.000 0.000
      vertex 86.043 119.310 0.000
      vertex 85.611 119.079 0.000
    endloop
  endfacet
  facet normal -0.634393 0.773010 0.000000
    outer loop
      vertex 85.611 119.079 -2.500
      vertex 85.232 118.768 -2.500
      vertex 85.232 118.768 0.000
    endloop
  endfacet
  facet normal -0.634393 0.773010 0.000000
    outer loop
      vertex 85.611 119.079 -2.500
      vertex 85.232 118.768 0.000
      vertex 85.611 119.079 0.000
    endloop
  endfacet
  facet normal 0.000000 0.000000 -1.000000
    outer loop
      vertex 87.000 117.000 -2.500
      vertex 85.232 118.768 -2.500
      vertex 85.611 119.079 -2.500
    endloop
  endfacet
  facet normal 0.000000 0.000000 1.000000
    outer loop
      vertex 87.000 117.000 0.000
      vertex 85.611 119.079 0.000
      vertex 85.232 118.768 0.000
    endloop
  endfacet
  facet normal -0.773010 0.634393 0.000000
    outer loop
      vertex 85.232 118.768 -2.500
      vertex 84.921 118.389 -2.500
      vertex 84.921 118.389 0.000
    endloop
  endfacet
  facet normal -0.773010 0.634393 0.000000
    outer loop
      vertex 85.232 118.768 -2.500
      vertex 84.921 118.389 0.000
      vertex 85.232 118.768 0.000
    endloop
  endfacet
  facet normal 0.000000 0.000000 -1.000000
    outer loop
      vertex 87.000 117.000 -2.500
      vertex 84.921 118.389 -2.500
      vertex 85.232 118.768 -2.500
    endloop
  endfacet
  facet normal 0.000000 0.000000 1.000000
    outer loop
      vertex 87.000 117.000 0.000
      vertex 85.232 118.768 0.000
      vertex 84.921 118.389 0.000
    endloop
  endfacet
  facet normal -0.881921 0.471397 0.000000
    outer loop
      vertex 84.921 118.389 -2.500
      vertex 84.690 117.957 -2.500
      vertex 84.690 117.957 0.000
    endloop
  endfacet
  facet normal -0.881921 0.471397 0.000000
    outer loop
      vertex 84.921 118.389 -2.500
      vertex 84.690 117.957 0.000
      vertex 84.921 118.389 0.000
    endloop
  endfacet
  facet normal 0.000000 0.000000 -1.000000
    outer loop
      vertex 87.000 117.000 -2.500
      vertex 84.690 117.957 -2.500
      vertex 84.921 118.389 -2.500
    endloop
  endfacet
  facet normal 0.000000 0.000000 1.000000
    outer loop
      vertex 87.000 117.000 0.000
      vertex 84.921 118.389 0.000
      vertex 84.690 117.957 0.000
    endloop
  endfacet
  facet normal -0.956940 0.290285 0.000000
    outer loop
      vertex 84.690 117.957 -2.500
      vertex 84.548 117.488 -2.500
      vertex 84.548 117.488 0.000
    endloop
  endfacet
  facet normal -0.956940 0.290285 0.000000
    outer loop
      vertex 84.690 117.957 -2.500
      vertex 84.548 117.488 0.000
      vertex 84.690 117.957 0.000
    endloop
  endfacet
  facet normal 0.000000 0.000000 -1.000000
    outer loop
      vertex 87.000 117.000 -2.500
      vertex 84.548 117.488 -2.500
      vertex 84.690 117.957 -2.500
    endloop
  endfacet
  facet normal 0.000000 0.000000 1.000000
    outer loop
      vertex 87.000 117.000 0.000
      vertex 84.690 117.957 0.000
      vertex 84.548 117.488 0.000
    endloop
  endfacet
  facet normal -0.995185 0.098017 0.000000
    outer loop
      vertex 84.548 117.488 -2.500
      vertex 84.500 117.000 -2.500
      vertex 84.500 117.000 0.000
    endloop
  endfacet
  facet normal -0.995185 0.098017 0.000000
    outer loop
      vertex 84.548 117.488 -2.500
      vertex 84.500 117.000 0.000
      vertex 84.548 117.488 0.000
    endloop
  endfacet
  facet normal 0.000000 0.000000 -1.000000
    outer loop
      vertex 87.000 117.000 -2.500
      vertex 84.500 117.000 -2.500
      vertex 84.548 117.488 -2.500
    endloop
  endfacet
  facet normal 0.000000 0.000000 1.000000
    outer loop
      vertex 87.000 117.000 0.000
      vertex 84.548 117.488 0.000
      vertex 84.500 117.000 0.000
    endloop
  endfacet
  facet normal -0.995185 -0.098017 0.000000
    outer loop
      vertex 84.500 117.000 -2.500
      vertex 84.548 116.512 -2.500
      vertex 84.548 116.512 0.000
    endloop
  endfacet
  facet normal -0.995185 -0.098017 0.000000
    outer loop
      vertex 84.500 117.000 -2.500
      vertex 84.548 116.512 0.000
      vertex 84.500 117.000 0.000
    endloop
  endfacet
  facet normal -0.000000 0.000000 -1.000000
    outer loop
      vertex 87.000 117.000 -2.500
      vertex 84.548 116.512 -2.500
      vertex 84.500 117.000 -2.500
    endloop
  endfacet
  facet normal 0.000000 0.000000 1.000000
    outer loop
      vertex 87.000 117.000 0.000
      vertex 84.500 117.000 0.000
      vertex 84.548 116.512 0.000
    endloop
  endfacet
  facet normal -0.956940 -0.290285 0.000000
    outer loop
      vertex 84.548 116.512 -2.500
      vertex 84.690 116.043 -2.500
      vertex 84.690 116.043 0.000
    endloop
  endfacet
  facet normal -0.956940 -0.290285 0.000000
    outer loop
      vertex 84.548 116.512 -2.500
      vertex 84.690 116.043 0.000
      vertex 84.548 116.512 0.000
    endloop
  endfacet
  facet normal 0.000000 0.000000 -1.000000
    outer loop
      vertex 87.000 117.000 -2.500
      vertex 84.690 116.043 -2.500
      vertex 84.548 116.512 -2.500
    endloop
  endfacet
  facet normal 0.000000 0.000000 1.000000
    outer loop
      vertex 87.000 117.000 0.000
      vertex 84.548 116.512 0.000
      vertex 84.690 116.043 0.000
    endloop
  endfacet
  facet normal -0.881921 -0.471397 0.000000
    outer loop
      vertex 84.690 116.043 -2.500
      vertex 84.921 115.611 -2.500
      vertex 84.921 115.611 0.000
    endloop
  endfacet
  facet normal -0.881921 -0.471397 0.000000
    outer loop
      vertex 84.690 116.043 -2.500
      vertex 84.921 115.611 0.000
      vertex 84.690 116.043 0.000
    endloop
  endfacet
  facet normal 0.000000 0.000000 -1.000000
    outer loop
      vertex 87.000 117.000 -2.500
      vertex 84.921 115.611 -2.500
      vertex 84.690 116.043 -2.500
    endloop
  endfacet
  facet normal 0.000000 0.000000 1.000000
    outer loop
      vertex 87.000 117.000 0.000
      vertex 84.690 116.043 0.000
      vertex 84.921 115.611 0.000
    endloop
  endfacet
  facet normal -0.773010 -0.634393 0.000000
    outer loop
      vertex 84.921 115.611 -2.500
      vertex 85.232 115.232 -2.500
      vertex 85.232 115.232 0.000
    endloop
  endfacet
  facet normal -0.773010 -0.634393 0.000000
    outer loop
      vertex 84.921 115.611 -2.500
      vertex 85.232 115.232 0.000
      vertex 84.921 115.611 0.000
    endloop
  endfacet
  facet normal 0.000000 0.000000 -1.000000
    outer loop
      vertex 87.000 117.000 -2.500
      vertex 85.232 115.232 -2.500
      vertex 84.921 115.611 -2.500
    endloop
  endfacet
  facet normal 0.000000 0.000000 1.000000
    outer loop
      vertex 87.000 117.000 0.000
      vertex 84.921 115.611 0.000
      vertex 85.232 115.232 0.000
    endloop
  endfacet
  facet normal -0.634393 -0.773010 0.000000
    outer loop
      vertex 85.232 115.232 -2.500
      vertex 85.611 114.921 -2.500
      vertex 85.611 114.921 0.000
    endloop
  endfacet
  facet normal -0.634393 -0.773010 0.000000
    outer loop
      vertex 85.232 115.232 -2.500
      vertex 85.611 114.921 0.000
      vertex 85.232 115.232 0.000
    endloop
  endfacet
  facet normal 0.000000 0.000000 -1.000000
    outer loop
      vertex 87.000 117.000 -2.500
      vertex 85.611 114.921 -2.500
      vertex 85.232 115.232 -2.500
    endloop
  endfacet
  facet normal 0.000000 0.000000 1.000000
    outer loop
      vertex 87.000 117.000 0.000
      vertex 85.232 115.232 0.000
      vertex 85.611 114.921 0.000
    endloop
  endfacet
  facet normal -0.471397 -0.881921 0.000000
    outer loop
      vertex 85.611 114.921 -2.500
      vertex 86.043 114.690 -2.500
      vertex 86.043 114.690 0.000
    endloop
  endfacet
  facet normal -0.471397 -0.881921 0.000000
    outer loop
      vertex 85.611 114.921 -2.500
      vertex 86.043 114.690 0.000
      vertex 85.611 114.921 0.000
    endloop
  endfacet
  facet normal 0.000000 0.000000 -1.000000
    outer loop
      vertex 87.000 117.000 -2.500
      vertex 86.043 114.690 -2.500
      vertex 85.611 114.921 -2.500
    endloop
  endfacet
  facet normal 0.000000 0.000000 1.000000
    outer loop
      vertex 87.000 117.000 0.000
      vertex 85.611 114.921 0.000
      vertex 86.043 114.690 0.000
    endloop
  endfacet
  facet normal -0.290285 -0.956940 0.000000
    outer loop
      vertex 86.043 114.690 -2.500
      vertex 86.512 114.548 -2.500
      vertex 86.512 114.548 0.000
    endloop
  endfacet
  facet normal -0.290285 -0.956940 0.000000
    outer loop
      vertex 86.043 114.690 -2.500
      vertex 86.512 114.548 0.000
      vertex 86.043 114.690 0.000
    endloop
  endfacet
  facet normal 0.000000 0.000000 -1.000000
    outer loop
      vertex 87.000 117.000 -2.500
      vertex 86.512 114.548 -2.500
      vertex 86.043 114.690 -2.500
    endloop
  endfacet
  facet normal 0.000000 0.000000 1.000000
    outer loop
      vertex 87.000 117.000 0.000
      vertex 86.043 114.690 0.000
      vertex 86.512 114.548 0.000
    endloop
  endfacet
  facet normal -0.098017 -0.995185 0.000000
    outer loop
      vertex 86.512 114.548 -2.500
      vertex 87.000 114.500 -2.500
      vertex 87.000 114.500 0.000
    endloop
  endfacet
  facet normal -0.098017 -0.995185 0.000000
    outer loop
      vertex 86.512 114.548 -2.500
      vertex 87.000 114.500 0.000
      vertex 86.512 114.548 0.000
    endloop
  endfacet
  facet normal 0.000000 -0.000000 -1.000000
    outer loop
      vertex 87.000 117.000 -2.500
      vertex 87.000 114.500 -2.500
      vertex 86.512 114.548 -2.500
    endloop
  endfacet
  facet normal 0.000000 0.000000 1.000000
    outer loop
      vertex 87.000 117.000 0.000
      vertex 86.512 114.548 0.000
      vertex 87.000 114.500 0.000
    endloop
  endfacet
  facet normal 0.098017 -0.995185 0.000000
    outer loop
      vertex 87.000 114.500 -2.500
      vertex 87.488 114.548 -2.500
      vertex 87.488 114.548 0.000
    endloop
  endfacet
  facet normal 0.098017 -0.995185 0.000000
    outer loop
      vertex 87.000 114.500 -2.500
      vertex 87.488 114.548 0.000
      vertex 87.000 114.500 0.000
    endloop
  endfacet
  facet normal 0.000000 0.000000 -1.000000
    outer loop
      vertex 87.000 117.000 -2.500
      vertex 87.488 114.548 -2.500
      vertex 87.000 114.500 -2.500
    endloop
  endfacet
  facet normal 0.000000 0.000000 1.000000
    outer loop
      vertex 87.000 117.000 0.000
      vertex 87.000 114.500 0.000
      vertex 87.488 114.548 0.000
    endloop
  endfacet
  facet normal 0.290285 -0.956940 0.000000
    outer loop
      vertex 87.488 114.548 -2.500
      vertex 87.957 114.690 -2.500
      vertex 87.957 114.690 0.000
    endloop
  endfacet
  facet normal 0.290285 -0.956940 0.000000
    outer loop
      vertex 87.488 114.548 -2.500
      vertex 87.957 114.690 0.000
      vertex 87.488 114.548 0.000
    endloop
  endfacet
  facet normal 0.000000 0.000000 -1.000000
    outer loop
      vertex 87.000 117.000 -2.500
      vertex 87.957 114.690 -2.500
      vertex 87.488 114.548 -2.500
    endloop
  endfacet
  facet normal 0.000000 0.000000 1.000000
    outer loop
      vertex 87.000 117.000 0.000
      vertex 87.488 114.548 0.000
      vertex 87.957 114.690 0.000
    endloop
  endfacet
  facet normal 0.471397 -0.881921 0.000000
    outer loop
      vertex 87.957 114.690 -2.500
      vertex 88.389 114.921 -2.500
      vertex 88.389 114.921 0.000
    endloop
  endfacet
  facet normal 0.471397 -0.881921 0.000000
    outer loop
      vertex 87.957 114.690 -2.500
      vertex 88.389 114.921 0.000
      vertex 87.957 114.690 0.000
    endloop
  endfacet
  facet normal 0.000000 0.000000 -1.000000
    outer loop
      vertex 87.000 117.000 -2.500
      vertex 88.389 114.921 -2.500
      vertex 87.957 114.690 -2.500
    endloop
  endfacet
  facet normal 0.000000 0.000000 1.000000
    outer loop
      vertex 87.000 117.000 0.000
      vertex 87.957 114.690 0.000
      vertex 88.389 114.921 0.000
    endloop
  endfacet
  facet normal 0.634393 -0.773010 0.000000
    outer loop
      vertex 88.389 114.921 -2.500
      vertex 88.768 115.232 -2.500
      vertex 88.768 115.232 0.000
    endloop
  endfacet
  facet normal 0.634393 -0.773010 0.000000
    outer loop
      vertex 88.389 114.921 -2.500
      vertex 88.768 115.232 0.000
      vertex 88.389 114.921 0.000
    endloop
  endfacet
  facet normal 0.000000 0.000000 -1.000000
    outer loop
      vertex 87.000 117.000 -2.500
      vertex 88.768 115.232 -2.500
      vertex 88.389 114.921 -2.500
    endloop
  endfacet
  facet normal 0.000000 0.000000 1.000000
    outer loop
      vertex 87.000 117.000 0.000
      vertex 88.389 114.921 0.000
      vertex 88.768 115.232 0.000
    endloop
  endfacet
  facet normal 0.773010 -0.634393 0.000000
    outer loop
      vertex 88.768 115.232 -2.500
      vertex 89.079 115.611 -2.500
      vertex 89.079 115.611 0.000
    endloop
  endfacet
  facet normal 0.773010 -0.634393 0.000000
    outer loop
      vertex 88.768 115.232 -2.500
      vertex 89.079 115.611 0.000
      vertex 88.768 115.232 0.000
    endloop
  endfacet
  facet normal 0.000000 0.000000 -1.000000
    outer loop
      vertex 87.000 117.000 -2.500
      vertex 89.079 115.611 -2.500
      vertex 88.768 115.232 -2.500
    endloop
  endfacet
  facet normal 0.000000 0.000000 1.000000
    outer loop
      vertex 87.000 117.000 0.000
      vertex 88.768 115.232 0.000
      vertex 89.079 115.611 0.000
    endloop
  endfacet
  facet normal 0.881921 -0.471397 0.000000
    outer loop
      vertex 89.079 115.611 -2.500
      vertex 89.310 116.043 -2.500
      vertex 89.310 116.043 0.000
    endloop
  endfacet
  facet normal 0.881921 -0.471397 0.000000
    outer loop
      vertex 89.079 115.611 -2.500
      vertex 89.310 116.043 0.000
      vertex 89.079 115.611 0.000
    endloop
  endfacet
  facet normal 0.000000 0.000000 -1.000000
    outer loop
      vertex 87.000 117.000 -2.500
      vertex 89.310 116.043 -2.500
      vertex 89.079 115.611 -2.500
    endloop
  endfacet
  facet normal 0.000000 0.000000 1.000000
    outer loop
      vertex 87.000 117.000 0.000
      vertex 89.079 115.611 0.000
      vertex 89.310 116.043 0.000
    endloop
  endfacet
  facet normal 0.956940 -0.290285 0.000000
    outer loop
      vertex 89.310 116.043 -2.500
      vertex 89.452 116.512 -2.500
      vertex 89.452 116.512 0.000
    endloop
  endfacet
  facet normal 0.956940 -0.290285 0.000000
    outer loop
      vertex 89.310 116.043 -2.500
      vertex 89.452 116.512 0.000
      vertex 89.310 116.043 0.000
    endloop
  endfacet
  facet normal 0.000000 0.000000 -1.000000
    outer loop
      vertex 87.000 117.000 -2.500
      vertex 89.452 116.512 -2.500
      vertex 89.310 116.043 -2.500
    endloop
  endfacet
  facet normal 0.000000 0.000000 1.000000
    outer loop
      vertex 87.000 117.000 0.000
      vertex 89.310 116.043 0.000
      vertex 89.452 116.512 0.000
    endloop
  endfacet
  facet normal 0.995185 -0.098017 0.000000
    outer loop
      vertex 89.452 116.512 -2.500
      vertex 89.500 117.000 -2.500
      vertex 89.500 117.000 0.000
    endloop
  endfacet
  facet normal 0.995185 -0.098017 0.000000
    outer loop
      vertex 89.452 116.512 -2.500
      vertex 89.500 117.000 0.000
      vertex 89.452 116.512 0.000
    endloop
  endfacet
  facet normal 0.000000 0.000000 -1.000000
    outer loop
      vertex 87.000 117.000 -2.500
      vertex 89.500 117.000 -2.500
      vertex 89.452 116.512 -2.500
    endloop
  endfacet
  facet normal -0.000000 0.000000 1.000000
    outer loop
      vertex 87.000 117.000 0.000
      vertex 89.452 116.512 0.000
      vertex 89.500 117.000 0.000
    endloop
  endfacet
  facet normal 0.995185 0.098017 0.000000
    outer loop
      vertex 88.200 117.000 0.000
      vertex 88.177 117.234 0.000
      vertex 88.177 117.234 1.000
    endloop
  endfacet
  facet normal 0.995185 0.098017 -0.000000
    outer loop
      vertex 88.200 117.000 0.000
      vertex 88.177 117.234 1.000
      vertex 88.200 117.000 1.000
    endloop
  endfacet
  facet normal 0.000000 0.000000 -1.000000
    outer loop
      vertex 87.000 117.000 0.000
      vertex 88.177 117.234 0.000
      vertex 88.200 117.000 0.000
    endloop
  endfacet
  facet normal 0.000000 0.000000 1.000000
    outer loop
      vertex 87.000 117.000 1.000
      vertex 88.200 117.000 1.000
      vertex 88.177 117.234 1.000
    endloop
  endfacet
  facet normal 0.956940 0.290285 0.000000
    outer loop
      vertex 88.177 117.234 0.000
      vertex 88.109 117.459 0.000
      vertex 88.109 117.459 1.000
    endloop
  endfacet
  facet normal 0.956940 0.290285 -0.000000
    outer loop
      vertex 88.177 117.234 0.000
      vertex 88.109 117.459 1.000
      vertex 88.177 117.234 1.000
    endloop
  endfacet
  facet normal 0.000000 0.000000 -1.000000
    outer loop
      vertex 87.000 117.000 0.000
      vertex 88.109 117.459 0.000
      vertex 88.177 117.234 0.000
    endloop
  endfacet
  facet normal 0.000000 0.000000 1.000000
    outer loop
      vertex 87.000 117.000 1.000
      vertex 88.177 117.234 1.000
      vertex 88.109 117.459 1.000
    endloop
  endfacet
  facet normal 0.881921 0.471397 0.000000
    outer loop
      vertex 88.109 117.459 0.000
      vertex 87.998 117.667 0.000
      vertex 87.998 117.667 1.000
    endloop
  endfacet
  facet normal 0.881921 0.471397 -0.000000
    outer loop
      vertex 88.109 117.459 0.000
      vertex 87.998 117.667 1.000
      vertex 88.109 117.459 1.000
    endloop
  endfacet
  facet normal 0.000000 0.000000 -1.000000
    outer loop
      vertex 87.000 117.000 0.000
      vertex 87.998 117.667 0.000
      vertex 88.109 117.459 0.000
    endloop
  endfacet
  facet normal 0.000000 0.000000 1.000000
    outer loop
      vertex 87.000 117.000 1.000
      vertex 88.109 117.459 1.000
      vertex 87.998 117.667 1.000
    endloop
  endfacet
  facet normal 0.773010 0.634393 0.000000
    outer loop
      vertex 87.998 117.667 0.000
      vertex 87.849 117.849 0.000
      vertex 87.849 117.849 1.000
    endloop
  endfacet
  facet normal 0.773010 0.634393 -0.000000
    outer loop
      vertex 87.998 117.667 0.000
      vertex 87.849 117.849 1.000
      vertex 87.998 117.667 1.000
    endloop
  endfacet
  facet normal 0.000000 0.000000 -1.000000
    outer loop
      vertex 87.000 117.000 0.000
      vertex 87.849 117.849 0.000
      vertex 87.998 117.667 0.000
    endloop
  endfacet
  facet normal 0.000000 0.000000 1.000000
    outer loop
      vertex 87.000 117.000 1.000
      vertex 87.998 117.667 1.000
      vertex 87.849 117.849 1.000
    endloop
  endfacet
  facet normal 0.634393 0.773010 0.000000
    outer loop
      vertex 87.849 117.849 0.000
      vertex 87.667 117.998 0.000
      vertex 87.667 117.998 1.000
    endloop
  endfacet
  facet normal 0.634393 0.773010 -0.000000
    outer loop
      vertex 87.849 117.849 0.000
      vertex 87.667 117.998 1.000
      vertex 87.849 117.849 1.000
    endloop
  endfacet
  facet normal 0.000000 0.000000 -1.000000
    outer loop
      vertex 87.000 117.000 0.000
      vertex 87.667 117.998 0.000
      vertex 87.849 117.849 0.000
    endloop
  endfacet
  facet normal 0.000000 0.000000 1.000000
    outer loop
      vertex 87.000 117.000 1.000
      vertex 87.849 117.849 1.000
      vertex 87.667 117.998 1.000
    endloop
  endfacet
  facet normal 0.471397 0.881921 0.000000
    outer loop
      vertex 87.667 117.998 0.000
      vertex 87.459 118.109 0.000
      vertex 87.459 118.109 1.000
    endloop
  endfacet
  facet normal 0.471397 0.881921 -0.000000
    outer loop
      vertex 87.667 117.998 0.000
      vertex 87.459 118.109 1.000
      vertex 87.667 117.998 1.000
    endloop
  endfacet
  facet normal 0.000000 0.000000 -1.000000
    outer loop
      vertex 87.000 117.000 0.000
      vertex 87.459 118.109 0.000
      vertex 87.667 117.998 0.000
    endloop
  endfacet
  facet normal 0.000000 0.000000 1.000000
    outer loop
      vertex 87.000 117.000 1.000
      vertex 87.667 117.998 1.000
      vertex 87.459 118.109 1.000
    endloop
  endfacet
  facet normal 0.290285 0.956940 0.000000
    outer loop
      vertex 87.459 118.109 0.000
      vertex 87.234 118.177 0.000
      vertex 87.234 118.177 1.000
    endloop
  endfacet
  facet normal 0.290285 0.956940 -0.000000
    outer loop
      vertex 87.459 118.109 0.000
      vertex 87.234 118.177 1.000
      vertex 87.459 118.109 1.000
    endloop
  endfacet
  facet normal 0.000000 0.000000 -1.000000
    outer loop
      vertex 87.000 117.000 0.000
      vertex 87.234 118.177 0.000
      vertex 87.459 118.109 0.000
    endloop
  endfacet
  facet normal 0.000000 0.000000 1.000000
    outer loop
      vertex 87.000 117.000 1.000
      vertex 87.459 118.109 1.000
      vertex 87.234 118.177 1.000
    endloop
  endfacet
  facet normal 0.098017 0.995185 0.000000
    outer loop
      vertex 87.234 118.177 0.000
      vertex 87.000 118.200 0.000
      vertex 87.000 118.200 1.000
    endloop
  endfacet
  facet normal 0.098017 0.995185 -0.000000
    outer loop
      vertex 87.234 118.177 0.000
      vertex 87.000 118.200 1.000
      vertex 87.234 118.177 1.000
    endloop
  endfacet
  facet normal 0.000000 0.000000 -1.000000
    outer loop
      vertex 87.000 117.000 0.000
      vertex 87.000 118.200 0.000
      vertex 87.234 118.177 0.000
    endloop
  endfacet
  facet normal 0.000000 0.000000 1.000000
    outer loop
      vertex 87.000 117.000 1.000
      vertex 87.234 118.177 1.000
      vertex 87.000 118.200 1.000
    endloop
  endfacet
  facet normal -0.098017 0.995185 0.000000
    outer loop
      vertex 87.000 118.200 0.000
      vertex 86.766 118.177 0.000
      vertex 86.766 118.177 1.000
    endloop
  endfacet
  facet normal -0.098017 0.995185 0.000000
    outer loop
      vertex 87.000 118.200 0.000
      vertex 86.766 118.177 1.000
      vertex 87.000 118.200 1.000
    endloop
  endfacet
  facet normal 0.000000 0.000000 -1.000000
    outer loop
      vertex 87.000 117.000 0.000
      vertex 86.766 118.177 0.000
      vertex 87.000 118.200 0.000
    endloop
  endfacet
  facet normal 0.000000 -0.000000 1.000000
    outer loop
      vertex 87.000 117.000 1.000
      vertex 87.000 118.200 1.000
      vertex 86.766 118.177 1.000
    endloop
  endfacet
  facet normal -0.290285 0.956940 0.000000
    outer loop
      vertex 86.766 118.177 0.000
      vertex 86.541 118.109 0.000
      vertex 86.541 118.109 1.000
    endloop
  endfacet
  facet normal -0.290285 0.956940 0.000000
    outer loop
      vertex 86.766 118.177 0.000
      vertex 86.541 118.109 1.000
      vertex 86.766 118.177 1.000
    endloop
  endfacet
  facet normal 0.000000 0.000000 -1.000000
    outer loop
      vertex 87.000 117.000 0.000
      vertex 86.541 118.109 0.000
      vertex 86.766 118.177 0.000
    endloop
  endfacet
  facet normal 0.000000 0.000000 1.000000
    outer loop
      vertex 87.000 117.000 1.000
      vertex 86.766 118.177 1.000
      vertex 86.541 118.109 1.000
    endloop
  endfacet
  facet normal -0.471397 0.881921 0.000000
    outer loop
      vertex 86.541 118.109 0.000
      vertex 86.333 117.998 0.000
      vertex 86.333 117.998 1.000
    endloop
  endfacet
  facet normal -0.471397 0.881921 0.000000
    outer loop
      vertex 86.541 118.109 0.000
      vertex 86.333 117.998 1.000
      vertex 86.541 118.109 1.000
    endloop
  endfacet
  facet normal 0.000000 0.000000 -1.000000
    outer loop
      vertex 87.000 117.000 0.000
      vertex 86.333 117.998 0.000
      vertex 86.541 118.109 0.000
    endloop
  endfacet
  facet normal 0.000000 0.000000 1.000000
    outer loop
      vertex 87.000 117.000 1.000
      vertex 86.541 118.109 1.000
      vertex 86.333 117.998 1.000
    endloop
  endfacet
  facet normal -0.634393 0.773010 0.000000
    outer loop
      vertex 86.333 117.998 0.000
      vertex 86.151 117.849 0.000
      vertex 86.151 117.849 1.000
    endloop
  endfacet
  facet normal -0.634393 0.773010 0.000000
    outer loop
      vertex 86.333 117.998 0.000
      vertex 86.151 117.849 1.000
      vertex 86.333 117.998 1.000
    endloop
  endfacet
  facet normal 0.000000 0.000000 -1.000000
    outer loop
      vertex 87.000 117.000 0.000
      vertex 86.151 117.849 0.000
      vertex 86.333 117.998 0.000
    endloop
  endfacet
  facet normal 0.000000 0.000000 1.000000
    outer loop
      vertex 87.000 117.000 1.000
      vertex 86.333 117.998 1.000
      vertex 86.151 117.849 1.000
    endloop
  endfacet
  facet normal -0.773010 0.634393 0.000000
    outer loop
      vertex 86.151 117.849 0.000
      vertex 86.002 117.667 0.000
      vertex 86.002 117.667 1.000
    endloop
  endfacet
  facet normal -0.773010 0.634393 0.000000
    outer loop
      vertex 86.151 117.849 0.000
      vertex 86.002 117.667 1.000
      vertex 86.151 117.849 1.000
    endloop
  endfacet
  facet normal 0.000000 0.000000 -1.000000
    outer loop
      vertex 87.000 117.000 0.000
      vertex 86.002 117.667 0.000
      vertex 86.151 117.849 0.000
    endloop
  endfacet
  facet normal 0.000000 0.000000 1.000000
    outer loop
      vertex 87.000 117.000 1.000
      vertex 86.151 117.849 1.000
      vertex 86.002 117.667 1.000
    endloop
  endfacet
  facet normal -0.881921 0.471397 0.000000
    outer loop
      vertex 86.002 117.667 0.000
      vertex 85.891 117.459 0.000
      vertex 85.891 117.459 1.000
    endloop
  endfacet
  facet normal -0.881921 0.471397 0.000000
    outer loop
      vertex 86.002 117.667 0.000
      vertex 85.891 117.459 1.000
      vertex 86.002 117.667 1.000
    endloop
  endfacet
  facet normal 0.000000 0.000000 -1.000000
    outer loop
      vertex 87.000 117.000 0.000
      vertex 85.891 117.459 0.000
      vertex 86.002 117.667 0.000
    endloop
  endfacet
  facet normal 0.000000 0.000000 1.000000
    outer loop
      vertex 87.000 117.000 1.000
      vertex 86.002 117.667 1.000
      vertex 85.891 117.459 1.000
    endloop
  endfacet
  facet normal -0.956940 0.290285 0.000000
    outer loop
      vertex 85.891 117.459 0.000
      vertex 85.823 117.234 0.000
      vertex 85.823 117.234 1.000
    endloop
  endfacet
  facet normal -0.956940 0.290285 0.000000
    outer loop
      vertex 85.891 117.459 0.000
      vertex 85.823 117.234 1.000
      vertex 85.891 117.459 1.000
    endloop
  endfacet
  facet normal 0.000000 0.000000 -1.000000
    outer loop
      vertex 87.000 117.000 0.000
      vertex 85.823 117.234 0.000
      vertex 85.891 117.459 0.000
    endloop
  endfacet
  facet normal 0.000000 0.000000 1.000000
    outer loop
      vertex 87.000 117.000 1.000
      vertex 85.891 117.459 1.000
      vertex 85.823 117.234 1.000
    endloop
  endfacet
  facet normal -0.995185 0.098017 0.000000
    outer loop
      vertex 85.823 117.234 0.000
      vertex 85.800 117.000 0.000
      vertex 85.800 117.000 1.000
    endloop
  endfacet
  facet normal -0.995185 0.098017 0.000000
    outer loop
      vertex 85.823 117.234 0.000
      vertex 85.800 117.000 1.000
      vertex 85.823 117.234 1.000
    endloop
  endfacet
  facet normal 0.000000 0.000000 -1.000000
    outer loop
      vertex 87.000 117.000 0.000
      vertex 85.800 117.000 0.000
      vertex 85.823 117.234 0.000
    endloop
  endfacet
  facet normal 0.000000 0.000000 1.000000
    outer loop
      vertex 87.000 117.000 1.000
      vertex 85.823 117.234 1.000
      vertex 85.800 117.000 1.000
    endloop
  endfacet
  facet normal -0.995185 -0.098017 0.000000
    outer loop
      vertex 85.800 117.000 0.000
      vertex 85.823 116.766 0.000
      vertex 85.823 116.766 1.000
    endloop
  endfacet
  facet normal -0.995185 -0.098017 0.000000
    outer loop
      vertex 85.800 117.000 0.000
      vertex 85.823 116.766 1.000
      vertex 85.800 117.000 1.000
    endloop
  endfacet
  facet normal -0.000000 0.000000 -1.000000
    outer loop
      vertex 87.000 117.000 0.000
      vertex 85.823 116.766 0.000
      vertex 85.800 117.000 0.000
    endloop
  endfacet
  facet normal 0.000000 0.000000 1.000000
    outer loop
      vertex 87.000 117.000 1.000
      vertex 85.800 117.000 1.000
      vertex 85.823 116.766 1.000
    endloop
  endfacet
  facet normal -0.956940 -0.290285 0.000000
    outer loop
      vertex 85.823 116.766 0.000
      vertex 85.891 116.541 0.000
      vertex 85.891 116.541 1.000
    endloop
  endfacet
  facet normal -0.956940 -0.290285 0.000000
    outer loop
      vertex 85.823 116.766 0.000
      vertex 85.891 116.541 1.000
      vertex 85.823 116.766 1.000
    endloop
  endfacet
  facet normal 0.000000 0.000000 -1.000000
    outer loop
      vertex 87.000 117.000 0.000
      vertex 85.891 116.541 0.000
      vertex 85.823 116.766 0.000
    endloop
  endfacet
  facet normal 0.000000 0.000000 1.000000
    outer loop
      vertex 87.000 117.000 1.000
      vertex 85.823 116.766 1.000
      vertex 85.891 116.541 1.000
    endloop
  endfacet
  facet normal -0.881921 -0.471397 0.000000
    outer loop
      vertex 85.891 116.541 0.000
      vertex 86.002 116.333 0.000
      vertex 86.002 116.333 1.000
    endloop
  endfacet
  facet normal -0.881921 -0.471397 0.000000
    outer loop
      vertex 85.891 116.541 0.000
      vertex 86.002 116.333 1.000
      vertex 85.891 116.541 1.000
    endloop
  endfacet
  facet normal 0.000000 0.000000 -1.000000
    outer loop
      vertex 87.000 117.000 0.000
      vertex 86.002 116.333 0.000
      vertex 85.891 116.541 0.000
    endloop
  endfacet
  facet normal 0.000000 0.000000 1.000000
    outer loop
      vertex 87.000 117.000 1.000
      vertex 85.891 116.541 1.000
      vertex 86.002 116.333 1.000
    endloop
  endfacet
  facet normal -0.773010 -0.634393 0.000000
    outer loop
      vertex 86.002 116.333 0.000
      vertex 86.151 116.151 0.000
      vertex 86.151 116.151 1.000
    endloop
  endfacet
  facet normal -0.773010 -0.634393 0.000000
    outer loop
      vertex 86.002 116.333 0.000
      vertex 86.151 116.151 1.000
      vertex 86.002 116.333 1.000
    endloop
  endfacet
  facet normal 0.000000 0.000000 -1.000000
    outer loop
      vertex 87.000 117.000 0.000
      vertex 86.151 116.151 0.000
      vertex 86.002 116.333 0.000
    endloop
  endfacet
  facet normal 0.000000 0.000000 1.000000
    outer loop
      vertex 87.000 117.000 1.000
      vertex 86.002 116.333 1.000
      vertex 86.151 116.151 1.000
    endloop
  endfacet
  facet normal -0.634393 -0.773010 0.000000
    outer loop
      vertex 86.151 116.151 0.000
      vertex 86.333 116.002 0.000
      vertex 86.333 116.002 1.000
    endloop
  endfacet
  facet normal -0.634393 -0.773010 0.000000
    outer loop
      vertex 86.151 116.151 0.000
      vertex 86.333 116.002 1.000
      vertex 86.151 116.151 1.000
    endloop
  endfacet
  facet normal 0.000000 0.000000 -1.000000
    outer loop
      vertex 87.000 117.000 0.000
      vertex 86.333 116.002 0.000
      vertex 86.151 116.151 0.000
    endloop
  endfacet
  facet normal 0.000000 0.000000 1.000000
    outer loop
      vertex 87.000 117.000 1.000
      vertex 86.151 116.151 1.000
      vertex 86.333 116.002 1.000
    endloop
  endfacet
  facet normal -0.471397 -0.881921 0.000000
    outer loop
      vertex 86.333 116.002 0.000
      vertex 86.541 115.891 0.000
      vertex 86.541 115.891 1.000
    endloop
  endfacet
  facet normal -0.471397 -0.881921 0.000000
    outer loop
      vertex 86.333 116.002 0.000
      vertex 86.541 115.891 1.000
      vertex 86.333 116.002 1.000
    endloop
  endfacet
  facet normal 0.000000 0.000000 -1.000000
    outer loop
      vertex 87.000 117.000 0.000
      vertex 86.541 115.891 0.000
      vertex 86.333 116.002 0.000
    endloop
  endfacet
  facet normal 0.000000 0.000000 1.000000
    outer loop
      vertex 87.000 117.000 1.000
      vertex 86.333 116.002 1.000
      vertex 86.541 115.891 1.000
    endloop
  endfacet
  facet normal -0.290285 -0.956940 0.000000
    outer loop
      vertex 86.541 115.891 0.000
      vertex 86.766 115.823 0.000
      vertex 86.766 115.823 1.000
    endloop
  endfacet
  facet normal -0.290285 -0.956940 0.000000
    outer loop
      vertex 86.541 115.891 0.000
      vertex 86.766 115.823 1.000
      vertex 86.541 115.891 1.000
    endloop
  endfacet
  facet normal 0.000000 0.000000 -1.000000
    outer loop
      vertex 87.000 117.000 0.000
      vertex 86.766 115.823 0.000
      vertex 86.541 115.891 0.000
    endloop
  endfacet
  facet normal 0.000000 0.000000 1.000000
    outer loop
      vertex 87.000 117.000 1.000
      vertex 86.541 115.891 1.000
      vertex 86.766 115.823 1.000
    endloop
  endfacet
  facet normal -0.098017 -0.995185 0.000000
    outer loop
      vertex 86.766 115.823 0.000
      vertex 87.000 115.800 0.000
      vertex 87.000 115.800 1.000
    endloop
  endfacet
  facet normal -0.098017 -0.995185 0.000000
    outer loop
      vertex 86.766 115.823 0.000
      vertex 87.000 115.800 1.000
      vertex 86.766 115.823 1.000
    endloop
  endfacet
  facet normal 0.000000 -0.000000 -1.000000
    outer loop
      vertex 87.000 117.000 0.000
      vertex 87.000 115.800 0.000
      vertex 86.766 115.823 0.000
    endloop
  endfacet
  facet normal 0.000000 0.000000 1.000000
    outer loop
      vertex 87.000 117.000 1.000
      vertex 86.766 115.823 1.000
      vertex 87.000 115.800 1.000
    endloop
  endfacet
  facet normal 0.098017 -0.995185 0.000000
    outer loop
      vertex 87.000 115.800 0.000
      vertex 87.234 115.823 0.000
      vertex 87.234 115.823 1.000
    endloop
  endfacet
  facet normal 0.098017 -0.995185 0.000000
    outer loop
      vertex 87.000 115.800 0.000
      vertex 87.234 115.823 1.000
      vertex 87.000 115.800 1.000
    endloop
  endfacet
  facet normal 0.000000 0.000000 -1.000000
    outer loop
      vertex 87.000 117.000 0.000
      vertex 87.234 115.823 0.000
      vertex 87.000 115.800 0.000
    endloop
  endfacet
  facet normal 0.000000 0.000000 1.000000
    outer loop
      vertex 87.000 117.000 1.000
      vertex 87.000 115.800 1.000
      vertex 87.234 115.823 1.000
    endloop
  endfacet
  facet normal 0.290285 -0.956940 0.000000
    outer loop
      vertex 87.234 115.823 0.000
      vertex 87.459 115.891 0.000
      vertex 87.459 115.891 1.000
    endloop
  endfacet
  facet normal 0.290285 -0.956940 0.000000
    outer loop
      vertex 87.234 115.823 0.000
      vertex 87.459 115.891 1.000
      vertex 87.234 115.823 1.000
    endloop
  endfacet
  facet normal 0.000000 0.000000 -1.000000
    outer loop
      vertex 87.000 117.000 0.000
      vertex 87.459 115.891 0.000
      vertex 87.234 115.823 0.000
    endloop
  endfacet
  facet normal 0.000000 0.000000 1.000000
    outer loop
      vertex 87.000 117.000 1.000
      vertex 87.234 115.823 1.000
      vertex 87.459 115.891 1.000
    endloop
  endfacet
  facet normal 0.471397 -0.881921 0.000000
    outer loop
      vertex 87.459 115.891 0.000
      vertex 87.667 116.002 0.000
      vertex 87.667 116.002 1.000
    endloop
  endfacet
  facet normal 0.471397 -0.881921 0.000000
    outer loop
      vertex 87.459 115.891 0.000
      vertex 87.667 116.002 1.000
      vertex 87.459 115.891 1.000
    endloop
  endfacet
  facet normal 0.000000 0.000000 -1.000000
    outer loop
      vertex 87.000 117.000 0.000
      vertex 87.667 116.002 0.000
      vertex 87.459 115.891 0.000
    endloop
  endfacet
  facet normal 0.000000 0.000000 1.000000
    outer loop
      vertex 87.000 117.000 1.000
      vertex 87.459 115.891 1.000
      vertex 87.667 116.002 1.000
    endloop
  endfacet
  facet normal 0.634393 -0.773010 0.000000
    outer loop
      vertex 87.667 116.002 0.000
      vertex 87.849 116.151 0.000
      vertex 87.849 116.151 1.000
    endloop
  endfacet
  facet normal 0.634393 -0.773010 0.000000
    outer loop
      vertex 87.667 116.002 0.000
      vertex 87.849 116.151 1.000
      vertex 87.667 116.002 1.000
    endloop
  endfacet
  facet normal 0.000000 0.000000 -1.000000
    outer loop
      vertex 87.000 117.000 0.000
      vertex 87.849 116.151 0.000
      vertex 87.667 116.002 0.000
    endloop
  endfacet
  facet normal 0.000000 0.000000 1.000000
    outer loop
      vertex 87.000 117.000 1.000
      vertex 87.667 116.002 1.000
      vertex 87.849 116.151 1.000
    endloop
  endfacet
  facet normal 0.773010 -0.634393 0.000000
    outer loop
      vertex 87.849 116.151 0.000
      vertex 87.998 116.333 0.000
      vertex 87.998 116.333 1.000
    endloop
  endfacet
  facet normal 0.773010 -0.634393 0.000000
    outer loop
      vertex 87.849 116.151 0.000
      vertex 87.998 116.333 1.000
      vertex 87.849 116.151 1.000
    endloop
  endfacet
  facet normal 0.000000 0.000000 -1.000000
    outer loop
      vertex 87.000 117.000 0.000
      vertex 87.998 116.333 0.000
      vertex 87.849 116.151 0.000
    endloop
  endfacet
  facet normal 0.000000 0.000000 1.000000
    outer loop
      vertex 87.000 117.000 1.000
      vertex 87.849 116.151 1.000
      vertex 87.998 116.333 1.000
    endloop
  endfacet
  facet normal 0.881921 -0.471397 0.000000
    outer loop
      vertex 87.998 116.333 0.000
      vertex 88.109 116.541 0.000
      vertex 88.109 116.541 1.000
    endloop
  endfacet
  facet normal 0.881921 -0.471397 0.000000
    outer loop
      vertex 87.998 116.333 0.000
      vertex 88.109 116.541 1.000
      vertex 87.998 116.333 1.000
    endloop
  endfacet
  facet normal 0.000000 0.000000 -1.000000
    outer loop
      vertex 87.000 117.000 0.000
      vertex 88.109 116.541 0.000
      vertex 87.998 116.333 0.000
    endloop
  endfacet
  facet normal 0.000000 0.000000 1.000000
    outer loop
      vertex 87.000 117.000 1.000
      vertex 87.998 116.333 1.000
      vertex 88.109 116.541 1.000
    endloop
  endfacet
  facet normal 0.956940 -0.290285 0.000000
    outer loop
      vertex 88.109 116.541 0.000
      vertex 88.177 116.766 0.000
      vertex 88.177 116.766 1.000
    endloop
  endfacet
  facet normal 0.956940 -0.290285 0.000000
    outer loop
      vertex 88.109 116.541 0.000
      vertex 88.177 116.766 1.000
      vertex 88.109 116.541 1.000
    endloop
  endfacet
  facet normal 0.000000 0.000000 -1.000000
    outer loop
      vertex 87.000 117.000 0.000
      vertex 88.177 116.766 0.000
      vertex 88.109 116.541 0.000
    endloop
  endfacet
  facet normal 0.000000 0.000000 1.000000
    outer loop
      vertex 87.000 117.000 1.000
      vertex 88.109 116.541 1.000
      vertex 88.177 116.766 1.000
    endloop
  endfacet
  facet normal 0.995185 -0.098017 0.000000
    outer loop
      vertex 88.177 116.766 0.000
      vertex 88.200 117.000 0.000
      vertex 88.200 117.000 1.000
    endloop
  endfacet
  facet normal 0.995185 -0.098017 0.000000
    outer loop
      vertex 88.177 116.766 0.000
      vertex 88.200 117.000 1.000
      vertex 88.177 116.766 1.000
    endloop
  endfacet
  facet normal 0.000000 0.000000 -1.000000
    outer loop
      vertex 87.000 117.000 0.000
      vertex 88.200 117.000 0.000
      vertex 88.177 116.766 0.000
    endloop
  endfacet
  facet normal -0.000000 0.000000 1.000000
    outer loop
      vertex 87.000 117.000 1.000
      vertex 88.177 116.766 1.000
      vertex 88.200 117.000 1.000
    endloop
  endfacet
endsolid case_50x70_usb_borde_lid
