solid case_50x70_usb_borde_base
  facet normal 0.000000 0.000000 -1.000000
    outer loop
      vertex 0.000 0.000 0.000
      vertex 0.000 125.000 0.000
      vertex 95.000 125.000 0.000
    endloop
  endfacet
  facet normal 0.000000 0.000000 -1.000000
    outer loop
      vertex 0.000 0.000 0.000
      vertex 95.000 125.000 0.000
      vertex 95.000 0.000 0.000
    endloop
  endfacet
  facet normal 0.000000 0.000000 1.000000
    outer loop
      vertex 0.000 0.000 2.400
      vertex 95.000 0.000 2.400
      vertex 95.000 125.000 2.400
    endloop
  endfacet
  facet normal 0.000000 0.000000 1.000000
    outer loop
      vertex 0.000 0.000 2.400
      vertex 95.000 125.000 2.400
      vertex 0.000 125.000 2.400
    endloop
  endfacet
  facet normal 0.000000 -1.000000 0.000000
    outer loop
      vertex 0.000 0.000 0.000
      vertex 95.000 0.000 0.000
      vertex 95.000 0.000 2.400
    endloop
  endfacet
  facet normal 0.000000 -1.000000 0.000000
    outer loop
      vertex 0.000 0.000 0.000
      vertex 95.000 0.000 2.400
      vertex 0.000 0.000 2.400
    endloop
  endfacet
  facet normal 1.000000 0.000000 0.000000
    outer loop
      vertex 95.000 0.000 0.000
      vertex 95.000 125.000 0.000
      vertex 95.000 125.000 2.400
    endloop
  endfacet
  facet normal 1.000000 0.000000 0.000000
    outer loop
      vertex 95.000 0.000 0.000
      vertex 95.000 125.000 2.400
      vertex 95.000 0.000 2.400
    endloop
  endfacet
  facet normal 0.000000 1.000000 0.000000
    outer loop
      vertex 95.000 125.000 0.000
      vertex 0.000 125.000 0.000
      vertex 0.000 125.000 2.400
    endloop
  endfacet
  facet normal 0.000000 1.000000 0.000000
    outer loop
      vertex 95.000 125.000 0.000
      vertex 0.000 125.000 2.400
      vertex 95.000 125.000 2.400
    endloop
  endfacet
  facet normal -1.000000 0.000000 0.000000
    outer loop
      vertex 0.000 125.000 0.000
      vertex 0.000 0.000 0.000
      vertex 0.000 0.000 2.400
    endloop
  endfacet
  facet normal -1.000000 0.000000 0.000000
    outer loop
      vertex 0.000 125.000 0.000
      vertex 0.000 0.000 2.400
      vertex 0.000 125.000 2.400
    endloop
  endfacet
  facet normal 0.000000 0.000000 -1.000000
    outer loop
      vertex 92.800 0.000 0.000
      vertex 92.800 125.000 0.000
      vertex 95.000 125.000 0.000
    endloop
  endfacet
  facet normal 0.000000 0.000000 -1.000000
    outer loop
      vertex 92.800 0.000 0.000
      vertex 95.000 125.000 0.000
      vertex 95.000 0.000 0.000
    endloop
  endfacet
  facet normal 0.000000 0.000000 1.000000
    outer loop
      vertex 92.800 0.000 10.000
      vertex 95.000 0.000 10.000
      vertex 95.000 125.000 10.000
    endloop
  endfacet
  facet normal 0.000000 0.000000 1.000000
    outer loop
      vertex 92.800 0.000 10.000
      vertex 95.000 125.000 10.000
      vertex 92.800 125.000 10.000
    endloop
  endfacet
  facet normal 0.000000 -1.000000 0.000000
    outer loop
      vertex 92.800 0.000 0.000
      vertex 95.000 0.000 0.000
      vertex 95.000 0.000 10.000
    endloop
  endfacet
  facet normal 0.000000 -1.000000 0.000000
    outer loop
      vertex 92.800 0.000 0.000
      vertex 95.000 0.000 10.000
      vertex 92.800 0.000 10.000
    endloop
  endfacet
  facet normal 1.000000 0.000000 0.000000
    outer loop
      vertex 95.000 0.000 0.000
      vertex 95.000 125.000 0.000
      vertex 95.000 125.000 10.000
    endloop
  endfacet
  facet normal 1.000000 0.000000 0.000000
    outer loop
      vertex 95.000 0.000 0.000
      vertex 95.000 125.000 10.000
      vertex 95.000 0.000 10.000
    endloop
  endfacet
  facet normal 0.000000 1.000000 0.000000
    outer loop
      vertex 95.000 125.000 0.000
      vertex 92.800 125.000 0.000
      vertex 92.800 125.000 10.000
    endloop
  endfacet
  facet normal 0.000000 1.000000 -0.000000
    outer loop
      vertex 95.000 125.000 0.000
      vertex 92.800 125.000 10.000
      vertex 95.000 125.000 10.000
    endloop
  endfacet
  facet normal -1.000000 0.000000 0.000000
    outer loop
      vertex 92.800 125.000 0.000
      vertex 92.800 0.000 0.000
      vertex 92.800 0.000 10.000
    endloop
  endfacet
  facet normal -1.000000 0.000000 0.000000
    outer loop
      vertex 92.800 125.000 0.000
      vertex 92.800 0.000 10.000
      vertex 92.800 125.000 10.000
    endloop
  endfacet
  facet normal 0.000000 0.000000 -1.000000
    outer loop
      vertex 92.800 0.000 26.000
      vertex 92.800 125.000 26.000
      vertex 95.000 125.000 26.000
    endloop
  endfacet
  facet normal 0.000000 0.000000 -1.000000
    outer loop
      vertex 92.800 0.000 26.000
      vertex 95.000 125.000 26.000
      vertex 95.000 0.000 26.000
    endloop
  endfacet
  facet normal 0.000000 0.000000 1.000000
    outer loop
      vertex 92.800 0.000 36.000
      vertex 95.000 0.000 36.000
      vertex 95.000 125.000 36.000
    endloop
  endfacet
  facet normal 0.000000 0.000000 1.000000
    outer loop
      vertex 92.800 0.000 36.000
      vertex 95.000 125.000 36.000
      vertex 92.800 125.000 36.000
    endloop
  endfacet
  facet normal 0.000000 -1.000000 0.000000
    outer loop
      vertex 92.800 0.000 26.000
      vertex 95.000 0.000 26.000
      vertex 95.000 0.000 36.000
    endloop
  endfacet
  facet normal 0.000000 -1.000000 0.000000
    outer loop
      vertex 92.800 0.000 26.000
      vertex 95.000 0.000 36.000
      vertex 92.800 0.000 36.000
    endloop
  endfacet
  facet normal 1.000000 0.000000 0.000000
    outer loop
      vertex 95.000 0.000 26.000
      vertex 95.000 125.000 26.000
      vertex 95.000 125.000 36.000
    endloop
  endfacet
  facet normal 1.000000 0.000000 0.000000
    outer loop
      vertex 95.000 0.000 26.000
      vertex 95.000 125.000 36.000
      vertex 95.000 0.000 36.000
    endloop
  endfacet
  facet normal 0.000000 1.000000 0.000000
    outer loop
      vertex 95.000 125.000 26.000
      vertex 92.800 125.000 26.000
      vertex 92.800 125.000 36.000
    endloop
  endfacet
  facet normal 0.000000 1.000000 -0.000000
    outer loop
      vertex 95.000 125.000 26.000
      vertex 92.800 125.000 36.000
      vertex 95.000 125.000 36.000
    endloop
  endfacet
  facet normal -1.000000 0.000000 0.000000
    outer loop
      vertex 92.800 125.000 26.000
      vertex 92.800 0.000 26.000
      vertex 92.800 0.000 36.000
    endloop
  endfacet
  facet normal -1.000000 0.000000 0.000000
    outer loop
      vertex 92.800 125.000 26.000
      vertex 92.800 0.000 36.000
      vertex 92.800 125.000 36.000
    endloop
  endfacet
  facet normal 0.000000 0.000000 -1.000000
    outer loop
      vertex 92.800 0.000 10.000
      vertex 92.800 78.000 10.000
      vertex 95.000 78.000 10.000
    endloop
  endfacet
  facet normal 0.000000 0.000000 -1.000000
    outer loop
      vertex 92.800 0.000 10.000
      vertex 95.000 78.000 10.000
      vertex 95.000 0.000 10.000
    endloop
  endfacet
  facet normal 0.000000 0.000000 1.000000
    outer loop
      vertex 92.800 0.000 26.000
      vertex 95.000 0.000 26.000
      vertex 95.000 78.000 26.000
    endloop
  endfacet
  facet normal 0.000000 0.000000 1.000000
    outer loop
      vertex 92.800 0.000 26.000
      vertex 95.000 78.000 26.000
      vertex 92.800 78.000 26.000
    endloop
  endfacet
  facet normal 0.000000 -1.000000 0.000000
    outer loop
      vertex 92.800 0.000 10.000
      vertex 95.000 0.000 10.000
      vertex 95.000 0.000 26.000
    endloop
  endfacet
  facet normal 0.000000 -1.000000 0.000000
    outer loop
      vertex 92.800 0.000 10.000
      vertex 95.000 0.000 26.000
      vertex 92.800 0.000 26.000
    endloop
  endfacet
  facet normal 1.000000 0.000000 0.000000
    outer loop
      vertex 95.000 0.000 10.000
      vertex 95.000 78.000 10.000
      vertex 95.000 78.000 26.000
    endloop
  endfacet
  facet normal 1.000000 0.000000 0.000000
    outer loop
      vertex 95.000 0.000 10.000
      vertex 95.000 78.000 26.000
      vertex 95.000 0.000 26.000
    endloop
  endfacet
  facet normal 0.000000 1.000000 0.000000
    outer loop
      vertex 95.000 78.000 10.000
      vertex 92.800 78.000 10.000
      vertex 92.800 78.000 26.000
    endloop
  endfacet
  facet normal 0.000000 1.000000 -0.000000
    outer loop
      vertex 95.000 78.000 10.000
      vertex 92.800 78.000 26.000
      vertex 95.000 78.000 26.000
    endloop
  endfacet
  facet normal -1.000000 0.000000 0.000000
    outer loop
      vertex 92.800 78.000 10.000
      vertex 92.800 0.000 10.000
      vertex 92.800 0.000 26.000
    endloop
  endfacet
  facet normal -1.000000 0.000000 0.000000
    outer loop
      vertex 92.800 78.000 10.000
      vertex 92.800 0.000 26.000
      vertex 92.800 78.000 26.000
    endloop
  endfacet
  facet normal 0.000000 0.000000 -1.000000
    outer loop
      vertex 92.800 83.000 10.000
      vertex 92.800 86.000 10.000
      vertex 95.000 86.000 10.000
    endloop
  endfacet
  facet normal 0.000000 0.000000 -1.000000
    outer loop
      vertex 92.800 83.000 10.000
      vertex 95.000 86.000 10.000
      vertex 95.000 83.000 10.000
    endloop
  endfacet
  facet normal 0.000000 0.000000 1.000000
    outer loop
      vertex 92.800 83.000 26.000
      vertex 95.000 83.000 26.000
      vertex 95.000 86.000 26.000
    endloop
  endfacet
  facet normal 0.000000 0.000000 1.000000
    outer loop
      vertex 92.800 83.000 26.000
      vertex 95.000 86.000 26.000
      vertex 92.800 86.000 26.000
    endloop
  endfacet
  facet normal 0.000000 -1.000000 0.000000
    outer loop
      vertex 92.800 83.000 10.000
      vertex 95.000 83.000 10.000
      vertex 95.000 83.000 26.000
    endloop
  endfacet
  facet normal 0.000000 -1.000000 0.000000
    outer loop
      vertex 92.800 83.000 10.000
      vertex 95.000 83.000 26.000
      vertex 92.800 83.000 26.000
    endloop
  endfacet
  facet normal 1.000000 0.000000 0.000000
    outer loop
      vertex 95.000 83.000 10.000
      vertex 95.000 86.000 10.000
      vertex 95.000 86.000 26.000
    endloop
  endfacet
  facet normal 1.000000 0.000000 0.000000
    outer loop
      vertex 95.000 83.000 10.000
      vertex 95.000 86.000 26.000
      vertex 95.000 83.000 26.000
    endloop
  endfacet
  facet normal 0.000000 1.000000 0.000000
    outer loop
      vertex 95.000 86.000 10.000
      vertex 92.800 86.000 10.000
      vertex 92.800 86.000 26.000
    endloop
  endfacet
  facet normal 0.000000 1.000000 -0.000000
    outer loop
      vertex 95.000 86.000 10.000
      vertex 92.800 86.000 26.000
      vertex 95.000 86.000 26.000
    endloop
  endfacet
  facet normal -1.000000 0.000000 0.000000
    outer loop
      vertex 92.800 86.000 10.000
      vertex 92.800 83.000 10.000
      vertex 92.800 83.000 26.000
    endloop
  endfacet
  facet normal -1.000000 0.000000 0.000000
    outer loop
      vertex 92.800 86.000 10.000
      vertex 92.800 83.000 26.000
      vertex 92.800 86.000 26.000
    endloop
  endfacet
  facet normal 0.000000 0.000000 -1.000000
    outer loop
      vertex 92.800 91.000 10.000
      vertex 92.800 94.000 10.000
      vertex 95.000 94.000 10.000
    endloop
  endfacet
  facet normal 0.000000 0.000000 -1.000000
    outer loop
      vertex 92.800 91.000 10.000
      vertex 95.000 94.000 10.000
      vertex 95.000 91.000 10.000
    endloop
  endfacet
  facet normal 0.000000 0.000000 1.000000
    outer loop
      vertex 92.800 91.000 26.000
      vertex 95.000 91.000 26.000
      vertex 95.000 94.000 26.000
    endloop
  endfacet
  facet normal 0.000000 0.000000 1.000000
    outer loop
      vertex 92.800 91.000 26.000
      vertex 95.000 94.000 26.000
      vertex 92.800 94.000 26.000
    endloop
  endfacet
  facet normal 0.000000 -1.000000 0.000000
    outer loop
      vertex 92.800 91.000 10.000
      vertex 95.000 91.000 10.000
      vertex 95.000 91.000 26.000
    endloop
  endfacet
  facet normal 0.000000 -1.000000 0.000000
    outer loop
      vertex 92.800 91.000 10.000
      vertex 95.000 91.000 26.000
      vertex 92.800 91.000 26.000
    endloop
  endfacet
  facet normal 1.000000 0.000000 0.000000
    outer loop
      vertex 95.000 91.000 10.000
      vertex 95.000 94.000 10.000
      vertex 95.000 94.000 26.000
    endloop
  endfacet
  facet normal 1.000000 0.000000 0.000000
    outer loop
      vertex 95.000 91.000 10.000
      vertex 95.000 94.000 26.000
      vertex 95.000 91.000 26.000
    endloop
  endfacet
  facet normal 0.000000 1.000000 0.000000
    outer loop
      vertex 95.000 94.000 10.000
      vertex 92.800 94.000 10.000
      vertex 92.800 94.000 26.000
    endloop
  endfacet
  facet normal 0.000000 1.000000 -0.000000
    outer loop
      vertex 95.000 94.000 10.000
      vertex 92.800 94.000 26.000
      vertex 95.000 94.000 26.000
    endloop
  endfacet
  facet normal -1.000000 0.000000 0.000000
    outer loop
      vertex 92.800 94.000 10.000
      vertex 92.800 91.000 10.000
      vertex 92.800 91.000 26.000
    endloop
  endfacet
  facet normal -1.000000 0.000000 0.000000
    outer loop
      vertex 92.800 94.000 10.000
      vertex 92.800 91.000 26.000
      vertex 92.800 94.000 26.000
    endloop
  endfacet
  facet normal 0.000000 0.000000 -1.000000
    outer loop
      vertex 92.800 99.000 10.000
      vertex 92.800 102.000 10.000
      vertex 95.000 102.000 10.000
    endloop
  endfacet
  facet normal 0.000000 0.000000 -1.000000
    outer loop
      vertex 92.800 99.000 10.000
      vertex 95.000 102.000 10.000
      vertex 95.000 99.000 10.000
    endloop
  endfacet
  facet normal 0.000000 0.000000 1.000000
    outer loop
      vertex 92.800 99.000 26.000
      vertex 95.000 99.000 26.000
      vertex 95.000 102.000 26.000
    endloop
  endfacet
  facet normal 0.000000 0.000000 1.000000
    outer loop
      vertex 92.800 99.000 26.000
      vertex 95.000 102.000 26.000
      vertex 92.800 102.000 26.000
    endloop
  endfacet
  facet normal 0.000000 -1.000000 0.000000
    outer loop
      vertex 92.800 99.000 10.000
      vertex 95.000 99.000 10.000
      vertex 95.000 99.000 26.000
    endloop
  endfacet
  facet normal 0.000000 -1.000000 0.000000
    outer loop
      vertex 92.800 99.000 10.000
      vertex 95.000 99.000 26.000
      vertex 92.800 99.000 26.000
    endloop
  endfacet
  facet normal 1.000000 0.000000 0.000000
    outer loop
      vertex 95.000 99.000 10.000
      vertex 95.000 102.000 10.000
      vertex 95.000 102.000 26.000
    endloop
  endfacet
  facet normal 1.000000 0.000000 0.000000
    outer loop
      vertex 95.000 99.000 10.000
      vertex 95.000 102.000 26.000
      vertex 95.000 99.000 26.000
    endloop
  endfacet
  facet normal 0.000000 1.000000 0.000000
    outer loop
      vertex 95.000 102.000 10.000
      vertex 92.800 102.000 10.000
      vertex 92.800 102.000 26.000
    endloop
  endfacet
  facet normal 0.000000 1.000000 -0.000000
    outer loop
      vertex 95.000 102.000 10.000
      vertex 92.800 102.000 26.000
      vertex 95.000 102.000 26.000
    endloop
  endfacet
  facet normal -1.000000 0.000000 0.000000
    outer loop
      vertex 92.800 102.000 10.000
      vertex 92.800 99.000 10.000
      vertex 92.800 99.000 26.000
    endloop
  endfacet
  facet normal -1.000000 0.000000 0.000000
    outer loop
      vertex 92.800 102.000 10.000
      vertex 92.800 99.000 26.000
      vertex 92.800 102.000 26.000
    endloop
  endfacet
  facet normal 0.000000 0.000000 -1.000000
    outer loop
      vertex 92.800 107.000 10.000
      vertex 92.800 110.000 10.000
      vertex 95.000 110.000 10.000
    endloop
  endfacet
  facet normal 0.000000 0.000000 -1.000000
    outer loop
      vertex 92.800 107.000 10.000
      vertex 95.000 110.000 10.000
      vertex 95.000 107.000 10.000
    endloop
  endfacet
  facet normal 0.000000 0.000000 1.000000
    outer loop
      vertex 92.800 107.000 26.000
      vertex 95.000 107.000 26.000
      vertex 95.000 110.000 26.000
    endloop
  endfacet
  facet normal 0.000000 0.000000 1.000000
    outer loop
      vertex 92.800 107.000 26.000
      vertex 95.000 110.000 26.000
      vertex 92.800 110.000 26.000
    endloop
  endfacet
  facet normal 0.000000 -1.000000 0.000000
    outer loop
      vertex 92.800 107.000 10.000
      vertex 95.000 107.000 10.000
      vertex 95.000 107.000 26.000
    endloop
  endfacet
  facet normal 0.000000 -1.000000 0.000000
    outer loop
      vertex 92.800 107.000 10.000
      vertex 95.000 107.000 26.000
      vertex 92.800 107.000 26.000
    endloop
  endfacet
  facet normal 1.000000 0.000000 0.000000
    outer loop
      vertex 95.000 107.000 10.000
      vertex 95.000 110.000 10.000
      vertex 95.000 110.000 26.000
    endloop
  endfacet
  facet normal 1.000000 0.000000 0.000000
    outer loop
      vertex 95.000 107.000 10.000
      vertex 95.000 110.000 26.000
      vertex 95.000 107.000 26.000
    endloop
  endfacet
  facet normal 0.000000 1.000000 0.000000
    outer loop
      vertex 95.000 110.000 10.000
      vertex 92.800 110.000 10.000
      vertex 92.800 110.000 26.000
    endloop
  endfacet
  facet normal 0.000000 1.000000 -0.000000
    outer loop
      vertex 95.000 110.000 10.000
      vertex 92.800 110.000 26.000
      vertex 95.000 110.000 26.000
    endloop
  endfacet
  facet normal -1.000000 0.000000 0.000000
    outer loop
      vertex 92.800 110.000 10.000
      vertex 92.800 107.000 10.000
      vertex 92.800 107.000 26.000
    endloop
  endfacet
  facet normal -1.000000 0.000000 0.000000
    outer loop
      vertex 92.800 110.000 10.000
      vertex 92.800 107.000 26.000
      vertex 92.800 110.000 26.000
    endloop
  endfacet
  facet normal 0.000000 0.000000 -1.000000
    outer loop
      vertex 92.800 115.000 10.000
      vertex 92.800 125.000 10.000
      vertex 95.000 125.000 10.000
    endloop
  endfacet
  facet normal 0.000000 0.000000 -1.000000
    outer loop
      vertex 92.800 115.000 10.000
      vertex 95.000 125.000 10.000
      vertex 95.000 115.000 10.000
    endloop
  endfacet
  facet normal 0.000000 0.000000 1.000000
    outer loop
      vertex 92.800 115.000 26.000
      vertex 95.000 115.000 26.000
      vertex 95.000 125.000 26.000
    endloop
  endfacet
  facet normal 0.000000 0.000000 1.000000
    outer loop
      vertex 92.800 115.000 26.000
      vertex 95.000 125.000 26.000
      vertex 92.800 125.000 26.000
    endloop
  endfacet
  facet normal 0.000000 -1.000000 0.000000
    outer loop
      vertex 92.800 115.000 10.000
      vertex 95.000 115.000 10.000
      vertex 95.000 115.000 26.000
    endloop
  endfacet
  facet normal 0.000000 -1.000000 0.000000
    outer loop
      vertex 92.800 115.000 10.000
      vertex 95.000 115.000 26.000
      vertex 92.800 115.000 26.000
    endloop
  endfacet
  facet normal 1.000000 0.000000 0.000000
    outer loop
      vertex 95.000 115.000 10.000
      vertex 95.000 125.000 10.000
      vertex 95.000 125.000 26.000
    endloop
  endfacet
  facet normal 1.000000 0.000000 0.000000
    outer loop
      vertex 95.000 115.000 10.000
      vertex 95.000 125.000 26.000
      vertex 95.000 115.000 26.000
    endloop
  endfacet
  facet normal 0.000000 1.000000 0.000000
    outer loop
      vertex 95.000 125.000 10.000
      vertex 92.800 125.000 10.000
      vertex 92.800 125.000 26.000
    endloop
  endfacet
  facet normal 0.000000 1.000000 -0.000000
    outer loop
      vertex 95.000 125.000 10.000
      vertex 92.800 125.000 26.000
      vertex 95.000 125.000 26.000
    endloop
  endfacet
  facet normal -1.000000 0.000000 0.000000
    outer loop
      vertex 92.800 125.000 10.000
      vertex 92.800 115.000 10.000
      vertex 92.800 115.000 26.000
    endloop
  endfacet
  facet normal -1.000000 0.000000 0.000000
    outer loop
      vertex 92.800 125.000 10.000
      vertex 92.800 115.000 26.000
      vertex 92.800 125.000 26.000
    endloop
  endfacet
  facet normal 0.000000 0.000000 -1.000000
    outer loop
      vertex 0.000 0.000 0.000
      vertex 0.000 2.200 0.000
      vertex 95.000 2.200 0.000
    endloop
  endfacet
  facet normal 0.000000 0.000000 -1.000000
    outer loop
      vertex 0.000 0.000 0.000
      vertex 95.000 2.200 0.000
      vertex 95.000 0.000 0.000
    endloop
  endfacet
  facet normal 0.000000 0.000000 1.000000
    outer loop
      vertex 0.000 0.000 36.000
      vertex 95.000 0.000 36.000
      vertex 95.000 2.200 36.000
    endloop
  endfacet
  facet normal 0.000000 0.000000 1.000000
    outer loop
      vertex 0.000 0.000 36.000
      vertex 95.000 2.200 36.000
      vertex 0.000 2.200 36.000
    endloop
  endfacet
  facet normal 0.000000 -1.000000 0.000000
    outer loop
      vertex 0.000 0.000 0.000
      vertex 95.000 0.000 0.000
      vertex 95.000 0.000 36.000
    endloop
  endfacet
  facet normal 0.000000 -1.000000 0.000000
    outer loop
      vertex 0.000 0.000 0.000
      vertex 95.000 0.000 36.000
      vertex 0.000 0.000 36.000
    endloop
  endfacet
  facet normal 1.000000 0.000000 0.000000
    outer loop
      vertex 95.000 0.000 0.000
      vertex 95.000 2.200 0.000
      vertex 95.000 2.200 36.000
    endloop
  endfacet
  facet normal 1.000000 0.000000 0.000000
    outer loop
      vertex 95.000 0.000 0.000
      vertex 95.000 2.200 36.000
      vertex 95.000 0.000 36.000
    endloop
  endfacet
  facet normal 0.000000 1.000000 0.000000
    outer loop
      vertex 95.000 2.200 0.000
      vertex 0.000 2.200 0.000
      vertex 0.000 2.200 36.000
    endloop
  endfacet
  facet normal 0.000000 1.000000 -0.000000
    outer loop
      vertex 95.000 2.200 0.000
      vertex 0.000 2.200 36.000
      vertex 95.000 2.200 36.000
    endloop
  endfacet
  facet normal -1.000000 0.000000 0.000000
    outer loop
      vertex 0.000 2.200 0.000
      vertex 0.000 0.000 0.000
      vertex 0.000 0.000 36.000
    endloop
  endfacet
  facet normal -1.000000 0.000000 0.000000
    outer loop
      vertex 0.000 2.200 0.000
      vertex 0.000 0.000 36.000
      vertex 0.000 2.200 36.000
    endloop
  endfacet
  facet normal 0.000000 0.000000 -1.000000
    outer loop
      vertex 0.000 122.800 0.000
      vertex 0.000 125.000 0.000
      vertex 95.000 125.000 0.000
    endloop
  endfacet
  facet normal 0.000000 0.000000 -1.000000
    outer loop
      vertex 0.000 122.800 0.000
      vertex 95.000 125.000 0.000
      vertex 95.000 122.800 0.000
    endloop
  endfacet
  facet normal 0.000000 0.000000 1.000000
    outer loop
      vertex 0.000 122.800 36.000
      vertex 95.000 122.800 36.000
      vertex 95.000 125.000 36.000
    endloop
  endfacet
  facet normal 0.000000 0.000000 1.000000
    outer loop
      vertex 0.000 122.800 36.000
      vertex 95.000 125.000 36.000
      vertex 0.000 125.000 36.000
    endloop
  endfacet
  facet normal 0.000000 -1.000000 0.000000
    outer loop
      vertex 0.000 122.800 0.000
      vertex 95.000 122.800 0.000
      vertex 95.000 122.800 36.000
    endloop
  endfacet
  facet normal 0.000000 -1.000000 0.000000
    outer loop
      vertex 0.000 122.800 0.000
      vertex 95.000 122.800 36.000
      vertex 0.000 122.800 36.000
    endloop
  endfacet
  facet normal 1.000000 0.000000 0.000000
    outer loop
      vertex 95.000 122.800 0.000
      vertex 95.000 125.000 0.000
      vertex 95.000 125.000 36.000
    endloop
  endfacet
  facet normal 1.000000 0.000000 0.000000
    outer loop
      vertex 95.000 122.800 0.000
      vertex 95.000 125.000 36.000
      vertex 95.000 122.800 36.000
    endloop
  endfacet
  facet normal 0.000000 1.000000 0.000000
    outer loop
      vertex 95.000 125.000 0.000
      vertex 0.000 125.000 0.000
      vertex 0.000 125.000 36.000
    endloop
  endfacet
  facet normal 0.000000 1.000000 -0.000000
    outer loop
      vertex 95.000 125.000 0.000
      vertex 0.000 125.000 36.000
      vertex 95.000 125.000 36.000
    endloop
  endfacet
  facet normal -1.000000 0.000000 0.000000
    outer loop
      vertex 0.000 125.000 0.000
      vertex 0.000 122.800 0.000
      vertex 0.000 122.800 36.000
    endloop
  endfacet
  facet normal -1.000000 0.000000 0.000000
    outer loop
      vertex 0.000 125.000 0.000
      vertex 0.000 122.800 36.000
      vertex 0.000 125.000 36.000
    endloop
  endfacet
  facet normal 0.000000 0.000000 -1.000000
    outer loop
      vertex 0.000 0.000 0.000
      vertex 0.000 42.000 0.000
      vertex 2.200 42.000 0.000
    endloop
  endfacet
  facet normal 0.000000 0.000000 -1.000000
    outer loop
      vertex 0.000 0.000 0.000
      vertex 2.200 42.000 0.000
      vertex 2.200 0.000 0.000
    endloop
  endfacet
  facet normal 0.000000 0.000000 1.000000
    outer loop
      vertex 0.000 0.000 36.000
      vertex 2.200 0.000 36.000
      vertex 2.200 42.000 36.000
    endloop
  endfacet
  facet normal 0.000000 0.000000 1.000000
    outer loop
      vertex 0.000 0.000 36.000
      vertex 2.200 42.000 36.000
      vertex 0.000 42.000 36.000
    endloop
  endfacet
  facet normal 0.000000 -1.000000 0.000000
    outer loop
      vertex 0.000 0.000 0.000
      vertex 2.200 0.000 0.000
      vertex 2.200 0.000 36.000
    endloop
  endfacet
  facet normal 0.000000 -1.000000 0.000000
    outer loop
      vertex 0.000 0.000 0.000
      vertex 2.200 0.000 36.000
      vertex 0.000 0.000 36.000
    endloop
  endfacet
  facet normal 1.000000 0.000000 0.000000
    outer loop
      vertex 2.200 0.000 0.000
      vertex 2.200 42.000 0.000
      vertex 2.200 42.000 36.000
    endloop
  endfacet
  facet normal 1.000000 0.000000 0.000000
    outer loop
      vertex 2.200 0.000 0.000
      vertex 2.200 42.000 36.000
      vertex 2.200 0.000 36.000
    endloop
  endfacet
  facet normal 0.000000 1.000000 0.000000
    outer loop
      vertex 2.200 42.000 0.000
      vertex 0.000 42.000 0.000
      vertex 0.000 42.000 36.000
    endloop
  endfacet
  facet normal 0.000000 1.000000 -0.000000
    outer loop
      vertex 2.200 42.000 0.000
      vertex 0.000 42.000 36.000
      vertex 2.200 42.000 36.000
    endloop
  endfacet
  facet normal -1.000000 0.000000 0.000000
    outer loop
      vertex 0.000 42.000 0.000
      vertex 0.000 0.000 0.000
      vertex 0.000 0.000 36.000
    endloop
  endfacet
  facet normal -1.000000 0.000000 0.000000
    outer loop
      vertex 0.000 42.000 0.000
      vertex 0.000 0.000 36.000
      vertex 0.000 42.000 36.000
    endloop
  endfacet
  facet normal 0.000000 0.000000 -1.000000
    outer loop
      vertex 0.000 58.000 0.000
      vertex 0.000 125.000 0.000
      vertex 2.200 125.000 0.000
    endloop
  endfacet
  facet normal 0.000000 0.000000 -1.000000
    outer loop
      vertex 0.000 58.000 0.000
      vertex 2.200 125.000 0.000
      vertex 2.200 58.000 0.000
    endloop
  endfacet
  facet normal 0.000000 0.000000 1.000000
    outer loop
      vertex 0.000 58.000 36.000
      vertex 2.200 58.000 36.000
      vertex 2.200 125.000 36.000
    endloop
  endfacet
  facet normal 0.000000 0.000000 1.000000
    outer loop
      vertex 0.000 58.000 36.000
      vertex 2.200 125.000 36.000
      vertex 0.000 125.000 36.000
    endloop
  endfacet
  facet normal 0.000000 -1.000000 0.000000
    outer loop
      vertex 0.000 58.000 0.000
      vertex 2.200 58.000 0.000
      vertex 2.200 58.000 36.000
    endloop
  endfacet
  facet normal 0.000000 -1.000000 0.000000
    outer loop
      vertex 0.000 58.000 0.000
      vertex 2.200 58.000 36.000
      vertex 0.000 58.000 36.000
    endloop
  endfacet
  facet normal 1.000000 0.000000 0.000000
    outer loop
      vertex 2.200 58.000 0.000
      vertex 2.200 125.000 0.000
      vertex 2.200 125.000 36.000
    endloop
  endfacet
  facet normal 1.000000 0.000000 0.000000
    outer loop
      vertex 2.200 58.000 0.000
      vertex 2.200 125.000 36.000
      vertex 2.200 58.000 36.000
    endloop
  endfacet
  facet normal 0.000000 1.000000 0.000000
    outer loop
      vertex 2.200 125.000 0.000
      vertex 0.000 125.000 0.000
      vertex 0.000 125.000 36.000
    endloop
  endfacet
  facet normal 0.000000 1.000000 -0.000000
    outer loop
      vertex 2.200 125.000 0.000
      vertex 0.000 125.000 36.000
      vertex 2.200 125.000 36.000
    endloop
  endfacet
  facet normal -1.000000 0.000000 0.000000
    outer loop
      vertex 0.000 125.000 0.000
      vertex 0.000 58.000 0.000
      vertex 0.000 58.000 36.000
    endloop
  endfacet
  facet normal -1.000000 0.000000 0.000000
    outer loop
      vertex 0.000 125.000 0.000
      vertex 0.000 58.000 36.000
      vertex 0.000 125.000 36.000
    endloop
  endfacet
  facet normal 0.000000 0.000000 -1.000000
    outer loop
      vertex 90.800 3.200 33.000
      vertex 90.800 121.800 33.000
      vertex 92.800 121.800 33.000
    endloop
  endfacet
  facet normal 0.000000 0.000000 -1.000000
    outer loop
      vertex 90.800 3.200 33.000
      vertex 92.800 121.800 33.000
      vertex 92.800 3.200 33.000
    endloop
  endfacet
  facet normal 0.000000 0.000000 1.000000
    outer loop
      vertex 90.800 3.200 36.000
      vertex 92.800 3.200 36.000
      vertex 92.800 121.800 36.000
    endloop
  endfacet
  facet normal 0.000000 0.000000 1.000000
    outer loop
      vertex 90.800 3.200 36.000
      vertex 92.800 121.800 36.000
      vertex 90.800 121.800 36.000
    endloop
  endfacet
  facet normal 0.000000 -1.000000 0.000000
    outer loop
      vertex 90.800 3.200 33.000
      vertex 92.800 3.200 33.000
      vertex 92.800 3.200 36.000
    endloop
  endfacet
  facet normal 0.000000 -1.000000 0.000000
    outer loop
      vertex 90.800 3.200 33.000
      vertex 92.800 3.200 36.000
      vertex 90.800 3.200 36.000
    endloop
  endfacet
  facet normal 1.000000 0.000000 0.000000
    outer loop
      vertex 92.800 3.200 33.000
      vertex 92.800 121.800 33.000
      vertex 92.800 121.800 36.000
    endloop
  endfacet
  facet normal 1.000000 0.000000 0.000000
    outer loop
      vertex 92.800 3.200 33.000
      vertex 92.800 121.800 36.000
      vertex 92.800 3.200 36.000
    endloop
  endfacet
  facet normal 0.000000 1.000000 0.000000
    outer loop
      vertex 92.800 121.800 33.000
      vertex 90.800 121.800 33.000
      vertex 90.800 121.800 36.000
    endloop
  endfacet
  facet normal 0.000000 1.000000 -0.000000
    outer loop
      vertex 92.800 121.800 33.000
      vertex 90.800 121.800 36.000
      vertex 92.800 121.800 36.000
    endloop
  endfacet
  facet normal -1.000000 0.000000 0.000000
    outer loop
      vertex 90.800 121.800 33.000
      vertex 90.800 3.200 33.000
      vertex 90.800 3.200 36.000
    endloop
  endfacet
  facet normal -1.000000 0.000000 0.000000
    outer loop
      vertex 90.800 121.800 33.000
      vertex 90.800 3.200 36.000
      vertex 90.800 121.800 36.000
    endloop
  endfacet
  facet normal 0.000000 0.000000 -1.000000
    outer loop
      vertex 3.200 3.200 33.000
      vertex 3.200 5.200 33.000
      vertex 91.800 5.200 33.000
    endloop
  endfacet
  facet normal 0.000000 0.000000 -1.000000
    outer loop
      vertex 3.200 3.200 33.000
      vertex 91.800 5.200 33.000
      vertex 91.800 3.200 33.000
    endloop
  endfacet
  facet normal 0.000000 0.000000 1.000000
    outer loop
      vertex 3.200 3.200 36.000
      vertex 91.800 3.200 36.000
      vertex 91.800 5.200 36.000
    endloop
  endfacet
  facet normal 0.000000 0.000000 1.000000
    outer loop
      vertex 3.200 3.200 36.000
      vertex 91.800 5.200 36.000
      vertex 3.200 5.200 36.000
    endloop
  endfacet
  facet normal 0.000000 -1.000000 0.000000
    outer loop
      vertex 3.200 3.200 33.000
      vertex 91.800 3.200 33.000
      vertex 91.800 3.200 36.000
    endloop
  endfacet
  facet normal 0.000000 -1.000000 0.000000
    outer loop
      vertex 3.200 3.200 33.000
      vertex 91.800 3.200 36.000
      vertex 3.200 3.200 36.000
    endloop
  endfacet
  facet normal 1.000000 0.000000 0.000000
    outer loop
      vertex 91.800 3.200 33.000
      vertex 91.800 5.200 33.000
      vertex 91.800 5.200 36.000
    endloop
  endfacet
  facet normal 1.000000 0.000000 0.000000
    outer loop
      vertex 91.800 3.200 33.000
      vertex 91.800 5.200 36.000
      vertex 91.800 3.200 36.000
    endloop
  endfacet
  facet normal 0.000000 1.000000 0.000000
    outer loop
      vertex 91.800 5.200 33.000
      vertex 3.200 5.200 33.000
      vertex 3.200 5.200 36.000
    endloop
  endfacet
  facet normal 0.000000 1.000000 -0.000000
    outer loop
      vertex 91.800 5.200 33.000
      vertex 3.200 5.200 36.000
      vertex 91.800 5.200 36.000
    endloop
  endfacet
  facet normal -1.000000 0.000000 0.000000
    outer loop
      vertex 3.200 5.200 33.000
      vertex 3.200 3.200 33.000
      vertex 3.200 3.200 36.000
    endloop
  endfacet
  facet normal -1.000000 0.000000 0.000000
    outer loop
      vertex 3.200 5.200 33.000
      vertex 3.200 3.200 36.000
      vertex 3.200 5.200 36.000
    endloop
  endfacet
  facet normal 0.000000 0.000000 -1.000000
    outer loop
      vertex 3.200 119.800 33.000
      vertex 3.200 121.800 33.000
      vertex 91.800 121.800 33.000
    endloop
  endfacet
  facet normal 0.000000 0.000000 -1.000000
    outer loop
      vertex 3.200 119.800 33.000
      vertex 91.800 121.800 33.000
      vertex 91.800 119.800 33.000
    endloop
  endfacet
  facet normal 0.000000 0.000000 1.000000
    outer loop
      vertex 3.200 119.800 36.000
      vertex 91.800 119.800 36.000
      vertex 91.800 121.800 36.000
    endloop
  endfacet
  facet normal 0.000000 0.000000 1.000000
    outer loop
      vertex 3.200 119.800 36.000
      vertex 91.800 121.800 36.000
      vertex 3.200 121.800 36.000
    endloop
  endfacet
  facet normal 0.000000 -1.000000 0.000000
    outer loop
      vertex 3.200 119.800 33.000
      vertex 91.800 119.800 33.000
      vertex 91.800 119.800 36.000
    endloop
  endfacet
  facet normal 0.000000 -1.000000 0.000000
    outer loop
      vertex 3.200 119.800 33.000
      vertex 91.800 119.800 36.000
      vertex 3.200 119.800 36.000
    endloop
  endfacet
  facet normal 1.000000 0.000000 0.000000
    outer loop
      vertex 91.800 119.800 33.000
      vertex 91.800 121.800 33.000
      vertex 91.800 121.800 36.000
    endloop
  endfacet
  facet normal 1.000000 0.000000 0.000000
    outer loop
      vertex 91.800 119.800 33.000
      vertex 91.800 121.800 36.000
      vertex 91.800 119.800 36.000
    endloop
  endfacet
  facet normal 0.000000 1.000000 0.000000
    outer loop
      vertex 91.800 121.800 33.000
      vertex 3.200 121.800 33.000
      vertex 3.200 121.800 36.000
    endloop
  endfacet
  facet normal 0.000000 1.000000 -0.000000
    outer loop
      vertex 91.800 121.800 33.000
      vertex 3.200 121.800 36.000
      vertex 91.800 121.800 36.000
    endloop
  endfacet
  facet normal -1.000000 0.000000 0.000000
    outer loop
      vertex 3.200 121.800 33.000
      vertex 3.200 119.800 33.000
      vertex 3.200 119.800 36.000
    endloop
  endfacet
  facet normal -1.000000 0.000000 0.000000
    outer loop
      vertex 3.200 121.800 33.000
      vertex 3.200 119.800 36.000
      vertex 3.200 121.800 36.000
    endloop
  endfacet
  facet normal 0.000000 0.000000 -1.000000
    outer loop
      vertex 3.200 3.200 33.000
      vertex 3.200 38.200 33.000
      vertex 5.200 38.200 33.000
    endloop
  endfacet
  facet normal 0.000000 0.000000 -1.000000
    outer loop
      vertex 3.200 3.200 33.000
      vertex 5.200 38.200 33.000
      vertex 5.200 3.200 33.000
    endloop
  endfacet
  facet normal 0.000000 0.000000 1.000000
    outer loop
      vertex 3.200 3.200 36.000
      vertex 5.200 3.200 36.000
      vertex 5.200 38.200 36.000
    endloop
  endfacet
  facet normal 0.000000 0.000000 1.000000
    outer loop
      vertex 3.200 3.200 36.000
      vertex 5.200 38.200 36.000
      vertex 3.200 38.200 36.000
    endloop
  endfacet
  facet normal 0.000000 -1.000000 0.000000
    outer loop
      vertex 3.200 3.200 33.000
      vertex 5.200 3.200 33.000
      vertex 5.200 3.200 36.000
    endloop
  endfacet
  facet normal 0.000000 -1.000000 0.000000
    outer loop
      vertex 3.200 3.200 33.000
      vertex 5.200 3.200 36.000
      vertex 3.200 3.200 36.000
    endloop
  endfacet
  facet normal 1.000000 0.000000 0.000000
    outer loop
      vertex 5.200 3.200 33.000
      vertex 5.200 38.200 33.000
      vertex 5.200 38.200 36.000
    endloop
  endfacet
  facet normal 1.000000 0.000000 0.000000
    outer loop
      vertex 5.200 3.200 33.000
      vertex 5.200 38.200 36.000
      vertex 5.200 3.200 36.000
    endloop
  endfacet
  facet normal 0.000000 1.000000 0.000000
    outer loop
      vertex 5.200 38.200 33.000
      vertex 3.200 38.200 33.000
      vertex 3.200 38.200 36.000
    endloop
  endfacet
  facet normal 0.000000 1.000000 -0.000000
    outer loop
      vertex 5.200 38.200 33.000
      vertex 3.200 38.200 36.000
      vertex 5.200 38.200 36.000
    endloop
  endfacet
  facet normal -1.000000 0.000000 0.000000
    outer loop
      vertex 3.200 38.200 33.000
      vertex 3.200 3.200 33.000
      vertex 3.200 3.200 36.000
    endloop
  endfacet
  facet normal -1.000000 0.000000 0.000000
    outer loop
      vertex 3.200 38.200 33.000
      vertex 3.200 3.200 36.000
      vertex 3.200 38.200 36.000
    endloop
  endfacet
  facet normal 0.000000 0.000000 -1.000000
    outer loop
      vertex 3.200 65.000 33.000
      vertex 3.200 122.000 33.000
      vertex 5.200 122.000 33.000
    endloop
  endfacet
  facet normal 0.000000 0.000000 -1.000000
    outer loop
      vertex 3.200 65.000 33.000
      vertex 5.200 122.000 33.000
      vertex 5.200 65.000 33.000
    endloop
  endfacet
  facet normal 0.000000 0.000000 1.000000
    outer loop
      vertex 3.200 65.000 36.000
      vertex 5.200 65.000 36.000
      vertex 5.200 122.000 36.000
    endloop
  endfacet
  facet normal 0.000000 0.000000 1.000000
    outer loop
      vertex 3.200 65.000 36.000
      vertex 5.200 122.000 36.000
      vertex 3.200 122.000 36.000
    endloop
  endfacet
  facet normal 0.000000 -1.000000 0.000000
    outer loop
      vertex 3.200 65.000 33.000
      vertex 5.200 65.000 33.000
      vertex 5.200 65.000 36.000
    endloop
  endfacet
  facet normal 0.000000 -1.000000 0.000000
    outer loop
      vertex 3.200 65.000 33.000
      vertex 5.200 65.000 36.000
      vertex 3.200 65.000 36.000
    endloop
  endfacet
  facet normal 1.000000 0.000000 0.000000
    outer loop
      vertex 5.200 65.000 33.000
      vertex 5.200 122.000 33.000
      vertex 5.200 122.000 36.000
    endloop
  endfacet
  facet normal 1.000000 0.000000 0.000000
    outer loop
      vertex 5.200 65.000 33.000
      vertex 5.200 122.000 36.000
      vertex 5.200 65.000 36.000
    endloop
  endfacet
  facet normal 0.000000 1.000000 0.000000
    outer loop
      vertex 5.200 122.000 33.000
      vertex 3.200 122.000 33.000
      vertex 3.200 122.000 36.000
    endloop
  endfacet
  facet normal 0.000000 1.000000 -0.000000
    outer loop
      vertex 5.200 122.000 33.000
      vertex 3.200 122.000 36.000
      vertex 5.200 122.000 36.000
    endloop
  endfacet
  facet normal -1.000000 0.000000 0.000000
    outer loop
      vertex 3.200 122.000 33.000
      vertex 3.200 65.000 33.000
      vertex 3.200 65.000 36.000
    endloop
  endfacet
  facet normal -1.000000 0.000000 0.000000
    outer loop
      vertex 3.200 122.000 33.000
      vertex 3.200 65.000 36.000
      vertex 3.200 122.000 36.000
    endloop
  endfacet
  facet normal 0.995185 0.098017 0.000000
    outer loop
      vertex 19.200 18.000 2.400
      vertex 19.139 18.624 2.400
      vertex 19.139 18.624 7.400
    endloop
  endfacet
  facet normal 0.995185 0.098017 -0.000000
    outer loop
      vertex 19.200 18.000 2.400
      vertex 19.139 18.624 7.400
      vertex 19.200 18.000 7.400
    endloop
  endfacet
  facet normal 0.000000 0.000000 -1.000000
    outer loop
      vertex 16.000 18.000 2.400
      vertex 19.139 18.624 2.400
      vertex 19.200 18.000 2.400
    endloop
  endfacet
  facet normal 0.000000 0.000000 1.000000
    outer loop
      vertex 16.000 18.000 7.400
      vertex 19.200 18.000 7.400
      vertex 19.139 18.624 7.400
    endloop
  endfacet
  facet normal 0.956940 0.290285 0.000000
    outer loop
      vertex 19.139 18.624 2.400
      vertex 18.956 19.225 2.400
      vertex 18.956 19.225 7.400
    endloop
  endfacet
  facet normal 0.956940 0.290285 -0.000000
    outer loop
      vertex 19.139 18.624 2.400
      vertex 18.956 19.225 7.400
      vertex 19.139 18.624 7.400
    endloop
  endfacet
  facet normal 0.000000 0.000000 -1.000000
    outer loop
      vertex 16.000 18.000 2.400
      vertex 18.956 19.225 2.400
      vertex 19.139 18.624 2.400
    endloop
  endfacet
  facet normal 0.000000 0.000000 1.000000
    outer loop
      vertex 16.000 18.000 7.400
      vertex 19.139 18.624 7.400
      vertex 18.956 19.225 7.400
    endloop
  endfacet
  facet normal 0.881921 0.471397 0.000000
    outer loop
      vertex 18.956 19.225 2.400
      vertex 18.661 19.778 2.400
      vertex 18.661 19.778 7.400
    endloop
  endfacet
  facet normal 0.881921 0.471397 -0.000000
    outer loop
      vertex 18.956 19.225 2.400
      vertex 18.661 19.778 7.400
      vertex 18.956 19.225 7.400
    endloop
  endfacet
  facet normal 0.000000 0.000000 -1.000000
    outer loop
      vertex 16.000 18.000 2.400
      vertex 18.661 19.778 2.400
      vertex 18.956 19.225 2.400
    endloop
  endfacet
  facet normal 0.000000 0.000000 1.000000
    outer loop
      vertex 16.000 18.000 7.400
      vertex 18.956 19.225 7.400
      vertex 18.661 19.778 7.400
    endloop
  endfacet
  facet normal 0.773010 0.634393 0.000000
    outer loop
      vertex 18.661 19.778 2.400
      vertex 18.263 20.263 2.400
      vertex 18.263 20.263 7.400
    endloop
  endfacet
  facet normal 0.773010 0.634393 -0.000000
    outer loop
      vertex 18.661 19.778 2.400
      vertex 18.263 20.263 7.400
      vertex 18.661 19.778 7.400
    endloop
  endfacet
  facet normal 0.000000 0.000000 -1.000000
    outer loop
      vertex 16.000 18.000 2.400
      vertex 18.263 20.263 2.400
      vertex 18.661 19.778 2.400
    endloop
  endfacet
  facet normal 0.000000 0.000000 1.000000
    outer loop
      vertex 16.000 18.000 7.400
      vertex 18.661 19.778 7.400
      vertex 18.263 20.263 7.400
    endloop
  endfacet
  facet normal 0.634393 0.773010 0.000000
    outer loop
      vertex 18.263 20.263 2.400
      vertex 17.778 20.661 2.400
      vertex 17.778 20.661 7.400
    endloop
  endfacet
  facet normal 0.634393 0.773010 -0.000000
    outer loop
      vertex 18.263 20.263 2.400
      vertex 17.778 20.661 7.400
      vertex 18.263 20.263 7.400
    endloop
  endfacet
  facet normal 0.000000 0.000000 -1.000000
    outer loop
      vertex 16.000 18.000 2.400
      vertex 17.778 20.661 2.400
      vertex 18.263 20.263 2.400
    endloop
  endfacet
  facet normal 0.000000 0.000000 1.000000
    outer loop
      vertex 16.000 18.000 7.400
      vertex 18.263 20.263 7.400
      vertex 17.778 20.661 7.400
    endloop
  endfacet
  facet normal 0.471397 0.881921 0.000000
    outer loop
      vertex 17.778 20.661 2.400
      vertex 17.225 20.956 2.400
      vertex 17.225 20.956 7.400
    endloop
  endfacet
  facet normal 0.471397 0.881921 -0.000000
    outer loop
      vertex 17.778 20.661 2.400
      vertex 17.225 20.956 7.400
      vertex 17.778 20.661 7.400
    endloop
  endfacet
  facet normal 0.000000 0.000000 -1.000000
    outer loop
      vertex 16.000 18.000 2.400
      vertex 17.225 20.956 2.400
      vertex 17.778 20.661 2.400
    endloop
  endfacet
  facet normal 0.000000 0.000000 1.000000
    outer loop
      vertex 16.000 18.000 7.400
      vertex 17.778 20.661 7.400
      vertex 17.225 20.956 7.400
    endloop
  endfacet
  facet normal 0.290285 0.956940 0.000000
    outer loop
      vertex 17.225 20.956 2.400
      vertex 16.624 21.139 2.400
      vertex 16.624 21.139 7.400
    endloop
  endfacet
  facet normal 0.290285 0.956940 -0.000000
    outer loop
      vertex 17.225 20.956 2.400
      vertex 16.624 21.139 7.400
      vertex 17.225 20.956 7.400
    endloop
  endfacet
  facet normal 0.000000 0.000000 -1.000000
    outer loop
      vertex 16.000 18.000 2.400
      vertex 16.624 21.139 2.400
      vertex 17.225 20.956 2.400
    endloop
  endfacet
  facet normal 0.000000 0.000000 1.000000
    outer loop
      vertex 16.000 18.000 7.400
      vertex 17.225 20.956 7.400
      vertex 16.624 21.139 7.400
    endloop
  endfacet
  facet normal 0.098017 0.995185 0.000000
    outer loop
      vertex 16.624 21.139 2.400
      vertex 16.000 21.200 2.400
      vertex 16.000 21.200 7.400
    endloop
  endfacet
  facet normal 0.098017 0.995185 -0.000000
    outer loop
      vertex 16.624 21.139 2.400
      vertex 16.000 21.200 7.400
      vertex 16.624 21.139 7.400
    endloop
  endfacet
  facet normal 0.000000 0.000000 -1.000000
    outer loop
      vertex 16.000 18.000 2.400
      vertex 16.000 21.200 2.400
      vertex 16.624 21.139 2.400
    endloop
  endfacet
  facet normal 0.000000 0.000000 1.000000
    outer loop
      vertex 16.000 18.000 7.400
      vertex 16.624 21.139 7.400
      vertex 16.000 21.200 7.400
    endloop
  endfacet
  facet normal -0.098017 0.995185 0.000000
    outer loop
      vertex 16.000 21.200 2.400
      vertex 15.376 21.139 2.400
      vertex 15.376 21.139 7.400
    endloop
  endfacet
  facet normal -0.098017 0.995185 0.000000
    outer loop
      vertex 16.000 21.200 2.400
      vertex 15.376 21.139 7.400
      vertex 16.000 21.200 7.400
    endloop
  endfacet
  facet normal 0.000000 0.000000 -1.000000
    outer loop
      vertex 16.000 18.000 2.400
      vertex 15.376 21.139 2.400
      vertex 16.000 21.200 2.400
    endloop
  endfacet
  facet normal 0.000000 -0.000000 1.000000
    outer loop
      vertex 16.000 18.000 7.400
      vertex 16.000 21.200 7.400
      vertex 15.376 21.139 7.400
    endloop
  endfacet
  facet normal -0.290285 0.956940 0.000000
    outer loop
      vertex 15.376 21.139 2.400
      vertex 14.775 20.956 2.400
      vertex 14.775 20.956 7.400
    endloop
  endfacet
  facet normal -0.290285 0.956940 0.000000
    outer loop
      vertex 15.376 21.139 2.400
      vertex 14.775 20.956 7.400
      vertex 15.376 21.139 7.400
    endloop
  endfacet
  facet normal 0.000000 0.000000 -1.000000
    outer loop
      vertex 16.000 18.000 2.400
      vertex 14.775 20.956 2.400
      vertex 15.376 21.139 2.400
    endloop
  endfacet
  facet normal 0.000000 0.000000 1.000000
    outer loop
      vertex 16.000 18.000 7.400
      vertex 15.376 21.139 7.400
      vertex 14.775 20.956 7.400
    endloop
  endfacet
  facet normal -0.471397 0.881921 0.000000
    outer loop
      vertex 14.775 20.956 2.400
      vertex 14.222 20.661 2.400
      vertex 14.222 20.661 7.400
    endloop
  endfacet
  facet normal -0.471397 0.881921 0.000000
    outer loop
      vertex 14.775 20.956 2.400
      vertex 14.222 20.661 7.400
      vertex 14.775 20.956 7.400
    endloop
  endfacet
  facet normal 0.000000 0.000000 -1.000000
    outer loop
      vertex 16.000 18.000 2.400
      vertex 14.222 20.661 2.400
      vertex 14.775 20.956 2.400
    endloop
  endfacet
  facet normal 0.000000 0.000000 1.000000
    outer loop
      vertex 16.000 18.000 7.400
      vertex 14.775 20.956 7.400
      vertex 14.222 20.661 7.400
    endloop
  endfacet
  facet normal -0.634393 0.773010 0.000000
    outer loop
      vertex 14.222 20.661 2.400
      vertex 13.737 20.263 2.400
      vertex 13.737 20.263 7.400
    endloop
  endfacet
  facet normal -0.634393 0.773010 0.000000
    outer loop
      vertex 14.222 20.661 2.400
      vertex 13.737 20.263 7.400
      vertex 14.222 20.661 7.400
    endloop
  endfacet
  facet normal 0.000000 0.000000 -1.000000
    outer loop
      vertex 16.000 18.000 2.400
      vertex 13.737 20.263 2.400
      vertex 14.222 20.661 2.400
    endloop
  endfacet
  facet normal 0.000000 0.000000 1.000000
    outer loop
      vertex 16.000 18.000 7.400
      vertex 14.222 20.661 7.400
      vertex 13.737 20.263 7.400
    endloop
  endfacet
  facet normal -0.773010 0.634393 0.000000
    outer loop
      vertex 13.737 20.263 2.400
      vertex 13.339 19.778 2.400
      vertex 13.339 19.778 7.400
    endloop
  endfacet
  facet normal -0.773010 0.634393 0.000000
    outer loop
      vertex 13.737 20.263 2.400
      vertex 13.339 19.778 7.400
      vertex 13.737 20.263 7.400
    endloop
  endfacet
  facet normal 0.000000 0.000000 -1.000000
    outer loop
      vertex 16.000 18.000 2.400
      vertex 13.339 19.778 2.400
      vertex 13.737 20.263 2.400
    endloop
  endfacet
  facet normal 0.000000 0.000000 1.000000
    outer loop
      vertex 16.000 18.000 7.400
      vertex 13.737 20.263 7.400
      vertex 13.339 19.778 7.400
    endloop
  endfacet
  facet normal -0.881921 0.471397 0.000000
    outer loop
      vertex 13.339 19.778 2.400
      vertex 13.044 19.225 2.400
      vertex 13.044 19.225 7.400
    endloop
  endfacet
  facet normal -0.881921 0.471397 0.000000
    outer loop
      vertex 13.339 19.778 2.400
      vertex 13.044 19.225 7.400
      vertex 13.339 19.778 7.400
    endloop
  endfacet
  facet normal 0.000000 0.000000 -1.000000
    outer loop
      vertex 16.000 18.000 2.400
      vertex 13.044 19.225 2.400
      vertex 13.339 19.778 2.400
    endloop
  endfacet
  facet normal 0.000000 0.000000 1.000000
    outer loop
      vertex 16.000 18.000 7.400
      vertex 13.339 19.778 7.400
      vertex 13.044 19.225 7.400
    endloop
  endfacet
  facet normal -0.956940 0.290285 0.000000
    outer loop
      vertex 13.044 19.225 2.400
      vertex 12.861 18.624 2.400
      vertex 12.861 18.624 7.400
    endloop
  endfacet
  facet normal -0.956940 0.290285 0.000000
    outer loop
      vertex 13.044 19.225 2.400
      vertex 12.861 18.624 7.400
      vertex 13.044 19.225 7.400
    endloop
  endfacet
  facet normal 0.000000 0.000000 -1.000000
    outer loop
      vertex 16.000 18.000 2.400
      vertex 12.861 18.624 2.400
      vertex 13.044 19.225 2.400
    endloop
  endfacet
  facet normal 0.000000 0.000000 1.000000
    outer loop
      vertex 16.000 18.000 7.400
      vertex 13.044 19.225 7.400
      vertex 12.861 18.624 7.400
    endloop
  endfacet
  facet normal -0.995185 0.098017 0.000000
    outer loop
      vertex 12.861 18.624 2.400
      vertex 12.800 18.000 2.400
      vertex 12.800 18.000 7.400
    endloop
  endfacet
  facet normal -0.995185 0.098017 0.000000
    outer loop
      vertex 12.861 18.624 2.400
      vertex 12.800 18.000 7.400
      vertex 12.861 18.624 7.400
    endloop
  endfacet
  facet normal 0.000000 0.000000 -1.000000
    outer loop
      vertex 16.000 18.000 2.400
      vertex 12.800 18.000 2.400
      vertex 12.861 18.624 2.400
    endloop
  endfacet
  facet normal 0.000000 0.000000 1.000000
    outer loop
      vertex 16.000 18.000 7.400
      vertex 12.861 18.624 7.400
      vertex 12.800 18.000 7.400
    endloop
  endfacet
  facet normal -0.995185 -0.098017 0.000000
    outer loop
      vertex 12.800 18.000 2.400
      vertex 12.861 17.376 2.400
      vertex 12.861 17.376 7.400
    endloop
  endfacet
  facet normal -0.995185 -0.098017 0.000000
    outer loop
      vertex 12.800 18.000 2.400
      vertex 12.861 17.376 7.400
      vertex 12.800 18.000 7.400
    endloop
  endfacet
  facet normal -0.000000 0.000000 -1.000000
    outer loop
      vertex 16.000 18.000 2.400
      vertex 12.861 17.376 2.400
      vertex 12.800 18.000 2.400
    endloop
  endfacet
  facet normal 0.000000 0.000000 1.000000
    outer loop
      vertex 16.000 18.000 7.400
      vertex 12.800 18.000 7.400
      vertex 12.861 17.376 7.400
    endloop
  endfacet
  facet normal -0.956940 -0.290285 0.000000
    outer loop
      vertex 12.861 17.376 2.400
      vertex 13.044 16.775 2.400
      vertex 13.044 16.775 7.400
    endloop
  endfacet
  facet normal -0.956940 -0.290285 0.000000
    outer loop
      vertex 12.861 17.376 2.400
      vertex 13.044 16.775 7.400
      vertex 12.861 17.376 7.400
    endloop
  endfacet
  facet normal 0.000000 0.000000 -1.000000
    outer loop
      vertex 16.000 18.000 2.400
      vertex 13.044 16.775 2.400
      vertex 12.861 17.376 2.400
    endloop
  endfacet
  facet normal 0.000000 0.000000 1.000000
    outer loop
      vertex 16.000 18.000 7.400
      vertex 12.861 17.376 7.400
      vertex 13.044 16.775 7.400
    endloop
  endfacet
  facet normal -0.881921 -0.471397 0.000000
    outer loop
      vertex 13.044 16.775 2.400
      vertex 13.339 16.222 2.400
      vertex 13.339 16.222 7.400
    endloop
  endfacet
  facet normal -0.881921 -0.471397 0.000000
    outer loop
      vertex 13.044 16.775 2.400
      vertex 13.339 16.222 7.400
      vertex 13.044 16.775 7.400
    endloop
  endfacet
  facet normal 0.000000 0.000000 -1.000000
    outer loop
      vertex 16.000 18.000 2.400
      vertex 13.339 16.222 2.400
      vertex 13.044 16.775 2.400
    endloop
  endfacet
  facet normal 0.000000 0.000000 1.000000
    outer loop
      vertex 16.000 18.000 7.400
      vertex 13.044 16.775 7.400
      vertex 13.339 16.222 7.400
    endloop
  endfacet
  facet normal -0.773010 -0.634393 0.000000
    outer loop
      vertex 13.339 16.222 2.400
      vertex 13.737 15.737 2.400
      vertex 13.737 15.737 7.400
    endloop
  endfacet
  facet normal -0.773010 -0.634393 0.000000
    outer loop
      vertex 13.339 16.222 2.400
      vertex 13.737 15.737 7.400
      vertex 13.339 16.222 7.400
    endloop
  endfacet
  facet normal 0.000000 0.000000 -1.000000
    outer loop
      vertex 16.000 18.000 2.400
      vertex 13.737 15.737 2.400
      vertex 13.339 16.222 2.400
    endloop
  endfacet
  facet normal 0.000000 0.000000 1.000000
    outer loop
      vertex 16.000 18.000 7.400
      vertex 13.339 16.222 7.400
      vertex 13.737 15.737 7.400
    endloop
  endfacet
  facet normal -0.634393 -0.773010 0.000000
    outer loop
      vertex 13.737 15.737 2.400
      vertex 14.222 15.339 2.400
      vertex 14.222 15.339 7.400
    endloop
  endfacet
  facet normal -0.634393 -0.773010 0.000000
    outer loop
      vertex 13.737 15.737 2.400
      vertex 14.222 15.339 7.400
      vertex 13.737 15.737 7.400
    endloop
  endfacet
  facet normal 0.000000 0.000000 -1.000000
    outer loop
      vertex 16.000 18.000 2.400
      vertex 14.222 15.339 2.400
      vertex 13.737 15.737 2.400
    endloop
  endfacet
  facet normal 0.000000 0.000000 1.000000
    outer loop
      vertex 16.000 18.000 7.400
      vertex 13.737 15.737 7.400
      vertex 14.222 15.339 7.400
    endloop
  endfacet
  facet normal -0.471397 -0.881921 0.000000
    outer loop
      vertex 14.222 15.339 2.400
      vertex 14.775 15.044 2.400
      vertex 14.775 15.044 7.400
    endloop
  endfacet
  facet normal -0.471397 -0.881921 0.000000
    outer loop
      vertex 14.222 15.339 2.400
      vertex 14.775 15.044 7.400
      vertex 14.222 15.339 7.400
    endloop
  endfacet
  facet normal 0.000000 0.000000 -1.000000
    outer loop
      vertex 16.000 18.000 2.400
      vertex 14.775 15.044 2.400
      vertex 14.222 15.339 2.400
    endloop
  endfacet
  facet normal 0.000000 0.000000 1.000000
    outer loop
      vertex 16.000 18.000 7.400
      vertex 14.222 15.339 7.400
      vertex 14.775 15.044 7.400
    endloop
  endfacet
  facet normal -0.290285 -0.956940 0.000000
    outer loop
      vertex 14.775 15.044 2.400
      vertex 15.376 14.861 2.400
      vertex 15.376 14.861 7.400
    endloop
  endfacet
  facet normal -0.290285 -0.956940 0.000000
    outer loop
      vertex 14.775 15.044 2.400
      vertex 15.376 14.861 7.400
      vertex 14.775 15.044 7.400
    endloop
  endfacet
  facet normal 0.000000 0.000000 -1.000000
    outer loop
      vertex 16.000 18.000 2.400
      vertex 15.376 14.861 2.400
      vertex 14.775 15.044 2.400
    endloop
  endfacet
  facet normal 0.000000 0.000000 1.000000
    outer loop
      vertex 16.000 18.000 7.400
      vertex 14.775 15.044 7.400
      vertex 15.376 14.861 7.400
    endloop
  endfacet
  facet normal -0.098017 -0.995185 0.000000
    outer loop
      vertex 15.376 14.861 2.400
      vertex 16.000 14.800 2.400
      vertex 16.000 14.800 7.400
    endloop
  endfacet
  facet normal -0.098017 -0.995185 0.000000
    outer loop
      vertex 15.376 14.861 2.400
      vertex 16.000 14.800 7.400
      vertex 15.376 14.861 7.400
    endloop
  endfacet
  facet normal 0.000000 -0.000000 -1.000000
    outer loop
      vertex 16.000 18.000 2.400
      vertex 16.000 14.800 2.400
      vertex 15.376 14.861 2.400
    endloop
  endfacet
  facet normal 0.000000 0.000000 1.000000
    outer loop
      vertex 16.000 18.000 7.400
      vertex 15.376 14.861 7.400
      vertex 16.000 14.800 7.400
    endloop
  endfacet
  facet normal 0.098017 -0.995185 0.000000
    outer loop
      vertex 16.000 14.800 2.400
      vertex 16.624 14.861 2.400
      vertex 16.624 14.861 7.400
    endloop
  endfacet
  facet normal 0.098017 -0.995185 0.000000
    outer loop
      vertex 16.000 14.800 2.400
      vertex 16.624 14.861 7.400
      vertex 16.000 14.800 7.400
    endloop
  endfacet
  facet normal 0.000000 0.000000 -1.000000
    outer loop
      vertex 16.000 18.000 2.400
      vertex 16.624 14.861 2.400
      vertex 16.000 14.800 2.400
    endloop
  endfacet
  facet normal 0.000000 0.000000 1.000000
    outer loop
      vertex 16.000 18.000 7.400
      vertex 16.000 14.800 7.400
      vertex 16.624 14.861 7.400
    endloop
  endfacet
  facet normal 0.290285 -0.956940 0.000000
    outer loop
      vertex 16.624 14.861 2.400
      vertex 17.225 15.044 2.400
      vertex 17.225 15.044 7.400
    endloop
  endfacet
  facet normal 0.290285 -0.956940 0.000000
    outer loop
      vertex 16.624 14.861 2.400
      vertex 17.225 15.044 7.400
      vertex 16.624 14.861 7.400
    endloop
  endfacet
  facet normal 0.000000 0.000000 -1.000000
    outer loop
      vertex 16.000 18.000 2.400
      vertex 17.225 15.044 2.400
      vertex 16.624 14.861 2.400
    endloop
  endfacet
  facet normal 0.000000 0.000000 1.000000
    outer loop
      vertex 16.000 18.000 7.400
      vertex 16.624 14.861 7.400
      vertex 17.225 15.044 7.400
    endloop
  endfacet
  facet normal 0.471397 -0.881921 0.000000
    outer loop
      vertex 17.225 15.044 2.400
      vertex 17.778 15.339 2.400
      vertex 17.778 15.339 7.400
    endloop
  endfacet
  facet normal 0.471397 -0.881921 0.000000
    outer loop
      vertex 17.225 15.044 2.400
      vertex 17.778 15.339 7.400
      vertex 17.225 15.044 7.400
    endloop
  endfacet
  facet normal 0.000000 0.000000 -1.000000
    outer loop
      vertex 16.000 18.000 2.400
      vertex 17.778 15.339 2.400
      vertex 17.225 15.044 2.400
    endloop
  endfacet
  facet normal 0.000000 0.000000 1.000000
    outer loop
      vertex 16.000 18.000 7.400
      vertex 17.225 15.044 7.400
      vertex 17.778 15.339 7.400
    endloop
  endfacet
  facet normal 0.634393 -0.773010 0.000000
    outer loop
      vertex 17.778 15.339 2.400
      vertex 18.263 15.737 2.400
      vertex 18.263 15.737 7.400
    endloop
  endfacet
  facet normal 0.634393 -0.773010 0.000000
    outer loop
      vertex 17.778 15.339 2.400
      vertex 18.263 15.737 7.400
      vertex 17.778 15.339 7.400
    endloop
  endfacet
  facet normal 0.000000 0.000000 -1.000000
    outer loop
      vertex 16.000 18.000 2.400
      vertex 18.263 15.737 2.400
      vertex 17.778 15.339 2.400
    endloop
  endfacet
  facet normal 0.000000 0.000000 1.000000
    outer loop
      vertex 16.000 18.000 7.400
      vertex 17.778 15.339 7.400
      vertex 18.263 15.737 7.400
    endloop
  endfacet
  facet normal 0.773010 -0.634393 0.000000
    outer loop
      vertex 18.263 15.737 2.400
      vertex 18.661 16.222 2.400
      vertex 18.661 16.222 7.400
    endloop
  endfacet
  facet normal 0.773010 -0.634393 0.000000
    outer loop
      vertex 18.263 15.737 2.400
      vertex 18.661 16.222 7.400
      vertex 18.263 15.737 7.400
    endloop
  endfacet
  facet normal 0.000000 0.000000 -1.000000
    outer loop
      vertex 16.000 18.000 2.400
      vertex 18.661 16.222 2.400
      vertex 18.263 15.737 2.400
    endloop
  endfacet
  facet normal 0.000000 0.000000 1.000000
    outer loop
      vertex 16.000 18.000 7.400
      vertex 18.263 15.737 7.400
      vertex 18.661 16.222 7.400
    endloop
  endfacet
  facet normal 0.881921 -0.471397 0.000000
    outer loop
      vertex 18.661 16.222 2.400
      vertex 18.956 16.775 2.400
      vertex 18.956 16.775 7.400
    endloop
  endfacet
  facet normal 0.881921 -0.471397 0.000000
    outer loop
      vertex 18.661 16.222 2.400
      vertex 18.956 16.775 7.400
      vertex 18.661 16.222 7.400
    endloop
  endfacet
  facet normal 0.000000 0.000000 -1.000000
    outer loop
      vertex 16.000 18.000 2.400
      vertex 18.956 16.775 2.400
      vertex 18.661 16.222 2.400
    endloop
  endfacet
  facet normal 0.000000 0.000000 1.000000
    outer loop
      vertex 16.000 18.000 7.400
      vertex 18.661 16.222 7.400
      vertex 18.956 16.775 7.400
    endloop
  endfacet
  facet normal 0.956940 -0.290285 0.000000
    outer loop
      vertex 18.956 16.775 2.400
      vertex 19.139 17.376 2.400
      vertex 19.139 17.376 7.400
    endloop
  endfacet
  facet normal 0.956940 -0.290285 0.000000
    outer loop
      vertex 18.956 16.775 2.400
      vertex 19.139 17.376 7.400
      vertex 18.956 16.775 7.400
    endloop
  endfacet
  facet normal 0.000000 0.000000 -1.000000
    outer loop
      vertex 16.000 18.000 2.400
      vertex 19.139 17.376 2.400
      vertex 18.956 16.775 2.400
    endloop
  endfacet
  facet normal 0.000000 0.000000 1.000000
    outer loop
      vertex 16.000 18.000 7.400
      vertex 18.956 16.775 7.400
      vertex 19.139 17.376 7.400
    endloop
  endfacet
  facet normal 0.995185 -0.098017 0.000000
    outer loop
      vertex 19.139 17.376 2.400
      vertex 19.200 18.000 2.400
      vertex 19.200 18.000 7.400
    endloop
  endfacet
  facet normal 0.995185 -0.098017 0.000000
    outer loop
      vertex 19.139 17.376 2.400
      vertex 19.200 18.000 7.400
      vertex 19.139 17.376 7.400
    endloop
  endfacet
  facet normal 0.000000 0.000000 -1.000000
    outer loop
      vertex 16.000 18.000 2.400
      vertex 19.200 18.000 2.400
      vertex 19.139 17.376 2.400
    endloop
  endfacet
  facet normal -0.000000 0.000000 1.000000
    outer loop
      vertex 16.000 18.000 7.400
      vertex 19.139 17.376 7.400
      vertex 19.200 18.000 7.400
    endloop
  endfacet
  facet normal 0.995185 0.098017 0.000000
    outer loop
      vertex 17.250 18.000 7.400
      vertex 17.226 18.244 7.400
      vertex 17.226 18.244 8.400
    endloop
  endfacet
  facet normal 0.995185 0.098017 -0.000000
    outer loop
      vertex 17.250 18.000 7.400
      vertex 17.226 18.244 8.400
      vertex 17.250 18.000 8.400
    endloop
  endfacet
  facet normal 0.000000 0.000000 -1.000000
    outer loop
      vertex 16.000 18.000 7.400
      vertex 17.226 18.244 7.400
      vertex 17.250 18.000 7.400
    endloop
  endfacet
  facet normal 0.000000 0.000000 1.000000
    outer loop
      vertex 16.000 18.000 8.400
      vertex 17.250 18.000 8.400
      vertex 17.226 18.244 8.400
    endloop
  endfacet
  facet normal 0.956940 0.290285 0.000000
    outer loop
      vertex 17.226 18.244 7.400
      vertex 17.155 18.478 7.400
      vertex 17.155 18.478 8.400
    endloop
  endfacet
  facet normal 0.956940 0.290285 -0.000000
    outer loop
      vertex 17.226 18.244 7.400
      vertex 17.155 18.478 8.400
      vertex 17.226 18.244 8.400
    endloop
  endfacet
  facet normal 0.000000 0.000000 -1.000000
    outer loop
      vertex 16.000 18.000 7.400
      vertex 17.155 18.478 7.400
      vertex 17.226 18.244 7.400
    endloop
  endfacet
  facet normal 0.000000 0.000000 1.000000
    outer loop
      vertex 16.000 18.000 8.400
      vertex 17.226 18.244 8.400
      vertex 17.155 18.478 8.400
    endloop
  endfacet
  facet normal 0.881921 0.471397 0.000000
    outer loop
      vertex 17.155 18.478 7.400
      vertex 17.039 18.694 7.400
      vertex 17.039 18.694 8.400
    endloop
  endfacet
  facet normal 0.881921 0.471397 -0.000000
    outer loop
      vertex 17.155 18.478 7.400
      vertex 17.039 18.694 8.400
      vertex 17.155 18.478 8.400
    endloop
  endfacet
  facet normal 0.000000 0.000000 -1.000000
    outer loop
      vertex 16.000 18.000 7.400
      vertex 17.039 18.694 7.400
      vertex 17.155 18.478 7.400
    endloop
  endfacet
  facet normal 0.000000 0.000000 1.000000
    outer loop
      vertex 16.000 18.000 8.400
      vertex 17.155 18.478 8.400
      vertex 17.039 18.694 8.400
    endloop
  endfacet
  facet normal 0.773010 0.634393 0.000000
    outer loop
      vertex 17.039 18.694 7.400
      vertex 16.884 18.884 7.400
      vertex 16.884 18.884 8.400
    endloop
  endfacet
  facet normal 0.773010 0.634393 -0.000000
    outer loop
      vertex 17.039 18.694 7.400
      vertex 16.884 18.884 8.400
      vertex 17.039 18.694 8.400
    endloop
  endfacet
  facet normal 0.000000 0.000000 -1.000000
    outer loop
      vertex 16.000 18.000 7.400
      vertex 16.884 18.884 7.400
      vertex 17.039 18.694 7.400
    endloop
  endfacet
  facet normal 0.000000 0.000000 1.000000
    outer loop
      vertex 16.000 18.000 8.400
      vertex 17.039 18.694 8.400
      vertex 16.884 18.884 8.400
    endloop
  endfacet
  facet normal 0.634393 0.773010 0.000000
    outer loop
      vertex 16.884 18.884 7.400
      vertex 16.694 19.039 7.400
      vertex 16.694 19.039 8.400
    endloop
  endfacet
  facet normal 0.634393 0.773010 -0.000000
    outer loop
      vertex 16.884 18.884 7.400
      vertex 16.694 19.039 8.400
      vertex 16.884 18.884 8.400
    endloop
  endfacet
  facet normal 0.000000 0.000000 -1.000000
    outer loop
      vertex 16.000 18.000 7.400
      vertex 16.694 19.039 7.400
      vertex 16.884 18.884 7.400
    endloop
  endfacet
  facet normal 0.000000 0.000000 1.000000
    outer loop
      vertex 16.000 18.000 8.400
      vertex 16.884 18.884 8.400
      vertex 16.694 19.039 8.400
    endloop
  endfacet
  facet normal 0.471397 0.881921 0.000000
    outer loop
      vertex 16.694 19.039 7.400
      vertex 16.478 19.155 7.400
      vertex 16.478 19.155 8.400
    endloop
  endfacet
  facet normal 0.471397 0.881921 -0.000000
    outer loop
      vertex 16.694 19.039 7.400
      vertex 16.478 19.155 8.400
      vertex 16.694 19.039 8.400
    endloop
  endfacet
  facet normal 0.000000 0.000000 -1.000000
    outer loop
      vertex 16.000 18.000 7.400
      vertex 16.478 19.155 7.400
      vertex 16.694 19.039 7.400
    endloop
  endfacet
  facet normal 0.000000 0.000000 1.000000
    outer loop
      vertex 16.000 18.000 8.400
      vertex 16.694 19.039 8.400
      vertex 16.478 19.155 8.400
    endloop
  endfacet
  facet normal 0.290285 0.956940 0.000000
    outer loop
      vertex 16.478 19.155 7.400
      vertex 16.244 19.226 7.400
      vertex 16.244 19.226 8.400
    endloop
  endfacet
  facet normal 0.290285 0.956940 -0.000000
    outer loop
      vertex 16.478 19.155 7.400
      vertex 16.244 19.226 8.400
      vertex 16.478 19.155 8.400
    endloop
  endfacet
  facet normal 0.000000 0.000000 -1.000000
    outer loop
      vertex 16.000 18.000 7.400
      vertex 16.244 19.226 7.400
      vertex 16.478 19.155 7.400
    endloop
  endfacet
  facet normal 0.000000 0.000000 1.000000
    outer loop
      vertex 16.000 18.000 8.400
      vertex 16.478 19.155 8.400
      vertex 16.244 19.226 8.400
    endloop
  endfacet
  facet normal 0.098017 0.995185 0.000000
    outer loop
      vertex 16.244 19.226 7.400
      vertex 16.000 19.250 7.400
      vertex 16.000 19.250 8.400
    endloop
  endfacet
  facet normal 0.098017 0.995185 -0.000000
    outer loop
      vertex 16.244 19.226 7.400
      vertex 16.000 19.250 8.400
      vertex 16.244 19.226 8.400
    endloop
  endfacet
  facet normal 0.000000 0.000000 -1.000000
    outer loop
      vertex 16.000 18.000 7.400
      vertex 16.000 19.250 7.400
      vertex 16.244 19.226 7.400
    endloop
  endfacet
  facet normal 0.000000 0.000000 1.000000
    outer loop
      vertex 16.000 18.000 8.400
      vertex 16.244 19.226 8.400
      vertex 16.000 19.250 8.400
    endloop
  endfacet
  facet normal -0.098017 0.995185 0.000000
    outer loop
      vertex 16.000 19.250 7.400
      vertex 15.756 19.226 7.400
      vertex 15.756 19.226 8.400
    endloop
  endfacet
  facet normal -0.098017 0.995185 0.000000
    outer loop
      vertex 16.000 19.250 7.400
      vertex 15.756 19.226 8.400
      vertex 16.000 19.250 8.400
    endloop
  endfacet
  facet normal 0.000000 0.000000 -1.000000
    outer loop
      vertex 16.000 18.000 7.400
      vertex 15.756 19.226 7.400
      vertex 16.000 19.250 7.400
    endloop
  endfacet
  facet normal 0.000000 -0.000000 1.000000
    outer loop
      vertex 16.000 18.000 8.400
      vertex 16.000 19.250 8.400
      vertex 15.756 19.226 8.400
    endloop
  endfacet
  facet normal -0.290285 0.956940 0.000000
    outer loop
      vertex 15.756 19.226 7.400
      vertex 15.522 19.155 7.400
      vertex 15.522 19.155 8.400
    endloop
  endfacet
  facet normal -0.290285 0.956940 0.000000
    outer loop
      vertex 15.756 19.226 7.400
      vertex 15.522 19.155 8.400
      vertex 15.756 19.226 8.400
    endloop
  endfacet
  facet normal 0.000000 0.000000 -1.000000
    outer loop
      vertex 16.000 18.000 7.400
      vertex 15.522 19.155 7.400
      vertex 15.756 19.226 7.400
    endloop
  endfacet
  facet normal 0.000000 0.000000 1.000000
    outer loop
      vertex 16.000 18.000 8.400
      vertex 15.756 19.226 8.400
      vertex 15.522 19.155 8.400
    endloop
  endfacet
  facet normal -0.471397 0.881921 0.000000
    outer loop
      vertex 15.522 19.155 7.400
      vertex 15.306 19.039 7.400
      vertex 15.306 19.039 8.400
    endloop
  endfacet
  facet normal -0.471397 0.881921 0.000000
    outer loop
      vertex 15.522 19.155 7.400
      vertex 15.306 19.039 8.400
      vertex 15.522 19.155 8.400
    endloop
  endfacet
  facet normal 0.000000 0.000000 -1.000000
    outer loop
      vertex 16.000 18.000 7.400
      vertex 15.306 19.039 7.400
      vertex 15.522 19.155 7.400
    endloop
  endfacet
  facet normal 0.000000 0.000000 1.000000
    outer loop
      vertex 16.000 18.000 8.400
      vertex 15.522 19.155 8.400
      vertex 15.306 19.039 8.400
    endloop
  endfacet
  facet normal -0.634393 0.773010 0.000000
    outer loop
      vertex 15.306 19.039 7.400
      vertex 15.116 18.884 7.400
      vertex 15.116 18.884 8.400
    endloop
  endfacet
  facet normal -0.634393 0.773010 0.000000
    outer loop
      vertex 15.306 19.039 7.400
      vertex 15.116 18.884 8.400
      vertex 15.306 19.039 8.400
    endloop
  endfacet
  facet normal 0.000000 0.000000 -1.000000
    outer loop
      vertex 16.000 18.000 7.400
      vertex 15.116 18.884 7.400
      vertex 15.306 19.039 7.400
    endloop
  endfacet
  facet normal 0.000000 0.000000 1.000000
    outer loop
      vertex 16.000 18.000 8.400
      vertex 15.306 19.039 8.400
      vertex 15.116 18.884 8.400
    endloop
  endfacet
  facet normal -0.773010 0.634393 0.000000
    outer loop
      vertex 15.116 18.884 7.400
      vertex 14.961 18.694 7.400
      vertex 14.961 18.694 8.400
    endloop
  endfacet
  facet normal -0.773010 0.634393 0.000000
    outer loop
      vertex 15.116 18.884 7.400
      vertex 14.961 18.694 8.400
      vertex 15.116 18.884 8.400
    endloop
  endfacet
  facet normal 0.000000 0.000000 -1.000000
    outer loop
      vertex 16.000 18.000 7.400
      vertex 14.961 18.694 7.400
      vertex 15.116 18.884 7.400
    endloop
  endfacet
  facet normal 0.000000 0.000000 1.000000
    outer loop
      vertex 16.000 18.000 8.400
      vertex 15.116 18.884 8.400
      vertex 14.961 18.694 8.400
    endloop
  endfacet
  facet normal -0.881921 0.471397 0.000000
    outer loop
      vertex 14.961 18.694 7.400
      vertex 14.845 18.478 7.400
      vertex 14.845 18.478 8.400
    endloop
  endfacet
  facet normal -0.881921 0.471397 0.000000
    outer loop
      vertex 14.961 18.694 7.400
      vertex 14.845 18.478 8.400
      vertex 14.961 18.694 8.400
    endloop
  endfacet
  facet normal 0.000000 0.000000 -1.000000
    outer loop
      vertex 16.000 18.000 7.400
      vertex 14.845 18.478 7.400
      vertex 14.961 18.694 7.400
    endloop
  endfacet
  facet normal 0.000000 0.000000 1.000000
    outer loop
      vertex 16.000 18.000 8.400
      vertex 14.961 18.694 8.400
      vertex 14.845 18.478 8.400
    endloop
  endfacet
  facet normal -0.956940 0.290285 0.000000
    outer loop
      vertex 14.845 18.478 7.400
      vertex 14.774 18.244 7.400
      vertex 14.774 18.244 8.400
    endloop
  endfacet
  facet normal -0.956940 0.290285 0.000000
    outer loop
      vertex 14.845 18.478 7.400
      vertex 14.774 18.244 8.400
      vertex 14.845 18.478 8.400
    endloop
  endfacet
  facet normal 0.000000 0.000000 -1.000000
    outer loop
      vertex 16.000 18.000 7.400
      vertex 14.774 18.244 7.400
      vertex 14.845 18.478 7.400
    endloop
  endfacet
  facet normal 0.000000 0.000000 1.000000
    outer loop
      vertex 16.000 18.000 8.400
      vertex 14.845 18.478 8.400
      vertex 14.774 18.244 8.400
    endloop
  endfacet
  facet normal -0.995185 0.098017 0.000000
    outer loop
      vertex 14.774 18.244 7.400
      vertex 14.750 18.000 7.400
      vertex 14.750 18.000 8.400
    endloop
  endfacet
  facet normal -0.995185 0.098017 0.000000
    outer loop
      vertex 14.774 18.244 7.400
      vertex 14.750 18.000 8.400
      vertex 14.774 18.244 8.400
    endloop
  endfacet
  facet normal 0.000000 0.000000 -1.000000
    outer loop
      vertex 16.000 18.000 7.400
      vertex 14.750 18.000 7.400
      vertex 14.774 18.244 7.400
    endloop
  endfacet
  facet normal 0.000000 0.000000 1.000000
    outer loop
      vertex 16.000 18.000 8.400
      vertex 14.774 18.244 8.400
      vertex 14.750 18.000 8.400
    endloop
  endfacet
  facet normal -0.995185 -0.098017 0.000000
    outer loop
      vertex 14.750 18.000 7.400
      vertex 14.774 17.756 7.400
      vertex 14.774 17.756 8.400
    endloop
  endfacet
  facet normal -0.995185 -0.098017 0.000000
    outer loop
      vertex 14.750 18.000 7.400
      vertex 14.774 17.756 8.400
      vertex 14.750 18.000 8.400
    endloop
  endfacet
  facet normal -0.000000 0.000000 -1.000000
    outer loop
      vertex 16.000 18.000 7.400
      vertex 14.774 17.756 7.400
      vertex 14.750 18.000 7.400
    endloop
  endfacet
  facet normal 0.000000 0.000000 1.000000
    outer loop
      vertex 16.000 18.000 8.400
      vertex 14.750 18.000 8.400
      vertex 14.774 17.756 8.400
    endloop
  endfacet
  facet normal -0.956940 -0.290285 0.000000
    outer loop
      vertex 14.774 17.756 7.400
      vertex 14.845 17.522 7.400
      vertex 14.845 17.522 8.400
    endloop
  endfacet
  facet normal -0.956940 -0.290285 0.000000
    outer loop
      vertex 14.774 17.756 7.400
      vertex 14.845 17.522 8.400
      vertex 14.774 17.756 8.400
    endloop
  endfacet
  facet normal 0.000000 0.000000 -1.000000
    outer loop
      vertex 16.000 18.000 7.400
      vertex 14.845 17.522 7.400
      vertex 14.774 17.756 7.400
    endloop
  endfacet
  facet normal 0.000000 0.000000 1.000000
    outer loop
      vertex 16.000 18.000 8.400
      vertex 14.774 17.756 8.400
      vertex 14.845 17.522 8.400
    endloop
  endfacet
  facet normal -0.881921 -0.471397 0.000000
    outer loop
      vertex 14.845 17.522 7.400
      vertex 14.961 17.306 7.400
      vertex 14.961 17.306 8.400
    endloop
  endfacet
  facet normal -0.881921 -0.471397 0.000000
    outer loop
      vertex 14.845 17.522 7.400
      vertex 14.961 17.306 8.400
      vertex 14.845 17.522 8.400
    endloop
  endfacet
  facet normal 0.000000 0.000000 -1.000000
    outer loop
      vertex 16.000 18.000 7.400
      vertex 14.961 17.306 7.400
      vertex 14.845 17.522 7.400
    endloop
  endfacet
  facet normal 0.000000 0.000000 1.000000
    outer loop
      vertex 16.000 18.000 8.400
      vertex 14.845 17.522 8.400
      vertex 14.961 17.306 8.400
    endloop
  endfacet
  facet normal -0.773010 -0.634393 0.000000
    outer loop
      vertex 14.961 17.306 7.400
      vertex 15.116 17.116 7.400
      vertex 15.116 17.116 8.400
    endloop
  endfacet
  facet normal -0.773010 -0.634393 0.000000
    outer loop
      vertex 14.961 17.306 7.400
      vertex 15.116 17.116 8.400
      vertex 14.961 17.306 8.400
    endloop
  endfacet
  facet normal 0.000000 0.000000 -1.000000
    outer loop
      vertex 16.000 18.000 7.400
      vertex 15.116 17.116 7.400
      vertex 14.961 17.306 7.400
    endloop
  endfacet
  facet normal 0.000000 0.000000 1.000000
    outer loop
      vertex 16.000 18.000 8.400
      vertex 14.961 17.306 8.400
      vertex 15.116 17.116 8.400
    endloop
  endfacet
  facet normal -0.634393 -0.773010 0.000000
    outer loop
      vertex 15.116 17.116 7.400
      vertex 15.306 16.961 7.400
      vertex 15.306 16.961 8.400
    endloop
  endfacet
  facet normal -0.634393 -0.773010 0.000000
    outer loop
      vertex 15.116 17.116 7.400
      vertex 15.306 16.961 8.400
      vertex 15.116 17.116 8.400
    endloop
  endfacet
  facet normal 0.000000 0.000000 -1.000000
    outer loop
      vertex 16.000 18.000 7.400
      vertex 15.306 16.961 7.400
      vertex 15.116 17.116 7.400
    endloop
  endfacet
  facet normal 0.000000 0.000000 1.000000
    outer loop
      vertex 16.000 18.000 8.400
      vertex 15.116 17.116 8.400
      vertex 15.306 16.961 8.400
    endloop
  endfacet
  facet normal -0.471397 -0.881921 0.000000
    outer loop
      vertex 15.306 16.961 7.400
      vertex 15.522 16.845 7.400
      vertex 15.522 16.845 8.400
    endloop
  endfacet
  facet normal -0.471397 -0.881921 0.000000
    outer loop
      vertex 15.306 16.961 7.400
      vertex 15.522 16.845 8.400
      vertex 15.306 16.961 8.400
    endloop
  endfacet
  facet normal 0.000000 0.000000 -1.000000
    outer loop
      vertex 16.000 18.000 7.400
      vertex 15.522 16.845 7.400
      vertex 15.306 16.961 7.400
    endloop
  endfacet
  facet normal 0.000000 0.000000 1.000000
    outer loop
      vertex 16.000 18.000 8.400
      vertex 15.306 16.961 8.400
      vertex 15.522 16.845 8.400
    endloop
  endfacet
  facet normal -0.290285 -0.956940 0.000000
    outer loop
      vertex 15.522 16.845 7.400
      vertex 15.756 16.774 7.400
      vertex 15.756 16.774 8.400
    endloop
  endfacet
  facet normal -0.290285 -0.956940 0.000000
    outer loop
      vertex 15.522 16.845 7.400
      vertex 15.756 16.774 8.400
      vertex 15.522 16.845 8.400
    endloop
  endfacet
  facet normal 0.000000 0.000000 -1.000000
    outer loop
      vertex 16.000 18.000 7.400
      vertex 15.756 16.774 7.400
      vertex 15.522 16.845 7.400
    endloop
  endfacet
  facet normal 0.000000 0.000000 1.000000
    outer loop
      vertex 16.000 18.000 8.400
      vertex 15.522 16.845 8.400
      vertex 15.756 16.774 8.400
    endloop
  endfacet
  facet normal -0.098017 -0.995185 0.000000
    outer loop
      vertex 15.756 16.774 7.400
      vertex 16.000 16.750 7.400
      vertex 16.000 16.750 8.400
    endloop
  endfacet
  facet normal -0.098017 -0.995185 0.000000
    outer loop
      vertex 15.756 16.774 7.400
      vertex 16.000 16.750 8.400
      vertex 15.756 16.774 8.400
    endloop
  endfacet
  facet normal 0.000000 -0.000000 -1.000000
    outer loop
      vertex 16.000 18.000 7.400
      vertex 16.000 16.750 7.400
      vertex 15.756 16.774 7.400
    endloop
  endfacet
  facet normal 0.000000 0.000000 1.000000
    outer loop
      vertex 16.000 18.000 8.400
      vertex 15.756 16.774 8.400
      vertex 16.000 16.750 8.400
    endloop
  endfacet
  facet normal 0.098017 -0.995185 0.000000
    outer loop
      vertex 16.000 16.750 7.400
      vertex 16.244 16.774 7.400
      vertex 16.244 16.774 8.400
    endloop
  endfacet
  facet normal 0.098017 -0.995185 0.000000
    outer loop
      vertex 16.000 16.750 7.400
      vertex 16.244 16.774 8.400
      vertex 16.000 16.750 8.400
    endloop
  endfacet
  facet normal 0.000000 0.000000 -1.000000
    outer loop
      vertex 16.000 18.000 7.400
      vertex 16.244 16.774 7.400
      vertex 16.000 16.750 7.400
    endloop
  endfacet
  facet normal 0.000000 0.000000 1.000000
    outer loop
      vertex 16.000 18.000 8.400
      vertex 16.000 16.750 8.400
      vertex 16.244 16.774 8.400
    endloop
  endfacet
  facet normal 0.290285 -0.956940 0.000000
    outer loop
      vertex 16.244 16.774 7.400
      vertex 16.478 16.845 7.400
      vertex 16.478 16.845 8.400
    endloop
  endfacet
  facet normal 0.290285 -0.956940 0.000000
    outer loop
      vertex 16.244 16.774 7.400
      vertex 16.478 16.845 8.400
      vertex 16.244 16.774 8.400
    endloop
  endfacet
  facet normal 0.000000 0.000000 -1.000000
    outer loop
      vertex 16.000 18.000 7.400
      vertex 16.478 16.845 7.400
      vertex 16.244 16.774 7.400
    endloop
  endfacet
  facet normal 0.000000 0.000000 1.000000
    outer loop
      vertex 16.000 18.000 8.400
      vertex 16.244 16.774 8.400
      vertex 16.478 16.845 8.400
    endloop
  endfacet
  facet normal 0.471397 -0.881921 0.000000
    outer loop
      vertex 16.478 16.845 7.400
      vertex 16.694 16.961 7.400
      vertex 16.694 16.961 8.400
    endloop
  endfacet
  facet normal 0.471397 -0.881921 0.000000
    outer loop
      vertex 16.478 16.845 7.400
      vertex 16.694 16.961 8.400
      vertex 16.478 16.845 8.400
    endloop
  endfacet
  facet normal 0.000000 0.000000 -1.000000
    outer loop
      vertex 16.000 18.000 7.400
      vertex 16.694 16.961 7.400
      vertex 16.478 16.845 7.400
    endloop
  endfacet
  facet normal 0.000000 0.000000 1.000000
    outer loop
      vertex 16.000 18.000 8.400
      vertex 16.478 16.845 8.400
      vertex 16.694 16.961 8.400
    endloop
  endfacet
  facet normal 0.634393 -0.773010 0.000000
    outer loop
      vertex 16.694 16.961 7.400
      vertex 16.884 17.116 7.400
      vertex 16.884 17.116 8.400
    endloop
  endfacet
  facet normal 0.634393 -0.773010 0.000000
    outer loop
      vertex 16.694 16.961 7.400
      vertex 16.884 17.116 8.400
      vertex 16.694 16.961 8.400
    endloop
  endfacet
  facet normal 0.000000 0.000000 -1.000000
    outer loop
      vertex 16.000 18.000 7.400
      vertex 16.884 17.116 7.400
      vertex 16.694 16.961 7.400
    endloop
  endfacet
  facet normal 0.000000 0.000000 1.000000
    outer loop
      vertex 16.000 18.000 8.400
      vertex 16.694 16.961 8.400
      vertex 16.884 17.116 8.400
    endloop
  endfacet
  facet normal 0.773010 -0.634393 0.000000
    outer loop
      vertex 16.884 17.116 7.400
      vertex 17.039 17.306 7.400
      vertex 17.039 17.306 8.400
    endloop
  endfacet
  facet normal 0.773010 -0.634393 0.000000
    outer loop
      vertex 16.884 17.116 7.400
      vertex 17.039 17.306 8.400
      vertex 16.884 17.116 8.400
    endloop
  endfacet
  facet normal 0.000000 0.000000 -1.000000
    outer loop
      vertex 16.000 18.000 7.400
      vertex 17.039 17.306 7.400
      vertex 16.884 17.116 7.400
    endloop
  endfacet
  facet normal 0.000000 0.000000 1.000000
    outer loop
      vertex 16.000 18.000 8.400
      vertex 16.884 17.116 8.400
      vertex 17.039 17.306 8.400
    endloop
  endfacet
  facet normal 0.881921 -0.471397 0.000000
    outer loop
      vertex 17.039 17.306 7.400
      vertex 17.155 17.522 7.400
      vertex 17.155 17.522 8.400
    endloop
  endfacet
  facet normal 0.881921 -0.471397 0.000000
    outer loop
      vertex 17.039 17.306 7.400
      vertex 17.155 17.522 8.400
      vertex 17.039 17.306 8.400
    endloop
  endfacet
  facet normal 0.000000 0.000000 -1.000000
    outer loop
      vertex 16.000 18.000 7.400
      vertex 17.155 17.522 7.400
      vertex 17.039 17.306 7.400
    endloop
  endfacet
  facet normal 0.000000 0.000000 1.000000
    outer loop
      vertex 16.000 18.000 8.400
      vertex 17.039 17.306 8.400
      vertex 17.155 17.522 8.400
    endloop
  endfacet
  facet normal 0.956940 -0.290285 0.000000
    outer loop
      vertex 17.155 17.522 7.400
      vertex 17.226 17.756 7.400
      vertex 17.226 17.756 8.400
    endloop
  endfacet
  facet normal 0.956940 -0.290285 0.000000
    outer loop
      vertex 17.155 17.522 7.400
      vertex 17.226 17.756 8.400
      vertex 17.155 17.522 8.400
    endloop
  endfacet
  facet normal 0.000000 0.000000 -1.000000
    outer loop
      vertex 16.000 18.000 7.400
      vertex 17.226 17.756 7.400
      vertex 17.155 17.522 7.400
    endloop
  endfacet
  facet normal 0.000000 0.000000 1.000000
    outer loop
      vertex 16.000 18.000 8.400
      vertex 17.155 17.522 8.400
      vertex 17.226 17.756 8.400
    endloop
  endfacet
  facet normal 0.995185 -0.098017 0.000000
    outer loop
      vertex 17.226 17.756 7.400
      vertex 17.250 18.000 7.400
      vertex 17.250 18.000 8.400
    endloop
  endfacet
  facet normal 0.995185 -0.098017 0.000000
    outer loop
      vertex 17.226 17.756 7.400
      vertex 17.250 18.000 8.400
      vertex 17.226 17.756 8.400
    endloop
  endfacet
  facet normal 0.000000 0.000000 -1.000000
    outer loop
      vertex 16.000 18.000 7.400
      vertex 17.250 18.000 7.400
      vertex 17.226 17.756 7.400
    endloop
  endfacet
  facet normal -0.000000 0.000000 1.000000
    outer loop
      vertex 16.000 18.000 8.400
      vertex 17.226 17.756 8.400
      vertex 17.250 18.000 8.400
    endloop
  endfacet
  facet normal 0.995185 0.098017 0.000000
    outer loop
      vertex 69.200 18.000 2.400
      vertex 69.139 18.624 2.400
      vertex 69.139 18.624 7.400
    endloop
  endfacet
  facet normal 0.995185 0.098017 -0.000000
    outer loop
      vertex 69.200 18.000 2.400
      vertex 69.139 18.624 7.400
      vertex 69.200 18.000 7.400
    endloop
  endfacet
  facet normal 0.000000 0.000000 -1.000000
    outer loop
      vertex 66.000 18.000 2.400
      vertex 69.139 18.624 2.400
      vertex 69.200 18.000 2.400
    endloop
  endfacet
  facet normal 0.000000 0.000000 1.000000
    outer loop
      vertex 66.000 18.000 7.400
      vertex 69.200 18.000 7.400
      vertex 69.139 18.624 7.400
    endloop
  endfacet
  facet normal 0.956940 0.290285 0.000000
    outer loop
      vertex 69.139 18.624 2.400
      vertex 68.956 19.225 2.400
      vertex 68.956 19.225 7.400
    endloop
  endfacet
  facet normal 0.956940 0.290285 -0.000000
    outer loop
      vertex 69.139 18.624 2.400
      vertex 68.956 19.225 7.400
      vertex 69.139 18.624 7.400
    endloop
  endfacet
  facet normal 0.000000 0.000000 -1.000000
    outer loop
      vertex 66.000 18.000 2.400
      vertex 68.956 19.225 2.400
      vertex 69.139 18.624 2.400
    endloop
  endfacet
  facet normal 0.000000 0.000000 1.000000
    outer loop
      vertex 66.000 18.000 7.400
      vertex 69.139 18.624 7.400
      vertex 68.956 19.225 7.400
    endloop
  endfacet
  facet normal 0.881921 0.471397 0.000000
    outer loop
      vertex 68.956 19.225 2.400
      vertex 68.661 19.778 2.400
      vertex 68.661 19.778 7.400
    endloop
  endfacet
  facet normal 0.881921 0.471397 -0.000000
    outer loop
      vertex 68.956 19.225 2.400
      vertex 68.661 19.778 7.400
      vertex 68.956 19.225 7.400
    endloop
  endfacet
  facet normal 0.000000 0.000000 -1.000000
    outer loop
      vertex 66.000 18.000 2.400
      vertex 68.661 19.778 2.400
      vertex 68.956 19.225 2.400
    endloop
  endfacet
  facet normal 0.000000 0.000000 1.000000
    outer loop
      vertex 66.000 18.000 7.400
      vertex 68.956 19.225 7.400
      vertex 68.661 19.778 7.400
    endloop
  endfacet
  facet normal 0.773010 0.634393 0.000000
    outer loop
      vertex 68.661 19.778 2.400
      vertex 68.263 20.263 2.400
      vertex 68.263 20.263 7.400
    endloop
  endfacet
  facet normal 0.773010 0.634393 -0.000000
    outer loop
      vertex 68.661 19.778 2.400
      vertex 68.263 20.263 7.400
      vertex 68.661 19.778 7.400
    endloop
  endfacet
  facet normal 0.000000 0.000000 -1.000000
    outer loop
      vertex 66.000 18.000 2.400
      vertex 68.263 20.263 2.400
      vertex 68.661 19.778 2.400
    endloop
  endfacet
  facet normal 0.000000 0.000000 1.000000
    outer loop
      vertex 66.000 18.000 7.400
      vertex 68.661 19.778 7.400
      vertex 68.263 20.263 7.400
    endloop
  endfacet
  facet normal 0.634393 0.773010 0.000000
    outer loop
      vertex 68.263 20.263 2.400
      vertex 67.778 20.661 2.400
      vertex 67.778 20.661 7.400
    endloop
  endfacet
  facet normal 0.634393 0.773010 -0.000000
    outer loop
      vertex 68.263 20.263 2.400
      vertex 67.778 20.661 7.400
      vertex 68.263 20.263 7.400
    endloop
  endfacet
  facet normal 0.000000 0.000000 -1.000000
    outer loop
      vertex 66.000 18.000 2.400
      vertex 67.778 20.661 2.400
      vertex 68.263 20.263 2.400
    endloop
  endfacet
  facet normal 0.000000 0.000000 1.000000
    outer loop
      vertex 66.000 18.000 7.400
      vertex 68.263 20.263 7.400
      vertex 67.778 20.661 7.400
    endloop
  endfacet
  facet normal 0.471397 0.881921 0.000000
    outer loop
      vertex 67.778 20.661 2.400
      vertex 67.225 20.956 2.400
      vertex 67.225 20.956 7.400
    endloop
  endfacet
  facet normal 0.471397 0.881921 -0.000000
    outer loop
      vertex 67.778 20.661 2.400
      vertex 67.225 20.956 7.400
      vertex 67.778 20.661 7.400
    endloop
  endfacet
  facet normal 0.000000 0.000000 -1.000000
    outer loop
      vertex 66.000 18.000 2.400
      vertex 67.225 20.956 2.400
      vertex 67.778 20.661 2.400
    endloop
  endfacet
  facet normal 0.000000 0.000000 1.000000
    outer loop
      vertex 66.000 18.000 7.400
      vertex 67.778 20.661 7.400
      vertex 67.225 20.956 7.400
    endloop
  endfacet
  facet normal 0.290285 0.956940 0.000000
    outer loop
      vertex 67.225 20.956 2.400
      vertex 66.624 21.139 2.400
      vertex 66.624 21.139 7.400
    endloop
  endfacet
  facet normal 0.290285 0.956940 -0.000000
    outer loop
      vertex 67.225 20.956 2.400
      vertex 66.624 21.139 7.400
      vertex 67.225 20.956 7.400
    endloop
  endfacet
  facet normal 0.000000 0.000000 -1.000000
    outer loop
      vertex 66.000 18.000 2.400
      vertex 66.624 21.139 2.400
      vertex 67.225 20.956 2.400
    endloop
  endfacet
  facet normal 0.000000 0.000000 1.000000
    outer loop
      vertex 66.000 18.000 7.400
      vertex 67.225 20.956 7.400
      vertex 66.624 21.139 7.400
    endloop
  endfacet
  facet normal 0.098017 0.995185 0.000000
    outer loop
      vertex 66.624 21.139 2.400
      vertex 66.000 21.200 2.400
      vertex 66.000 21.200 7.400
    endloop
  endfacet
  facet normal 0.098017 0.995185 -0.000000
    outer loop
      vertex 66.624 21.139 2.400
      vertex 66.000 21.200 7.400
      vertex 66.624 21.139 7.400
    endloop
  endfacet
  facet normal 0.000000 0.000000 -1.000000
    outer loop
      vertex 66.000 18.000 2.400
      vertex 66.000 21.200 2.400
      vertex 66.624 21.139 2.400
    endloop
  endfacet
  facet normal 0.000000 0.000000 1.000000
    outer loop
      vertex 66.000 18.000 7.400
      vertex 66.624 21.139 7.400
      vertex 66.000 21.200 7.400
    endloop
  endfacet
  facet normal -0.098017 0.995185 0.000000
    outer loop
      vertex 66.000 21.200 2.400
      vertex 65.376 21.139 2.400
      vertex 65.376 21.139 7.400
    endloop
  endfacet
  facet normal -0.098017 0.995185 0.000000
    outer loop
      vertex 66.000 21.200 2.400
      vertex 65.376 21.139 7.400
      vertex 66.000 21.200 7.400
    endloop
  endfacet
  facet normal 0.000000 0.000000 -1.000000
    outer loop
      vertex 66.000 18.000 2.400
      vertex 65.376 21.139 2.400
      vertex 66.000 21.200 2.400
    endloop
  endfacet
  facet normal 0.000000 -0.000000 1.000000
    outer loop
      vertex 66.000 18.000 7.400
      vertex 66.000 21.200 7.400
      vertex 65.376 21.139 7.400
    endloop
  endfacet
  facet normal -0.290285 0.956940 0.000000
    outer loop
      vertex 65.376 21.139 2.400
      vertex 64.775 20.956 2.400
      vertex 64.775 20.956 7.400
    endloop
  endfacet
  facet normal -0.290285 0.956940 0.000000
    outer loop
      vertex 65.376 21.139 2.400
      vertex 64.775 20.956 7.400
      vertex 65.376 21.139 7.400
    endloop
  endfacet
  facet normal 0.000000 0.000000 -1.000000
    outer loop
      vertex 66.000 18.000 2.400
      vertex 64.775 20.956 2.400
      vertex 65.376 21.139 2.400
    endloop
  endfacet
  facet normal 0.000000 0.000000 1.000000
    outer loop
      vertex 66.000 18.000 7.400
      vertex 65.376 21.139 7.400
      vertex 64.775 20.956 7.400
    endloop
  endfacet
  facet normal -0.471397 0.881921 0.000000
    outer loop
      vertex 64.775 20.956 2.400
      vertex 64.222 20.661 2.400
      vertex 64.222 20.661 7.400
    endloop
  endfacet
  facet normal -0.471397 0.881921 0.000000
    outer loop
      vertex 64.775 20.956 2.400
      vertex 64.222 20.661 7.400
      vertex 64.775 20.956 7.400
    endloop
  endfacet
  facet normal 0.000000 0.000000 -1.000000
    outer loop
      vertex 66.000 18.000 2.400
      vertex 64.222 20.661 2.400
      vertex 64.775 20.956 2.400
    endloop
  endfacet
  facet normal 0.000000 0.000000 1.000000
    outer loop
      vertex 66.000 18.000 7.400
      vertex 64.775 20.956 7.400
      vertex 64.222 20.661 7.400
    endloop
  endfacet
  facet normal -0.634393 0.773010 0.000000
    outer loop
      vertex 64.222 20.661 2.400
      vertex 63.737 20.263 2.400
      vertex 63.737 20.263 7.400
    endloop
  endfacet
  facet normal -0.634393 0.773010 0.000000
    outer loop
      vertex 64.222 20.661 2.400
      vertex 63.737 20.263 7.400
      vertex 64.222 20.661 7.400
    endloop
  endfacet
  facet normal 0.000000 0.000000 -1.000000
    outer loop
      vertex 66.000 18.000 2.400
      vertex 63.737 20.263 2.400
      vertex 64.222 20.661 2.400
    endloop
  endfacet
  facet normal 0.000000 0.000000 1.000000
    outer loop
      vertex 66.000 18.000 7.400
      vertex 64.222 20.661 7.400
      vertex 63.737 20.263 7.400
    endloop
  endfacet
  facet normal -0.773010 0.634393 0.000000
    outer loop
      vertex 63.737 20.263 2.400
      vertex 63.339 19.778 2.400
      vertex 63.339 19.778 7.400
    endloop
  endfacet
  facet normal -0.773010 0.634393 0.000000
    outer loop
      vertex 63.737 20.263 2.400
      vertex 63.339 19.778 7.400
      vertex 63.737 20.263 7.400
    endloop
  endfacet
  facet normal 0.000000 0.000000 -1.000000
    outer loop
      vertex 66.000 18.000 2.400
      vertex 63.339 19.778 2.400
      vertex 63.737 20.263 2.400
    endloop
  endfacet
  facet normal 0.000000 0.000000 1.000000
    outer loop
      vertex 66.000 18.000 7.400
      vertex 63.737 20.263 7.400
      vertex 63.339 19.778 7.400
    endloop
  endfacet
  facet normal -0.881921 0.471397 0.000000
    outer loop
      vertex 63.339 19.778 2.400
      vertex 63.044 19.225 2.400
      vertex 63.044 19.225 7.400
    endloop
  endfacet
  facet normal -0.881921 0.471397 0.000000
    outer loop
      vertex 63.339 19.778 2.400
      vertex 63.044 19.225 7.400
      vertex 63.339 19.778 7.400
    endloop
  endfacet
  facet normal 0.000000 0.000000 -1.000000
    outer loop
      vertex 66.000 18.000 2.400
      vertex 63.044 19.225 2.400
      vertex 63.339 19.778 2.400
    endloop
  endfacet
  facet normal 0.000000 0.000000 1.000000
    outer loop
      vertex 66.000 18.000 7.400
      vertex 63.339 19.778 7.400
      vertex 63.044 19.225 7.400
    endloop
  endfacet
  facet normal -0.956940 0.290285 0.000000
    outer loop
      vertex 63.044 19.225 2.400
      vertex 62.861 18.624 2.400
      vertex 62.861 18.624 7.400
    endloop
  endfacet
  facet normal -0.956940 0.290285 0.000000
    outer loop
      vertex 63.044 19.225 2.400
      vertex 62.861 18.624 7.400
      vertex 63.044 19.225 7.400
    endloop
  endfacet
  facet normal 0.000000 0.000000 -1.000000
    outer loop
      vertex 66.000 18.000 2.400
      vertex 62.861 18.624 2.400
      vertex 63.044 19.225 2.400
    endloop
  endfacet
  facet normal 0.000000 0.000000 1.000000
    outer loop
      vertex 66.000 18.000 7.400
      vertex 63.044 19.225 7.400
      vertex 62.861 18.624 7.400
    endloop
  endfacet
  facet normal -0.995185 0.098017 0.000000
    outer loop
      vertex 62.861 18.624 2.400
      vertex 62.800 18.000 2.400
      vertex 62.800 18.000 7.400
    endloop
  endfacet
  facet normal -0.995185 0.098017 0.000000
    outer loop
      vertex 62.861 18.624 2.400
      vertex 62.800 18.000 7.400
      vertex 62.861 18.624 7.400
    endloop
  endfacet
  facet normal 0.000000 0.000000 -1.000000
    outer loop
      vertex 66.000 18.000 2.400
      vertex 62.800 18.000 2.400
      vertex 62.861 18.624 2.400
    endloop
  endfacet
  facet normal 0.000000 0.000000 1.000000
    outer loop
      vertex 66.000 18.000 7.400
      vertex 62.861 18.624 7.400
      vertex 62.800 18.000 7.400
    endloop
  endfacet
  facet normal -0.995185 -0.098017 0.000000
    outer loop
      vertex 62.800 18.000 2.400
      vertex 62.861 17.376 2.400
      vertex 62.861 17.376 7.400
    endloop
  endfacet
  facet normal -0.995185 -0.098017 0.000000
    outer loop
      vertex 62.800 18.000 2.400
      vertex 62.861 17.376 7.400
      vertex 62.800 18.000 7.400
    endloop
  endfacet
  facet normal -0.000000 0.000000 -1.000000
    outer loop
      vertex 66.000 18.000 2.400
      vertex 62.861 17.376 2.400
      vertex 62.800 18.000 2.400
    endloop
  endfacet
  facet normal 0.000000 0.000000 1.000000
    outer loop
      vertex 66.000 18.000 7.400
      vertex 62.800 18.000 7.400
      vertex 62.861 17.376 7.400
    endloop
  endfacet
  facet normal -0.956940 -0.290285 0.000000
    outer loop
      vertex 62.861 17.376 2.400
      vertex 63.044 16.775 2.400
      vertex 63.044 16.775 7.400
    endloop
  endfacet
  facet normal -0.956940 -0.290285 0.000000
    outer loop
      vertex 62.861 17.376 2.400
      vertex 63.044 16.775 7.400
      vertex 62.861 17.376 7.400
    endloop
  endfacet
  facet normal 0.000000 0.000000 -1.000000
    outer loop
      vertex 66.000 18.000 2.400
      vertex 63.044 16.775 2.400
      vertex 62.861 17.376 2.400
    endloop
  endfacet
  facet normal 0.000000 0.000000 1.000000
    outer loop
      vertex 66.000 18.000 7.400
      vertex 62.861 17.376 7.400
      vertex 63.044 16.775 7.400
    endloop
  endfacet
  facet normal -0.881921 -0.471397 0.000000
    outer loop
      vertex 63.044 16.775 2.400
      vertex 63.339 16.222 2.400
      vertex 63.339 16.222 7.400
    endloop
  endfacet
  facet normal -0.881921 -0.471397 0.000000
    outer loop
      vertex 63.044 16.775 2.400
      vertex 63.339 16.222 7.400
      vertex 63.044 16.775 7.400
    endloop
  endfacet
  facet normal 0.000000 0.000000 -1.000000
    outer loop
      vertex 66.000 18.000 2.400
      vertex 63.339 16.222 2.400
      vertex 63.044 16.775 2.400
    endloop
  endfacet
  facet normal 0.000000 0.000000 1.000000
    outer loop
      vertex 66.000 18.000 7.400
      vertex 63.044 16.775 7.400
      vertex 63.339 16.222 7.400
    endloop
  endfacet
  facet normal -0.773010 -0.634393 0.000000
    outer loop
      vertex 63.339 16.222 2.400
      vertex 63.737 15.737 2.400
      vertex 63.737 15.737 7.400
    endloop
  endfacet
  facet normal -0.773010 -0.634393 0.000000
    outer loop
      vertex 63.339 16.222 2.400
      vertex 63.737 15.737 7.400
      vertex 63.339 16.222 7.400
    endloop
  endfacet
  facet normal 0.000000 0.000000 -1.000000
    outer loop
      vertex 66.000 18.000 2.400
      vertex 63.737 15.737 2.400
      vertex 63.339 16.222 2.400
    endloop
  endfacet
  facet normal 0.000000 0.000000 1.000000
    outer loop
      vertex 66.000 18.000 7.400
      vertex 63.339 16.222 7.400
      vertex 63.737 15.737 7.400
    endloop
  endfacet
  facet normal -0.634393 -0.773010 0.000000
    outer loop
      vertex 63.737 15.737 2.400
      vertex 64.222 15.339 2.400
      vertex 64.222 15.339 7.400
    endloop
  endfacet
  facet normal -0.634393 -0.773010 0.000000
    outer loop
      vertex 63.737 15.737 2.400
      vertex 64.222 15.339 7.400
      vertex 63.737 15.737 7.400
    endloop
  endfacet
  facet normal 0.000000 0.000000 -1.000000
    outer loop
      vertex 66.000 18.000 2.400
      vertex 64.222 15.339 2.400
      vertex 63.737 15.737 2.400
    endloop
  endfacet
  facet normal 0.000000 0.000000 1.000000
    outer loop
      vertex 66.000 18.000 7.400
      vertex 63.737 15.737 7.400
      vertex 64.222 15.339 7.400
    endloop
  endfacet
  facet normal -0.471397 -0.881921 0.000000
    outer loop
      vertex 64.222 15.339 2.400
      vertex 64.775 15.044 2.400
      vertex 64.775 15.044 7.400
    endloop
  endfacet
  facet normal -0.471397 -0.881921 0.000000
    outer loop
      vertex 64.222 15.339 2.400
      vertex 64.775 15.044 7.400
      vertex 64.222 15.339 7.400
    endloop
  endfacet
  facet normal 0.000000 0.000000 -1.000000
    outer loop
      vertex 66.000 18.000 2.400
      vertex 64.775 15.044 2.400
      vertex 64.222 15.339 2.400
    endloop
  endfacet
  facet normal 0.000000 0.000000 1.000000
    outer loop
      vertex 66.000 18.000 7.400
      vertex 64.222 15.339 7.400
      vertex 64.775 15.044 7.400
    endloop
  endfacet
  facet normal -0.290285 -0.956940 0.000000
    outer loop
      vertex 64.775 15.044 2.400
      vertex 65.376 14.861 2.400
      vertex 65.376 14.861 7.400
    endloop
  endfacet
  facet normal -0.290285 -0.956940 0.000000
    outer loop
      vertex 64.775 15.044 2.400
      vertex 65.376 14.861 7.400
      vertex 64.775 15.044 7.400
    endloop
  endfacet
  facet normal 0.000000 0.000000 -1.000000
    outer loop
      vertex 66.000 18.000 2.400
      vertex 65.376 14.861 2.400
      vertex 64.775 15.044 2.400
    endloop
  endfacet
  facet normal 0.000000 0.000000 1.000000
    outer loop
      vertex 66.000 18.000 7.400
      vertex 64.775 15.044 7.400
      vertex 65.376 14.861 7.400
    endloop
  endfacet
  facet normal -0.098017 -0.995185 0.000000
    outer loop
      vertex 65.376 14.861 2.400
      vertex 66.000 14.800 2.400
      vertex 66.000 14.800 7.400
    endloop
  endfacet
  facet normal -0.098017 -0.995185 0.000000
    outer loop
      vertex 65.376 14.861 2.400
      vertex 66.000 14.800 7.400
      vertex 65.376 14.861 7.400
    endloop
  endfacet
  facet normal 0.000000 -0.000000 -1.000000
    outer loop
      vertex 66.000 18.000 2.400
      vertex 66.000 14.800 2.400
      vertex 65.376 14.861 2.400
    endloop
  endfacet
  facet normal 0.000000 0.000000 1.000000
    outer loop
      vertex 66.000 18.000 7.400
      vertex 65.376 14.861 7.400
      vertex 66.000 14.800 7.400
    endloop
  endfacet
  facet normal 0.098017 -0.995185 0.000000
    outer loop
      vertex 66.000 14.800 2.400
      vertex 66.624 14.861 2.400
      vertex 66.624 14.861 7.400
    endloop
  endfacet
  facet normal 0.098017 -0.995185 0.000000
    outer loop
      vertex 66.000 14.800 2.400
      vertex 66.624 14.861 7.400
      vertex 66.000 14.800 7.400
    endloop
  endfacet
  facet normal 0.000000 0.000000 -1.000000
    outer loop
      vertex 66.000 18.000 2.400
      vertex 66.624 14.861 2.400
      vertex 66.000 14.800 2.400
    endloop
  endfacet
  facet normal 0.000000 0.000000 1.000000
    outer loop
      vertex 66.000 18.000 7.400
      vertex 66.000 14.800 7.400
      vertex 66.624 14.861 7.400
    endloop
  endfacet
  facet normal 0.290285 -0.956940 0.000000
    outer loop
      vertex 66.624 14.861 2.400
      vertex 67.225 15.044 2.400
      vertex 67.225 15.044 7.400
    endloop
  endfacet
  facet normal 0.290285 -0.956940 0.000000
    outer loop
      vertex 66.624 14.861 2.400
      vertex 67.225 15.044 7.400
      vertex 66.624 14.861 7.400
    endloop
  endfacet
  facet normal 0.000000 0.000000 -1.000000
    outer loop
      vertex 66.000 18.000 2.400
      vertex 67.225 15.044 2.400
      vertex 66.624 14.861 2.400
    endloop
  endfacet
  facet normal 0.000000 0.000000 1.000000
    outer loop
      vertex 66.000 18.000 7.400
      vertex 66.624 14.861 7.400
      vertex 67.225 15.044 7.400
    endloop
  endfacet
  facet normal 0.471397 -0.881921 0.000000
    outer loop
      vertex 67.225 15.044 2.400
      vertex 67.778 15.339 2.400
      vertex 67.778 15.339 7.400
    endloop
  endfacet
  facet normal 0.471397 -0.881921 0.000000
    outer loop
      vertex 67.225 15.044 2.400
      vertex 67.778 15.339 7.400
      vertex 67.225 15.044 7.400
    endloop
  endfacet
  facet normal 0.000000 0.000000 -1.000000
    outer loop
      vertex 66.000 18.000 2.400
      vertex 67.778 15.339 2.400
      vertex 67.225 15.044 2.400
    endloop
  endfacet
  facet normal 0.000000 0.000000 1.000000
    outer loop
      vertex 66.000 18.000 7.400
      vertex 67.225 15.044 7.400
      vertex 67.778 15.339 7.400
    endloop
  endfacet
  facet normal 0.634393 -0.773010 0.000000
    outer loop
      vertex 67.778 15.339 2.400
      vertex 68.263 15.737 2.400
      vertex 68.263 15.737 7.400
    endloop
  endfacet
  facet normal 0.634393 -0.773010 0.000000
    outer loop
      vertex 67.778 15.339 2.400
      vertex 68.263 15.737 7.400
      vertex 67.778 15.339 7.400
    endloop
  endfacet
  facet normal 0.000000 0.000000 -1.000000
    outer loop
      vertex 66.000 18.000 2.400
      vertex 68.263 15.737 2.400
      vertex 67.778 15.339 2.400
    endloop
  endfacet
  facet normal 0.000000 0.000000 1.000000
    outer loop
      vertex 66.000 18.000 7.400
      vertex 67.778 15.339 7.400
      vertex 68.263 15.737 7.400
    endloop
  endfacet
  facet normal 0.773010 -0.634393 0.000000
    outer loop
      vertex 68.263 15.737 2.400
      vertex 68.661 16.222 2.400
      vertex 68.661 16.222 7.400
    endloop
  endfacet
  facet normal 0.773010 -0.634393 0.000000
    outer loop
      vertex 68.263 15.737 2.400
      vertex 68.661 16.222 7.400
      vertex 68.263 15.737 7.400
    endloop
  endfacet
  facet normal 0.000000 0.000000 -1.000000
    outer loop
      vertex 66.000 18.000 2.400
      vertex 68.661 16.222 2.400
      vertex 68.263 15.737 2.400
    endloop
  endfacet
  facet normal 0.000000 0.000000 1.000000
    outer loop
      vertex 66.000 18.000 7.400
      vertex 68.263 15.737 7.400
      vertex 68.661 16.222 7.400
    endloop
  endfacet
  facet normal 0.881921 -0.471397 0.000000
    outer loop
      vertex 68.661 16.222 2.400
      vertex 68.956 16.775 2.400
      vertex 68.956 16.775 7.400
    endloop
  endfacet
  facet normal 0.881921 -0.471397 0.000000
    outer loop
      vertex 68.661 16.222 2.400
      vertex 68.956 16.775 7.400
      vertex 68.661 16.222 7.400
    endloop
  endfacet
  facet normal 0.000000 0.000000 -1.000000
    outer loop
      vertex 66.000 18.000 2.400
      vertex 68.956 16.775 2.400
      vertex 68.661 16.222 2.400
    endloop
  endfacet
  facet normal 0.000000 0.000000 1.000000
    outer loop
      vertex 66.000 18.000 7.400
      vertex 68.661 16.222 7.400
      vertex 68.956 16.775 7.400
    endloop
  endfacet
  facet normal 0.956940 -0.290285 0.000000
    outer loop
      vertex 68.956 16.775 2.400
      vertex 69.139 17.376 2.400
      vertex 69.139 17.376 7.400
    endloop
  endfacet
  facet normal 0.956940 -0.290285 0.000000
    outer loop
      vertex 68.956 16.775 2.400
      vertex 69.139 17.376 7.400
      vertex 68.956 16.775 7.400
    endloop
  endfacet
  facet normal 0.000000 0.000000 -1.000000
    outer loop
      vertex 66.000 18.000 2.400
      vertex 69.139 17.376 2.400
      vertex 68.956 16.775 2.400
    endloop
  endfacet
  facet normal 0.000000 0.000000 1.000000
    outer loop
      vertex 66.000 18.000 7.400
      vertex 68.956 16.775 7.400
      vertex 69.139 17.376 7.400
    endloop
  endfacet
  facet normal 0.995185 -0.098017 0.000000
    outer loop
      vertex 69.139 17.376 2.400
      vertex 69.200 18.000 2.400
      vertex 69.200 18.000 7.400
    endloop
  endfacet
  facet normal 0.995185 -0.098017 0.000000
    outer loop
      vertex 69.139 17.376 2.400
      vertex 69.200 18.000 7.400
      vertex 69.139 17.376 7.400
    endloop
  endfacet
  facet normal 0.000000 0.000000 -1.000000
    outer loop
      vertex 66.000 18.000 2.400
      vertex 69.200 18.000 2.400
      vertex 69.139 17.376 2.400
    endloop
  endfacet
  facet normal -0.000000 0.000000 1.000000
    outer loop
      vertex 66.000 18.000 7.400
      vertex 69.139 17.376 7.400
      vertex 69.200 18.000 7.400
    endloop
  endfacet
  facet normal 0.995185 0.098017 0.000000
    outer loop
      vertex 67.250 18.000 7.400
      vertex 67.226 18.244 7.400
      vertex 67.226 18.244 8.400
    endloop
  endfacet
  facet normal 0.995185 0.098017 -0.000000
    outer loop
      vertex 67.250 18.000 7.400
      vertex 67.226 18.244 8.400
      vertex 67.250 18.000 8.400
    endloop
  endfacet
  facet normal 0.000000 0.000000 -1.000000
    outer loop
      vertex 66.000 18.000 7.400
      vertex 67.226 18.244 7.400
      vertex 67.250 18.000 7.400
    endloop
  endfacet
  facet normal 0.000000 0.000000 1.000000
    outer loop
      vertex 66.000 18.000 8.400
      vertex 67.250 18.000 8.400
      vertex 67.226 18.244 8.400
    endloop
  endfacet
  facet normal 0.956940 0.290285 0.000000
    outer loop
      vertex 67.226 18.244 7.400
      vertex 67.155 18.478 7.400
      vertex 67.155 18.478 8.400
    endloop
  endfacet
  facet normal 0.956940 0.290285 -0.000000
    outer loop
      vertex 67.226 18.244 7.400
      vertex 67.155 18.478 8.400
      vertex 67.226 18.244 8.400
    endloop
  endfacet
  facet normal 0.000000 0.000000 -1.000000
    outer loop
      vertex 66.000 18.000 7.400
      vertex 67.155 18.478 7.400
      vertex 67.226 18.244 7.400
    endloop
  endfacet
  facet normal 0.000000 0.000000 1.000000
    outer loop
      vertex 66.000 18.000 8.400
      vertex 67.226 18.244 8.400
      vertex 67.155 18.478 8.400
    endloop
  endfacet
  facet normal 0.881921 0.471397 0.000000
    outer loop
      vertex 67.155 18.478 7.400
      vertex 67.039 18.694 7.400
      vertex 67.039 18.694 8.400
    endloop
  endfacet
  facet normal 0.881921 0.471397 -0.000000
    outer loop
      vertex 67.155 18.478 7.400
      vertex 67.039 18.694 8.400
      vertex 67.155 18.478 8.400
    endloop
  endfacet
  facet normal 0.000000 0.000000 -1.000000
    outer loop
      vertex 66.000 18.000 7.400
      vertex 67.039 18.694 7.400
      vertex 67.155 18.478 7.400
    endloop
  endfacet
  facet normal 0.000000 0.000000 1.000000
    outer loop
      vertex 66.000 18.000 8.400
      vertex 67.155 18.478 8.400
      vertex 67.039 18.694 8.400
    endloop
  endfacet
  facet normal 0.773010 0.634393 0.000000
    outer loop
      vertex 67.039 18.694 7.400
      vertex 66.884 18.884 7.400
      vertex 66.884 18.884 8.400
    endloop
  endfacet
  facet normal 0.773010 0.634393 -0.000000
    outer loop
      vertex 67.039 18.694 7.400
      vertex 66.884 18.884 8.400
      vertex 67.039 18.694 8.400
    endloop
  endfacet
  facet normal 0.000000 0.000000 -1.000000
    outer loop
      vertex 66.000 18.000 7.400
      vertex 66.884 18.884 7.400
      vertex 67.039 18.694 7.400
    endloop
  endfacet
  facet normal 0.000000 0.000000 1.000000
    outer loop
      vertex 66.000 18.000 8.400
      vertex 67.039 18.694 8.400
      vertex 66.884 18.884 8.400
    endloop
  endfacet
  facet normal 0.634393 0.773010 0.000000
    outer loop
      vertex 66.884 18.884 7.400
      vertex 66.694 19.039 7.400
      vertex 66.694 19.039 8.400
    endloop
  endfacet
  facet normal 0.634393 0.773010 -0.000000
    outer loop
      vertex 66.884 18.884 7.400
      vertex 66.694 19.039 8.400
      vertex 66.884 18.884 8.400
    endloop
  endfacet
  facet normal 0.000000 0.000000 -1.000000
    outer loop
      vertex 66.000 18.000 7.400
      vertex 66.694 19.039 7.400
      vertex 66.884 18.884 7.400
    endloop
  endfacet
  facet normal 0.000000 0.000000 1.000000
    outer loop
      vertex 66.000 18.000 8.400
      vertex 66.884 18.884 8.400
      vertex 66.694 19.039 8.400
    endloop
  endfacet
  facet normal 0.471397 0.881921 0.000000
    outer loop
      vertex 66.694 19.039 7.400
      vertex 66.478 19.155 7.400
      vertex 66.478 19.155 8.400
    endloop
  endfacet
  facet normal 0.471397 0.881921 -0.000000
    outer loop
      vertex 66.694 19.039 7.400
      vertex 66.478 19.155 8.400
      vertex 66.694 19.039 8.400
    endloop
  endfacet
  facet normal 0.000000 0.000000 -1.000000
    outer loop
      vertex 66.000 18.000 7.400
      vertex 66.478 19.155 7.400
      vertex 66.694 19.039 7.400
    endloop
  endfacet
  facet normal 0.000000 0.000000 1.000000
    outer loop
      vertex 66.000 18.000 8.400
      vertex 66.694 19.039 8.400
      vertex 66.478 19.155 8.400
    endloop
  endfacet
  facet normal 0.290285 0.956940 0.000000
    outer loop
      vertex 66.478 19.155 7.400
      vertex 66.244 19.226 7.400
      vertex 66.244 19.226 8.400
    endloop
  endfacet
  facet normal 0.290285 0.956940 -0.000000
    outer loop
      vertex 66.478 19.155 7.400
      vertex 66.244 19.226 8.400
      vertex 66.478 19.155 8.400
    endloop
  endfacet
  facet normal 0.000000 0.000000 -1.000000
    outer loop
      vertex 66.000 18.000 7.400
      vertex 66.244 19.226 7.400
      vertex 66.478 19.155 7.400
    endloop
  endfacet
  facet normal 0.000000 0.000000 1.000000
    outer loop
      vertex 66.000 18.000 8.400
      vertex 66.478 19.155 8.400
      vertex 66.244 19.226 8.400
    endloop
  endfacet
  facet normal 0.098017 0.995185 0.000000
    outer loop
      vertex 66.244 19.226 7.400
      vertex 66.000 19.250 7.400
      vertex 66.000 19.250 8.400
    endloop
  endfacet
  facet normal 0.098017 0.995185 -0.000000
    outer loop
      vertex 66.244 19.226 7.400
      vertex 66.000 19.250 8.400
      vertex 66.244 19.226 8.400
    endloop
  endfacet
  facet normal 0.000000 0.000000 -1.000000
    outer loop
      vertex 66.000 18.000 7.400
      vertex 66.000 19.250 7.400
      vertex 66.244 19.226 7.400
    endloop
  endfacet
  facet normal 0.000000 0.000000 1.000000
    outer loop
      vertex 66.000 18.000 8.400
      vertex 66.244 19.226 8.400
      vertex 66.000 19.250 8.400
    endloop
  endfacet
  facet normal -0.098017 0.995185 0.000000
    outer loop
      vertex 66.000 19.250 7.400
      vertex 65.756 19.226 7.400
      vertex 65.756 19.226 8.400
    endloop
  endfacet
  facet normal -0.098017 0.995185 0.000000
    outer loop
      vertex 66.000 19.250 7.400
      vertex 65.756 19.226 8.400
      vertex 66.000 19.250 8.400
    endloop
  endfacet
  facet normal 0.000000 0.000000 -1.000000
    outer loop
      vertex 66.000 18.000 7.400
      vertex 65.756 19.226 7.400
      vertex 66.000 19.250 7.400
    endloop
  endfacet
  facet normal 0.000000 -0.000000 1.000000
    outer loop
      vertex 66.000 18.000 8.400
      vertex 66.000 19.250 8.400
      vertex 65.756 19.226 8.400
    endloop
  endfacet
  facet normal -0.290285 0.956940 0.000000
    outer loop
      vertex 65.756 19.226 7.400
      vertex 65.522 19.155 7.400
      vertex 65.522 19.155 8.400
    endloop
  endfacet
  facet normal -0.290285 0.956940 0.000000
    outer loop
      vertex 65.756 19.226 7.400
      vertex 65.522 19.155 8.400
      vertex 65.756 19.226 8.400
    endloop
  endfacet
  facet normal 0.000000 0.000000 -1.000000
    outer loop
      vertex 66.000 18.000 7.400
      vertex 65.522 19.155 7.400
      vertex 65.756 19.226 7.400
    endloop
  endfacet
  facet normal 0.000000 0.000000 1.000000
    outer loop
      vertex 66.000 18.000 8.400
      vertex 65.756 19.226 8.400
      vertex 65.522 19.155 8.400
    endloop
  endfacet
  facet normal -0.471397 0.881921 0.000000
    outer loop
      vertex 65.522 19.155 7.400
      vertex 65.306 19.039 7.400
      vertex 65.306 19.039 8.400
    endloop
  endfacet
  facet normal -0.471397 0.881921 0.000000
    outer loop
      vertex 65.522 19.155 7.400
      vertex 65.306 19.039 8.400
      vertex 65.522 19.155 8.400
    endloop
  endfacet
  facet normal 0.000000 0.000000 -1.000000
    outer loop
      vertex 66.000 18.000 7.400
      vertex 65.306 19.039 7.400
      vertex 65.522 19.155 7.400
    endloop
  endfacet
  facet normal 0.000000 0.000000 1.000000
    outer loop
      vertex 66.000 18.000 8.400
      vertex 65.522 19.155 8.400
      vertex 65.306 19.039 8.400
    endloop
  endfacet
  facet normal -0.634393 0.773010 0.000000
    outer loop
      vertex 65.306 19.039 7.400
      vertex 65.116 18.884 7.400
      vertex 65.116 18.884 8.400
    endloop
  endfacet
  facet normal -0.634393 0.773010 0.000000
    outer loop
      vertex 65.306 19.039 7.400
      vertex 65.116 18.884 8.400
      vertex 65.306 19.039 8.400
    endloop
  endfacet
  facet normal 0.000000 0.000000 -1.000000
    outer loop
      vertex 66.000 18.000 7.400
      vertex 65.116 18.884 7.400
      vertex 65.306 19.039 7.400
    endloop
  endfacet
  facet normal 0.000000 0.000000 1.000000
    outer loop
      vertex 66.000 18.000 8.400
      vertex 65.306 19.039 8.400
      vertex 65.116 18.884 8.400
    endloop
  endfacet
  facet normal -0.773010 0.634393 0.000000
    outer loop
      vertex 65.116 18.884 7.400
      vertex 64.961 18.694 7.400
      vertex 64.961 18.694 8.400
    endloop
  endfacet
  facet normal -0.773010 0.634393 0.000000
    outer loop
      vertex 65.116 18.884 7.400
      vertex 64.961 18.694 8.400
      vertex 65.116 18.884 8.400
    endloop
  endfacet
  facet normal 0.000000 0.000000 -1.000000
    outer loop
      vertex 66.000 18.000 7.400
      vertex 64.961 18.694 7.400
      vertex 65.116 18.884 7.400
    endloop
  endfacet
  facet normal 0.000000 0.000000 1.000000
    outer loop
      vertex 66.000 18.000 8.400
      vertex 65.116 18.884 8.400
      vertex 64.961 18.694 8.400
    endloop
  endfacet
  facet normal -0.881921 0.471397 0.000000
    outer loop
      vertex 64.961 18.694 7.400
      vertex 64.845 18.478 7.400
      vertex 64.845 18.478 8.400
    endloop
  endfacet
  facet normal -0.881921 0.471397 0.000000
    outer loop
      vertex 64.961 18.694 7.400
      vertex 64.845 18.478 8.400
      vertex 64.961 18.694 8.400
    endloop
  endfacet
  facet normal 0.000000 0.000000 -1.000000
    outer loop
      vertex 66.000 18.000 7.400
      vertex 64.845 18.478 7.400
      vertex 64.961 18.694 7.400
    endloop
  endfacet
  facet normal 0.000000 0.000000 1.000000
    outer loop
      vertex 66.000 18.000 8.400
      vertex 64.961 18.694 8.400
      vertex 64.845 18.478 8.400
    endloop
  endfacet
  facet normal -0.956940 0.290285 0.000000
    outer loop
      vertex 64.845 18.478 7.400
      vertex 64.774 18.244 7.400
      vertex 64.774 18.244 8.400
    endloop
  endfacet
  facet normal -0.956940 0.290285 0.000000
    outer loop
      vertex 64.845 18.478 7.400
      vertex 64.774 18.244 8.400
      vertex 64.845 18.478 8.400
    endloop
  endfacet
  facet normal 0.000000 0.000000 -1.000000
    outer loop
      vertex 66.000 18.000 7.400
      vertex 64.774 18.244 7.400
      vertex 64.845 18.478 7.400
    endloop
  endfacet
  facet normal 0.000000 0.000000 1.000000
    outer loop
      vertex 66.000 18.000 8.400
      vertex 64.845 18.478 8.400
      vertex 64.774 18.244 8.400
    endloop
  endfacet
  facet normal -0.995185 0.098017 0.000000
    outer loop
      vertex 64.774 18.244 7.400
      vertex 64.750 18.000 7.400
      vertex 64.750 18.000 8.400
    endloop
  endfacet
  facet normal -0.995185 0.098017 0.000000
    outer loop
      vertex 64.774 18.244 7.400
      vertex 64.750 18.000 8.400
      vertex 64.774 18.244 8.400
    endloop
  endfacet
  facet normal 0.000000 0.000000 -1.000000
    outer loop
      vertex 66.000 18.000 7.400
      vertex 64.750 18.000 7.400
      vertex 64.774 18.244 7.400
    endloop
  endfacet
  facet normal 0.000000 0.000000 1.000000
    outer loop
      vertex 66.000 18.000 8.400
      vertex 64.774 18.244 8.400
      vertex 64.750 18.000 8.400
    endloop
  endfacet
  facet normal -0.995185 -0.098017 0.000000
    outer loop
      vertex 64.750 18.000 7.400
      vertex 64.774 17.756 7.400
      vertex 64.774 17.756 8.400
    endloop
  endfacet
  facet normal -0.995185 -0.098017 0.000000
    outer loop
      vertex 64.750 18.000 7.400
      vertex 64.774 17.756 8.400
      vertex 64.750 18.000 8.400
    endloop
  endfacet
  facet normal -0.000000 0.000000 -1.000000
    outer loop
      vertex 66.000 18.000 7.400
      vertex 64.774 17.756 7.400
      vertex 64.750 18.000 7.400
    endloop
  endfacet
  facet normal 0.000000 0.000000 1.000000
    outer loop
      vertex 66.000 18.000 8.400
      vertex 64.750 18.000 8.400
      vertex 64.774 17.756 8.400
    endloop
  endfacet
  facet normal -0.956940 -0.290285 0.000000
    outer loop
      vertex 64.774 17.756 7.400
      vertex 64.845 17.522 7.400
      vertex 64.845 17.522 8.400
    endloop
  endfacet
  facet normal -0.956940 -0.290285 0.000000
    outer loop
      vertex 64.774 17.756 7.400
      vertex 64.845 17.522 8.400
      vertex 64.774 17.756 8.400
    endloop
  endfacet
  facet normal 0.000000 0.000000 -1.000000
    outer loop
      vertex 66.000 18.000 7.400
      vertex 64.845 17.522 7.400
      vertex 64.774 17.756 7.400
    endloop
  endfacet
  facet normal 0.000000 0.000000 1.000000
    outer loop
      vertex 66.000 18.000 8.400
      vertex 64.774 17.756 8.400
      vertex 64.845 17.522 8.400
    endloop
  endfacet
  facet normal -0.881921 -0.471397 0.000000
    outer loop
      vertex 64.845 17.522 7.400
      vertex 64.961 17.306 7.400
      vertex 64.961 17.306 8.400
    endloop
  endfacet
  facet normal -0.881921 -0.471397 0.000000
    outer loop
      vertex 64.845 17.522 7.400
      vertex 64.961 17.306 8.400
      vertex 64.845 17.522 8.400
    endloop
  endfacet
  facet normal 0.000000 0.000000 -1.000000
    outer loop
      vertex 66.000 18.000 7.400
      vertex 64.961 17.306 7.400
      vertex 64.845 17.522 7.400
    endloop
  endfacet
  facet normal 0.000000 0.000000 1.000000
    outer loop
      vertex 66.000 18.000 8.400
      vertex 64.845 17.522 8.400
      vertex 64.961 17.306 8.400
    endloop
  endfacet
  facet normal -0.773010 -0.634393 0.000000
    outer loop
      vertex 64.961 17.306 7.400
      vertex 65.116 17.116 7.400
      vertex 65.116 17.116 8.400
    endloop
  endfacet
  facet normal -0.773010 -0.634393 0.000000
    outer loop
      vertex 64.961 17.306 7.400
      vertex 65.116 17.116 8.400
      vertex 64.961 17.306 8.400
    endloop
  endfacet
  facet normal 0.000000 0.000000 -1.000000
    outer loop
      vertex 66.000 18.000 7.400
      vertex 65.116 17.116 7.400
      vertex 64.961 17.306 7.400
    endloop
  endfacet
  facet normal 0.000000 0.000000 1.000000
    outer loop
      vertex 66.000 18.000 8.400
      vertex 64.961 17.306 8.400
      vertex 65.116 17.116 8.400
    endloop
  endfacet
  facet normal -0.634393 -0.773010 0.000000
    outer loop
      vertex 65.116 17.116 7.400
      vertex 65.306 16.961 7.400
      vertex 65.306 16.961 8.400
    endloop
  endfacet
  facet normal -0.634393 -0.773010 0.000000
    outer loop
      vertex 65.116 17.116 7.400
      vertex 65.306 16.961 8.400
      vertex 65.116 17.116 8.400
    endloop
  endfacet
  facet normal 0.000000 0.000000 -1.000000
    outer loop
      vertex 66.000 18.000 7.400
      vertex 65.306 16.961 7.400
      vertex 65.116 17.116 7.400
    endloop
  endfacet
  facet normal 0.000000 0.000000 1.000000
    outer loop
      vertex 66.000 18.000 8.400
      vertex 65.116 17.116 8.400
      vertex 65.306 16.961 8.400
    endloop
  endfacet
  facet normal -0.471397 -0.881921 0.000000
    outer loop
      vertex 65.306 16.961 7.400
      vertex 65.522 16.845 7.400
      vertex 65.522 16.845 8.400
    endloop
  endfacet
  facet normal -0.471397 -0.881921 0.000000
    outer loop
      vertex 65.306 16.961 7.400
      vertex 65.522 16.845 8.400
      vertex 65.306 16.961 8.400
    endloop
  endfacet
  facet normal 0.000000 0.000000 -1.000000
    outer loop
      vertex 66.000 18.000 7.400
      vertex 65.522 16.845 7.400
      vertex 65.306 16.961 7.400
    endloop
  endfacet
  facet normal 0.000000 0.000000 1.000000
    outer loop
      vertex 66.000 18.000 8.400
      vertex 65.306 16.961 8.400
      vertex 65.522 16.845 8.400
    endloop
  endfacet
  facet normal -0.290285 -0.956940 0.000000
    outer loop
      vertex 65.522 16.845 7.400
      vertex 65.756 16.774 7.400
      vertex 65.756 16.774 8.400
    endloop
  endfacet
  facet normal -0.290285 -0.956940 0.000000
    outer loop
      vertex 65.522 16.845 7.400
      vertex 65.756 16.774 8.400
      vertex 65.522 16.845 8.400
    endloop
  endfacet
  facet normal 0.000000 0.000000 -1.000000
    outer loop
      vertex 66.000 18.000 7.400
      vertex 65.756 16.774 7.400
      vertex 65.522 16.845 7.400
    endloop
  endfacet
  facet normal 0.000000 0.000000 1.000000
    outer loop
      vertex 66.000 18.000 8.400
      vertex 65.522 16.845 8.400
      vertex 65.756 16.774 8.400
    endloop
  endfacet
  facet normal -0.098017 -0.995185 0.000000
    outer loop
      vertex 65.756 16.774 7.400
      vertex 66.000 16.750 7.400
      vertex 66.000 16.750 8.400
    endloop
  endfacet
  facet normal -0.098017 -0.995185 0.000000
    outer loop
      vertex 65.756 16.774 7.400
      vertex 66.000 16.750 8.400
      vertex 65.756 16.774 8.400
    endloop
  endfacet
  facet normal 0.000000 -0.000000 -1.000000
    outer loop
      vertex 66.000 18.000 7.400
      vertex 66.000 16.750 7.400
      vertex 65.756 16.774 7.400
    endloop
  endfacet
  facet normal 0.000000 0.000000 1.000000
    outer loop
      vertex 66.000 18.000 8.400
      vertex 65.756 16.774 8.400
      vertex 66.000 16.750 8.400
    endloop
  endfacet
  facet normal 0.098017 -0.995185 0.000000
    outer loop
      vertex 66.000 16.750 7.400
      vertex 66.244 16.774 7.400
      vertex 66.244 16.774 8.400
    endloop
  endfacet
  facet normal 0.098017 -0.995185 0.000000
    outer loop
      vertex 66.000 16.750 7.400
      vertex 66.244 16.774 8.400
      vertex 66.000 16.750 8.400
    endloop
  endfacet
  facet normal 0.000000 0.000000 -1.000000
    outer loop
      vertex 66.000 18.000 7.400
      vertex 66.244 16.774 7.400
      vertex 66.000 16.750 7.400
    endloop
  endfacet
  facet normal 0.000000 0.000000 1.000000
    outer loop
      vertex 66.000 18.000 8.400
      vertex 66.000 16.750 8.400
      vertex 66.244 16.774 8.400
    endloop
  endfacet
  facet normal 0.290285 -0.956940 0.000000
    outer loop
      vertex 66.244 16.774 7.400
      vertex 66.478 16.845 7.400
      vertex 66.478 16.845 8.400
    endloop
  endfacet
  facet normal 0.290285 -0.956940 0.000000
    outer loop
      vertex 66.244 16.774 7.400
      vertex 66.478 16.845 8.400
      vertex 66.244 16.774 8.400
    endloop
  endfacet
  facet normal 0.000000 0.000000 -1.000000
    outer loop
      vertex 66.000 18.000 7.400
      vertex 66.478 16.845 7.400
      vertex 66.244 16.774 7.400
    endloop
  endfacet
  facet normal 0.000000 0.000000 1.000000
    outer loop
      vertex 66.000 18.000 8.400
      vertex 66.244 16.774 8.400
      vertex 66.478 16.845 8.400
    endloop
  endfacet
  facet normal 0.471397 -0.881921 0.000000
    outer loop
      vertex 66.478 16.845 7.400
      vertex 66.694 16.961 7.400
      vertex 66.694 16.961 8.400
    endloop
  endfacet
  facet normal 0.471397 -0.881921 0.000000
    outer loop
      vertex 66.478 16.845 7.400
      vertex 66.694 16.961 8.400
      vertex 66.478 16.845 8.400
    endloop
  endfacet
  facet normal 0.000000 0.000000 -1.000000
    outer loop
      vertex 66.000 18.000 7.400
      vertex 66.694 16.961 7.400
      vertex 66.478 16.845 7.400
    endloop
  endfacet
  facet normal 0.000000 0.000000 1.000000
    outer loop
      vertex 66.000 18.000 8.400
      vertex 66.478 16.845 8.400
      vertex 66.694 16.961 8.400
    endloop
  endfacet
  facet normal 0.634393 -0.773010 0.000000
    outer loop
      vertex 66.694 16.961 7.400
      vertex 66.884 17.116 7.400
      vertex 66.884 17.116 8.400
    endloop
  endfacet
  facet normal 0.634393 -0.773010 0.000000
    outer loop
      vertex 66.694 16.961 7.400
      vertex 66.884 17.116 8.400
      vertex 66.694 16.961 8.400
    endloop
  endfacet
  facet normal 0.000000 0.000000 -1.000000
    outer loop
      vertex 66.000 18.000 7.400
      vertex 66.884 17.116 7.400
      vertex 66.694 16.961 7.400
    endloop
  endfacet
  facet normal 0.000000 0.000000 1.000000
    outer loop
      vertex 66.000 18.000 8.400
      vertex 66.694 16.961 8.400
      vertex 66.884 17.116 8.400
    endloop
  endfacet
  facet normal 0.773010 -0.634393 0.000000
    outer loop
      vertex 66.884 17.116 7.400
      vertex 67.039 17.306 7.400
      vertex 67.039 17.306 8.400
    endloop
  endfacet
  facet normal 0.773010 -0.634393 0.000000
    outer loop
      vertex 66.884 17.116 7.400
      vertex 67.039 17.306 8.400
      vertex 66.884 17.116 8.400
    endloop
  endfacet
  facet normal 0.000000 0.000000 -1.000000
    outer loop
      vertex 66.000 18.000 7.400
      vertex 67.039 17.306 7.400
      vertex 66.884 17.116 7.400
    endloop
  endfacet
  facet normal 0.000000 0.000000 1.000000
    outer loop
      vertex 66.000 18.000 8.400
      vertex 66.884 17.116 8.400
      vertex 67.039 17.306 8.400
    endloop
  endfacet
  facet normal 0.881921 -0.471397 0.000000
    outer loop
      vertex 67.039 17.306 7.400
      vertex 67.155 17.522 7.400
      vertex 67.155 17.522 8.400
    endloop
  endfacet
  facet normal 0.881921 -0.471397 0.000000
    outer loop
      vertex 67.039 17.306 7.400
      vertex 67.155 17.522 8.400
      vertex 67.039 17.306 8.400
    endloop
  endfacet
  facet normal 0.000000 0.000000 -1.000000
    outer loop
      vertex 66.000 18.000 7.400
      vertex 67.155 17.522 7.400
      vertex 67.039 17.306 7.400
    endloop
  endfacet
  facet normal 0.000000 0.000000 1.000000
    outer loop
      vertex 66.000 18.000 8.400
      vertex 67.039 17.306 8.400
      vertex 67.155 17.522 8.400
    endloop
  endfacet
  facet normal 0.956940 -0.290285 0.000000
    outer loop
      vertex 67.155 17.522 7.400
      vertex 67.226 17.756 7.400
      vertex 67.226 17.756 8.400
    endloop
  endfacet
  facet normal 0.956940 -0.290285 0.000000
    outer loop
      vertex 67.155 17.522 7.400
      vertex 67.226 17.756 8.400
      vertex 67.155 17.522 8.400
    endloop
  endfacet
  facet normal 0.000000 0.000000 -1.000000
    outer loop
      vertex 66.000 18.000 7.400
      vertex 67.226 17.756 7.400
      vertex 67.155 17.522 7.400
    endloop
  endfacet
  facet normal 0.000000 0.000000 1.000000
    outer loop
      vertex 66.000 18.000 8.400
      vertex 67.155 17.522 8.400
      vertex 67.226 17.756 8.400
    endloop
  endfacet
  facet normal 0.995185 -0.098017 0.000000
    outer loop
      vertex 67.226 17.756 7.400
      vertex 67.250 18.000 7.400
      vertex 67.250 18.000 8.400
    endloop
  endfacet
  facet normal 0.995185 -0.098017 0.000000
    outer loop
      vertex 67.226 17.756 7.400
      vertex 67.250 18.000 8.400
      vertex 67.226 17.756 8.400
    endloop
  endfacet
  facet normal 0.000000 0.000000 -1.000000
    outer loop
      vertex 66.000 18.000 7.400
      vertex 67.250 18.000 7.400
      vertex 67.226 17.756 7.400
    endloop
  endfacet
  facet normal -0.000000 0.000000 1.000000
    outer loop
      vertex 66.000 18.000 8.400
      vertex 67.226 17.756 8.400
      vertex 67.250 18.000 8.400
    endloop
  endfacet
  facet normal 0.995185 0.098017 0.000000
    outer loop
      vertex 19.200 88.000 2.400
      vertex 19.139 88.624 2.400
      vertex 19.139 88.624 7.400
    endloop
  endfacet
  facet normal 0.995185 0.098017 -0.000000
    outer loop
      vertex 19.200 88.000 2.400
      vertex 19.139 88.624 7.400
      vertex 19.200 88.000 7.400
    endloop
  endfacet
  facet normal 0.000000 0.000000 -1.000000
    outer loop
      vertex 16.000 88.000 2.400
      vertex 19.139 88.624 2.400
      vertex 19.200 88.000 2.400
    endloop
  endfacet
  facet normal 0.000000 0.000000 1.000000
    outer loop
      vertex 16.000 88.000 7.400
      vertex 19.200 88.000 7.400
      vertex 19.139 88.624 7.400
    endloop
  endfacet
  facet normal 0.956940 0.290285 0.000000
    outer loop
      vertex 19.139 88.624 2.400
      vertex 18.956 89.225 2.400
      vertex 18.956 89.225 7.400
    endloop
  endfacet
  facet normal 0.956940 0.290285 -0.000000
    outer loop
      vertex 19.139 88.624 2.400
      vertex 18.956 89.225 7.400
      vertex 19.139 88.624 7.400
    endloop
  endfacet
  facet normal 0.000000 0.000000 -1.000000
    outer loop
      vertex 16.000 88.000 2.400
      vertex 18.956 89.225 2.400
      vertex 19.139 88.624 2.400
    endloop
  endfacet
  facet normal 0.000000 0.000000 1.000000
    outer loop
      vertex 16.000 88.000 7.400
      vertex 19.139 88.624 7.400
      vertex 18.956 89.225 7.400
    endloop
  endfacet
  facet normal 0.881921 0.471397 0.000000
    outer loop
      vertex 18.956 89.225 2.400
      vertex 18.661 89.778 2.400
      vertex 18.661 89.778 7.400
    endloop
  endfacet
  facet normal 0.881921 0.471397 -0.000000
    outer loop
      vertex 18.956 89.225 2.400
      vertex 18.661 89.778 7.400
      vertex 18.956 89.225 7.400
    endloop
  endfacet
  facet normal 0.000000 0.000000 -1.000000
    outer loop
      vertex 16.000 88.000 2.400
      vertex 18.661 89.778 2.400
      vertex 18.956 89.225 2.400
    endloop
  endfacet
  facet normal 0.000000 0.000000 1.000000
    outer loop
      vertex 16.000 88.000 7.400
      vertex 18.956 89.225 7.400
      vertex 18.661 89.778 7.400
    endloop
  endfacet
  facet normal 0.773010 0.634393 0.000000
    outer loop
      vertex 18.661 89.778 2.400
      vertex 18.263 90.263 2.400
      vertex 18.263 90.263 7.400
    endloop
  endfacet
  facet normal 0.773010 0.634393 -0.000000
    outer loop
      vertex 18.661 89.778 2.400
      vertex 18.263 90.263 7.400
      vertex 18.661 89.778 7.400
    endloop
  endfacet
  facet normal 0.000000 0.000000 -1.000000
    outer loop
      vertex 16.000 88.000 2.400
      vertex 18.263 90.263 2.400
      vertex 18.661 89.778 2.400
    endloop
  endfacet
  facet normal 0.000000 0.000000 1.000000
    outer loop
      vertex 16.000 88.000 7.400
      vertex 18.661 89.778 7.400
      vertex 18.263 90.263 7.400
    endloop
  endfacet
  facet normal 0.634393 0.773010 0.000000
    outer loop
      vertex 18.263 90.263 2.400
      vertex 17.778 90.661 2.400
      vertex 17.778 90.661 7.400
    endloop
  endfacet
  facet normal 0.634393 0.773010 -0.000000
    outer loop
      vertex 18.263 90.263 2.400
      vertex 17.778 90.661 7.400
      vertex 18.263 90.263 7.400
    endloop
  endfacet
  facet normal 0.000000 0.000000 -1.000000
    outer loop
      vertex 16.000 88.000 2.400
      vertex 17.778 90.661 2.400
      vertex 18.263 90.263 2.400
    endloop
  endfacet
  facet normal 0.000000 0.000000 1.000000
    outer loop
      vertex 16.000 88.000 7.400
      vertex 18.263 90.263 7.400
      vertex 17.778 90.661 7.400
    endloop
  endfacet
  facet normal 0.471397 0.881921 0.000000
    outer loop
      vertex 17.778 90.661 2.400
      vertex 17.225 90.956 2.400
      vertex 17.225 90.956 7.400
    endloop
  endfacet
  facet normal 0.471397 0.881921 -0.000000
    outer loop
      vertex 17.778 90.661 2.400
      vertex 17.225 90.956 7.400
      vertex 17.778 90.661 7.400
    endloop
  endfacet
  facet normal 0.000000 0.000000 -1.000000
    outer loop
      vertex 16.000 88.000 2.400
      vertex 17.225 90.956 2.400
      vertex 17.778 90.661 2.400
    endloop
  endfacet
  facet normal 0.000000 0.000000 1.000000
    outer loop
      vertex 16.000 88.000 7.400
      vertex 17.778 90.661 7.400
      vertex 17.225 90.956 7.400
    endloop
  endfacet
  facet normal 0.290285 0.956940 0.000000
    outer loop
      vertex 17.225 90.956 2.400
      vertex 16.624 91.139 2.400
      vertex 16.624 91.139 7.400
    endloop
  endfacet
  facet normal 0.290285 0.956940 -0.000000
    outer loop
      vertex 17.225 90.956 2.400
      vertex 16.624 91.139 7.400
      vertex 17.225 90.956 7.400
    endloop
  endfacet
  facet normal 0.000000 0.000000 -1.000000
    outer loop
      vertex 16.000 88.000 2.400
      vertex 16.624 91.139 2.400
      vertex 17.225 90.956 2.400
    endloop
  endfacet
  facet normal 0.000000 0.000000 1.000000
    outer loop
      vertex 16.000 88.000 7.400
      vertex 17.225 90.956 7.400
      vertex 16.624 91.139 7.400
    endloop
  endfacet
  facet normal 0.098017 0.995185 0.000000
    outer loop
      vertex 16.624 91.139 2.400
      vertex 16.000 91.200 2.400
      vertex 16.000 91.200 7.400
    endloop
  endfacet
  facet normal 0.098017 0.995185 -0.000000
    outer loop
      vertex 16.624 91.139 2.400
      vertex 16.000 91.200 7.400
      vertex 16.624 91.139 7.400
    endloop
  endfacet
  facet normal 0.000000 0.000000 -1.000000
    outer loop
      vertex 16.000 88.000 2.400
      vertex 16.000 91.200 2.400
      vertex 16.624 91.139 2.400
    endloop
  endfacet
  facet normal 0.000000 0.000000 1.000000
    outer loop
      vertex 16.000 88.000 7.400
      vertex 16.624 91.139 7.400
      vertex 16.000 91.200 7.400
    endloop
  endfacet
  facet normal -0.098017 0.995185 0.000000
    outer loop
      vertex 16.000 91.200 2.400
      vertex 15.376 91.139 2.400
      vertex 15.376 91.139 7.400
    endloop
  endfacet
  facet normal -0.098017 0.995185 0.000000
    outer loop
      vertex 16.000 91.200 2.400
      vertex 15.376 91.139 7.400
      vertex 16.000 91.200 7.400
    endloop
  endfacet
  facet normal 0.000000 0.000000 -1.000000
    outer loop
      vertex 16.000 88.000 2.400
      vertex 15.376 91.139 2.400
      vertex 16.000 91.200 2.400
    endloop
  endfacet
  facet normal 0.000000 -0.000000 1.000000
    outer loop
      vertex 16.000 88.000 7.400
      vertex 16.000 91.200 7.400
      vertex 15.376 91.139 7.400
    endloop
  endfacet
  facet normal -0.290285 0.956940 0.000000
    outer loop
      vertex 15.376 91.139 2.400
      vertex 14.775 90.956 2.400
      vertex 14.775 90.956 7.400
    endloop
  endfacet
  facet normal -0.290285 0.956940 0.000000
    outer loop
      vertex 15.376 91.139 2.400
      vertex 14.775 90.956 7.400
      vertex 15.376 91.139 7.400
    endloop
  endfacet
  facet normal 0.000000 0.000000 -1.000000
    outer loop
      vertex 16.000 88.000 2.400
      vertex 14.775 90.956 2.400
      vertex 15.376 91.139 2.400
    endloop
  endfacet
  facet normal 0.000000 0.000000 1.000000
    outer loop
      vertex 16.000 88.000 7.400
      vertex 15.376 91.139 7.400
      vertex 14.775 90.956 7.400
    endloop
  endfacet
  facet normal -0.471397 0.881921 0.000000
    outer loop
      vertex 14.775 90.956 2.400
      vertex 14.222 90.661 2.400
      vertex 14.222 90.661 7.400
    endloop
  endfacet
  facet normal -0.471397 0.881921 0.000000
    outer loop
      vertex 14.775 90.956 2.400
      vertex 14.222 90.661 7.400
      vertex 14.775 90.956 7.400
    endloop
  endfacet
  facet normal 0.000000 0.000000 -1.000000
    outer loop
      vertex 16.000 88.000 2.400
      vertex 14.222 90.661 2.400
      vertex 14.775 90.956 2.400
    endloop
  endfacet
  facet normal 0.000000 0.000000 1.000000
    outer loop
      vertex 16.000 88.000 7.400
      vertex 14.775 90.956 7.400
      vertex 14.222 90.661 7.400
    endloop
  endfacet
  facet normal -0.634393 0.773010 0.000000
    outer loop
      vertex 14.222 90.661 2.400
      vertex 13.737 90.263 2.400
      vertex 13.737 90.263 7.400
    endloop
  endfacet
  facet normal -0.634393 0.773010 0.000000
    outer loop
      vertex 14.222 90.661 2.400
      vertex 13.737 90.263 7.400
      vertex 14.222 90.661 7.400
    endloop
  endfacet
  facet normal 0.000000 0.000000 -1.000000
    outer loop
      vertex 16.000 88.000 2.400
      vertex 13.737 90.263 2.400
      vertex 14.222 90.661 2.400
    endloop
  endfacet
  facet normal 0.000000 0.000000 1.000000
    outer loop
      vertex 16.000 88.000 7.400
      vertex 14.222 90.661 7.400
      vertex 13.737 90.263 7.400
    endloop
  endfacet
  facet normal -0.773010 0.634393 0.000000
    outer loop
      vertex 13.737 90.263 2.400
      vertex 13.339 89.778 2.400
      vertex 13.339 89.778 7.400
    endloop
  endfacet
  facet normal -0.773010 0.634393 0.000000
    outer loop
      vertex 13.737 90.263 2.400
      vertex 13.339 89.778 7.400
      vertex 13.737 90.263 7.400
    endloop
  endfacet
  facet normal 0.000000 0.000000 -1.000000
    outer loop
      vertex 16.000 88.000 2.400
      vertex 13.339 89.778 2.400
      vertex 13.737 90.263 2.400
    endloop
  endfacet
  facet normal 0.000000 0.000000 1.000000
    outer loop
      vertex 16.000 88.000 7.400
      vertex 13.737 90.263 7.400
      vertex 13.339 89.778 7.400
    endloop
  endfacet
  facet normal -0.881921 0.471397 0.000000
    outer loop
      vertex 13.339 89.778 2.400
      vertex 13.044 89.225 2.400
      vertex 13.044 89.225 7.400
    endloop
  endfacet
  facet normal -0.881921 0.471397 0.000000
    outer loop
      vertex 13.339 89.778 2.400
      vertex 13.044 89.225 7.400
      vertex 13.339 89.778 7.400
    endloop
  endfacet
  facet normal 0.000000 0.000000 -1.000000
    outer loop
      vertex 16.000 88.000 2.400
      vertex 13.044 89.225 2.400
      vertex 13.339 89.778 2.400
    endloop
  endfacet
  facet normal 0.000000 0.000000 1.000000
    outer loop
      vertex 16.000 88.000 7.400
      vertex 13.339 89.778 7.400
      vertex 13.044 89.225 7.400
    endloop
  endfacet
  facet normal -0.956940 0.290285 0.000000
    outer loop
      vertex 13.044 89.225 2.400
      vertex 12.861 88.624 2.400
      vertex 12.861 88.624 7.400
    endloop
  endfacet
  facet normal -0.956940 0.290285 0.000000
    outer loop
      vertex 13.044 89.225 2.400
      vertex 12.861 88.624 7.400
      vertex 13.044 89.225 7.400
    endloop
  endfacet
  facet normal 0.000000 0.000000 -1.000000
    outer loop
      vertex 16.000 88.000 2.400
      vertex 12.861 88.624 2.400
      vertex 13.044 89.225 2.400
    endloop
  endfacet
  facet normal 0.000000 0.000000 1.000000
    outer loop
      vertex 16.000 88.000 7.400
      vertex 13.044 89.225 7.400
      vertex 12.861 88.624 7.400
    endloop
  endfacet
  facet normal -0.995185 0.098017 0.000000
    outer loop
      vertex 12.861 88.624 2.400
      vertex 12.800 88.000 2.400
      vertex 12.800 88.000 7.400
    endloop
  endfacet
  facet normal -0.995185 0.098017 0.000000
    outer loop
      vertex 12.861 88.624 2.400
      vertex 12.800 88.000 7.400
      vertex 12.861 88.624 7.400
    endloop
  endfacet
  facet normal 0.000000 0.000000 -1.000000
    outer loop
      vertex 16.000 88.000 2.400
      vertex 12.800 88.000 2.400
      vertex 12.861 88.624 2.400
    endloop
  endfacet
  facet normal 0.000000 0.000000 1.000000
    outer loop
      vertex 16.000 88.000 7.400
      vertex 12.861 88.624 7.400
      vertex 12.800 88.000 7.400
    endloop
  endfacet
  facet normal -0.995185 -0.098017 0.000000
    outer loop
      vertex 12.800 88.000 2.400
      vertex 12.861 87.376 2.400
      vertex 12.861 87.376 7.400
    endloop
  endfacet
  facet normal -0.995185 -0.098017 0.000000
    outer loop
      vertex 12.800 88.000 2.400
      vertex 12.861 87.376 7.400
      vertex 12.800 88.000 7.400
    endloop
  endfacet
  facet normal -0.000000 0.000000 -1.000000
    outer loop
      vertex 16.000 88.000 2.400
      vertex 12.861 87.376 2.400
      vertex 12.800 88.000 2.400
    endloop
  endfacet
  facet normal 0.000000 0.000000 1.000000
    outer loop
      vertex 16.000 88.000 7.400
      vertex 12.800 88.000 7.400
      vertex 12.861 87.376 7.400
    endloop
  endfacet
  facet normal -0.956940 -0.290285 0.000000
    outer loop
      vertex 12.861 87.376 2.400
      vertex 13.044 86.775 2.400
      vertex 13.044 86.775 7.400
    endloop
  endfacet
  facet normal -0.956940 -0.290285 0.000000
    outer loop
      vertex 12.861 87.376 2.400
      vertex 13.044 86.775 7.400
      vertex 12.861 87.376 7.400
    endloop
  endfacet
  facet normal 0.000000 0.000000 -1.000000
    outer loop
      vertex 16.000 88.000 2.400
      vertex 13.044 86.775 2.400
      vertex 12.861 87.376 2.400
    endloop
  endfacet
  facet normal 0.000000 0.000000 1.000000
    outer loop
      vertex 16.000 88.000 7.400
      vertex 12.861 87.376 7.400
      vertex 13.044 86.775 7.400
    endloop
  endfacet
  facet normal -0.881921 -0.471397 0.000000
    outer loop
      vertex 13.044 86.775 2.400
      vertex 13.339 86.222 2.400
      vertex 13.339 86.222 7.400
    endloop
  endfacet
  facet normal -0.881921 -0.471397 0.000000
    outer loop
      vertex 13.044 86.775 2.400
      vertex 13.339 86.222 7.400
      vertex 13.044 86.775 7.400
    endloop
  endfacet
  facet normal 0.000000 0.000000 -1.000000
    outer loop
      vertex 16.000 88.000 2.400
      vertex 13.339 86.222 2.400
      vertex 13.044 86.775 2.400
    endloop
  endfacet
  facet normal 0.000000 0.000000 1.000000
    outer loop
      vertex 16.000 88.000 7.400
      vertex 13.044 86.775 7.400
      vertex 13.339 86.222 7.400
    endloop
  endfacet
  facet normal -0.773010 -0.634393 0.000000
    outer loop
      vertex 13.339 86.222 2.400
      vertex 13.737 85.737 2.400
      vertex 13.737 85.737 7.400
    endloop
  endfacet
  facet normal -0.773010 -0.634393 0.000000
    outer loop
      vertex 13.339 86.222 2.400
      vertex 13.737 85.737 7.400
      vertex 13.339 86.222 7.400
    endloop
  endfacet
  facet normal 0.000000 0.000000 -1.000000
    outer loop
      vertex 16.000 88.000 2.400
      vertex 13.737 85.737 2.400
      vertex 13.339 86.222 2.400
    endloop
  endfacet
  facet normal 0.000000 0.000000 1.000000
    outer loop
      vertex 16.000 88.000 7.400
      vertex 13.339 86.222 7.400
      vertex 13.737 85.737 7.400
    endloop
  endfacet
  facet normal -0.634393 -0.773010 0.000000
    outer loop
      vertex 13.737 85.737 2.400
      vertex 14.222 85.339 2.400
      vertex 14.222 85.339 7.400
    endloop
  endfacet
  facet normal -0.634393 -0.773010 0.000000
    outer loop
      vertex 13.737 85.737 2.400
      vertex 14.222 85.339 7.400
      vertex 13.737 85.737 7.400
    endloop
  endfacet
  facet normal 0.000000 0.000000 -1.000000
    outer loop
      vertex 16.000 88.000 2.400
      vertex 14.222 85.339 2.400
      vertex 13.737 85.737 2.400
    endloop
  endfacet
  facet normal 0.000000 0.000000 1.000000
    outer loop
      vertex 16.000 88.000 7.400
      vertex 13.737 85.737 7.400
      vertex 14.222 85.339 7.400
    endloop
  endfacet
  facet normal -0.471397 -0.881921 0.000000
    outer loop
      vertex 14.222 85.339 2.400
      vertex 14.775 85.044 2.400
      vertex 14.775 85.044 7.400
    endloop
  endfacet
  facet normal -0.471397 -0.881921 0.000000
    outer loop
      vertex 14.222 85.339 2.400
      vertex 14.775 85.044 7.400
      vertex 14.222 85.339 7.400
    endloop
  endfacet
  facet normal 0.000000 0.000000 -1.000000
    outer loop
      vertex 16.000 88.000 2.400
      vertex 14.775 85.044 2.400
      vertex 14.222 85.339 2.400
    endloop
  endfacet
  facet normal 0.000000 0.000000 1.000000
    outer loop
      vertex 16.000 88.000 7.400
      vertex 14.222 85.339 7.400
      vertex 14.775 85.044 7.400
    endloop
  endfacet
  facet normal -0.290285 -0.956940 0.000000
    outer loop
      vertex 14.775 85.044 2.400
      vertex 15.376 84.861 2.400
      vertex 15.376 84.861 7.400
    endloop
  endfacet
  facet normal -0.290285 -0.956940 0.000000
    outer loop
      vertex 14.775 85.044 2.400
      vertex 15.376 84.861 7.400
      vertex 14.775 85.044 7.400
    endloop
  endfacet
  facet normal 0.000000 0.000000 -1.000000
    outer loop
      vertex 16.000 88.000 2.400
      vertex 15.376 84.861 2.400
      vertex 14.775 85.044 2.400
    endloop
  endfacet
  facet normal 0.000000 0.000000 1.000000
    outer loop
      vertex 16.000 88.000 7.400
      vertex 14.775 85.044 7.400
      vertex 15.376 84.861 7.400
    endloop
  endfacet
  facet normal -0.098017 -0.995185 0.000000
    outer loop
      vertex 15.376 84.861 2.400
      vertex 16.000 84.800 2.400
      vertex 16.000 84.800 7.400
    endloop
  endfacet
  facet normal -0.098017 -0.995185 0.000000
    outer loop
      vertex 15.376 84.861 2.400
      vertex 16.000 84.800 7.400
      vertex 15.376 84.861 7.400
    endloop
  endfacet
  facet normal 0.000000 -0.000000 -1.000000
    outer loop
      vertex 16.000 88.000 2.400
      vertex 16.000 84.800 2.400
      vertex 15.376 84.861 2.400
    endloop
  endfacet
  facet normal 0.000000 0.000000 1.000000
    outer loop
      vertex 16.000 88.000 7.400
      vertex 15.376 84.861 7.400
      vertex 16.000 84.800 7.400
    endloop
  endfacet
  facet normal 0.098017 -0.995185 0.000000
    outer loop
      vertex 16.000 84.800 2.400
      vertex 16.624 84.861 2.400
      vertex 16.624 84.861 7.400
    endloop
  endfacet
  facet normal 0.098017 -0.995185 0.000000
    outer loop
      vertex 16.000 84.800 2.400
      vertex 16.624 84.861 7.400
      vertex 16.000 84.800 7.400
    endloop
  endfacet
  facet normal 0.000000 0.000000 -1.000000
    outer loop
      vertex 16.000 88.000 2.400
      vertex 16.624 84.861 2.400
      vertex 16.000 84.800 2.400
    endloop
  endfacet
  facet normal 0.000000 0.000000 1.000000
    outer loop
      vertex 16.000 88.000 7.400
      vertex 16.000 84.800 7.400
      vertex 16.624 84.861 7.400
    endloop
  endfacet
  facet normal 0.290285 -0.956940 0.000000
    outer loop
      vertex 16.624 84.861 2.400
      vertex 17.225 85.044 2.400
      vertex 17.225 85.044 7.400
    endloop
  endfacet
  facet normal 0.290285 -0.956940 0.000000
    outer loop
      vertex 16.624 84.861 2.400
      vertex 17.225 85.044 7.400
      vertex 16.624 84.861 7.400
    endloop
  endfacet
  facet normal 0.000000 0.000000 -1.000000
    outer loop
      vertex 16.000 88.000 2.400
      vertex 17.225 85.044 2.400
      vertex 16.624 84.861 2.400
    endloop
  endfacet
  facet normal 0.000000 0.000000 1.000000
    outer loop
      vertex 16.000 88.000 7.400
      vertex 16.624 84.861 7.400
      vertex 17.225 85.044 7.400
    endloop
  endfacet
  facet normal 0.471397 -0.881921 0.000000
    outer loop
      vertex 17.225 85.044 2.400
      vertex 17.778 85.339 2.400
      vertex 17.778 85.339 7.400
    endloop
  endfacet
  facet normal 0.471397 -0.881921 0.000000
    outer loop
      vertex 17.225 85.044 2.400
      vertex 17.778 85.339 7.400
      vertex 17.225 85.044 7.400
    endloop
  endfacet
  facet normal 0.000000 0.000000 -1.000000
    outer loop
      vertex 16.000 88.000 2.400
      vertex 17.778 85.339 2.400
      vertex 17.225 85.044 2.400
    endloop
  endfacet
  facet normal 0.000000 0.000000 1.000000
    outer loop
      vertex 16.000 88.000 7.400
      vertex 17.225 85.044 7.400
      vertex 17.778 85.339 7.400
    endloop
  endfacet
  facet normal 0.634393 -0.773010 0.000000
    outer loop
      vertex 17.778 85.339 2.400
      vertex 18.263 85.737 2.400
      vertex 18.263 85.737 7.400
    endloop
  endfacet
  facet normal 0.634393 -0.773010 0.000000
    outer loop
      vertex 17.778 85.339 2.400
      vertex 18.263 85.737 7.400
      vertex 17.778 85.339 7.400
    endloop
  endfacet
  facet normal 0.000000 0.000000 -1.000000
    outer loop
      vertex 16.000 88.000 2.400
      vertex 18.263 85.737 2.400
      vertex 17.778 85.339 2.400
    endloop
  endfacet
  facet normal 0.000000 0.000000 1.000000
    outer loop
      vertex 16.000 88.000 7.400
      vertex 17.778 85.339 7.400
      vertex 18.263 85.737 7.400
    endloop
  endfacet
  facet normal 0.773010 -0.634393 0.000000
    outer loop
      vertex 18.263 85.737 2.400
      vertex 18.661 86.222 2.400
      vertex 18.661 86.222 7.400
    endloop
  endfacet
  facet normal 0.773010 -0.634393 0.000000
    outer loop
      vertex 18.263 85.737 2.400
      vertex 18.661 86.222 7.400
      vertex 18.263 85.737 7.400
    endloop
  endfacet
  facet normal 0.000000 0.000000 -1.000000
    outer loop
      vertex 16.000 88.000 2.400
      vertex 18.661 86.222 2.400
      vertex 18.263 85.737 2.400
    endloop
  endfacet
  facet normal 0.000000 0.000000 1.000000
    outer loop
      vertex 16.000 88.000 7.400
      vertex 18.263 85.737 7.400
      vertex 18.661 86.222 7.400
    endloop
  endfacet
  facet normal 0.881921 -0.471397 0.000000
    outer loop
      vertex 18.661 86.222 2.400
      vertex 18.956 86.775 2.400
      vertex 18.956 86.775 7.400
    endloop
  endfacet
  facet normal 0.881921 -0.471397 0.000000
    outer loop
      vertex 18.661 86.222 2.400
      vertex 18.956 86.775 7.400
      vertex 18.661 86.222 7.400
    endloop
  endfacet
  facet normal 0.000000 0.000000 -1.000000
    outer loop
      vertex 16.000 88.000 2.400
      vertex 18.956 86.775 2.400
      vertex 18.661 86.222 2.400
    endloop
  endfacet
  facet normal 0.000000 0.000000 1.000000
    outer loop
      vertex 16.000 88.000 7.400
      vertex 18.661 86.222 7.400
      vertex 18.956 86.775 7.400
    endloop
  endfacet
  facet normal 0.956940 -0.290285 0.000000
    outer loop
      vertex 18.956 86.775 2.400
      vertex 19.139 87.376 2.400
      vertex 19.139 87.376 7.400
    endloop
  endfacet
  facet normal 0.956940 -0.290285 0.000000
    outer loop
      vertex 18.956 86.775 2.400
      vertex 19.139 87.376 7.400
      vertex 18.956 86.775 7.400
    endloop
  endfacet
  facet normal 0.000000 0.000000 -1.000000
    outer loop
      vertex 16.000 88.000 2.400
      vertex 19.139 87.376 2.400
      vertex 18.956 86.775 2.400
    endloop
  endfacet
  facet normal 0.000000 0.000000 1.000000
    outer loop
      vertex 16.000 88.000 7.400
      vertex 18.956 86.775 7.400
      vertex 19.139 87.376 7.400
    endloop
  endfacet
  facet normal 0.995185 -0.098017 0.000000
    outer loop
      vertex 19.139 87.376 2.400
      vertex 19.200 88.000 2.400
      vertex 19.200 88.000 7.400
    endloop
  endfacet
  facet normal 0.995185 -0.098017 0.000000
    outer loop
      vertex 19.139 87.376 2.400
      vertex 19.200 88.000 7.400
      vertex 19.139 87.376 7.400
    endloop
  endfacet
  facet normal 0.000000 0.000000 -1.000000
    outer loop
      vertex 16.000 88.000 2.400
      vertex 19.200 88.000 2.400
      vertex 19.139 87.376 2.400
    endloop
  endfacet
  facet normal -0.000000 0.000000 1.000000
    outer loop
      vertex 16.000 88.000 7.400
      vertex 19.139 87.376 7.400
      vertex 19.200 88.000 7.400
    endloop
  endfacet
  facet normal 0.995185 0.098017 0.000000
    outer loop
      vertex 17.250 88.000 7.400
      vertex 17.226 88.244 7.400
      vertex 17.226 88.244 8.400
    endloop
  endfacet
  facet normal 0.995185 0.098017 -0.000000
    outer loop
      vertex 17.250 88.000 7.400
      vertex 17.226 88.244 8.400
      vertex 17.250 88.000 8.400
    endloop
  endfacet
  facet normal 0.000000 0.000000 -1.000000
    outer loop
      vertex 16.000 88.000 7.400
      vertex 17.226 88.244 7.400
      vertex 17.250 88.000 7.400
    endloop
  endfacet
  facet normal 0.000000 0.000000 1.000000
    outer loop
      vertex 16.000 88.000 8.400
      vertex 17.250 88.000 8.400
      vertex 17.226 88.244 8.400
    endloop
  endfacet
  facet normal 0.956940 0.290285 0.000000
    outer loop
      vertex 17.226 88.244 7.400
      vertex 17.155 88.478 7.400
      vertex 17.155 88.478 8.400
    endloop
  endfacet
  facet normal 0.956940 0.290285 -0.000000
    outer loop
      vertex 17.226 88.244 7.400
      vertex 17.155 88.478 8.400
      vertex 17.226 88.244 8.400
    endloop
  endfacet
  facet normal 0.000000 0.000000 -1.000000
    outer loop
      vertex 16.000 88.000 7.400
      vertex 17.155 88.478 7.400
      vertex 17.226 88.244 7.400
    endloop
  endfacet
  facet normal 0.000000 0.000000 1.000000
    outer loop
      vertex 16.000 88.000 8.400
      vertex 17.226 88.244 8.400
      vertex 17.155 88.478 8.400
    endloop
  endfacet
  facet normal 0.881921 0.471397 0.000000
    outer loop
      vertex 17.155 88.478 7.400
      vertex 17.039 88.694 7.400
      vertex 17.039 88.694 8.400
    endloop
  endfacet
  facet normal 0.881921 0.471397 -0.000000
    outer loop
      vertex 17.155 88.478 7.400
      vertex 17.039 88.694 8.400
      vertex 17.155 88.478 8.400
    endloop
  endfacet
  facet normal 0.000000 0.000000 -1.000000
    outer loop
      vertex 16.000 88.000 7.400
      vertex 17.039 88.694 7.400
      vertex 17.155 88.478 7.400
    endloop
  endfacet
  facet normal 0.000000 0.000000 1.000000
    outer loop
      vertex 16.000 88.000 8.400
      vertex 17.155 88.478 8.400
      vertex 17.039 88.694 8.400
    endloop
  endfacet
  facet normal 0.773010 0.634393 0.000000
    outer loop
      vertex 17.039 88.694 7.400
      vertex 16.884 88.884 7.400
      vertex 16.884 88.884 8.400
    endloop
  endfacet
  facet normal 0.773010 0.634393 -0.000000
    outer loop
      vertex 17.039 88.694 7.400
      vertex 16.884 88.884 8.400
      vertex 17.039 88.694 8.400
    endloop
  endfacet
  facet normal 0.000000 0.000000 -1.000000
    outer loop
      vertex 16.000 88.000 7.400
      vertex 16.884 88.884 7.400
      vertex 17.039 88.694 7.400
    endloop
  endfacet
  facet normal 0.000000 0.000000 1.000000
    outer loop
      vertex 16.000 88.000 8.400
      vertex 17.039 88.694 8.400
      vertex 16.884 88.884 8.400
    endloop
  endfacet
  facet normal 0.634393 0.773010 0.000000
    outer loop
      vertex 16.884 88.884 7.400
      vertex 16.694 89.039 7.400
      vertex 16.694 89.039 8.400
    endloop
  endfacet
  facet normal 0.634393 0.773010 -0.000000
    outer loop
      vertex 16.884 88.884 7.400
      vertex 16.694 89.039 8.400
      vertex 16.884 88.884 8.400
    endloop
  endfacet
  facet normal 0.000000 0.000000 -1.000000
    outer loop
      vertex 16.000 88.000 7.400
      vertex 16.694 89.039 7.400
      vertex 16.884 88.884 7.400
    endloop
  endfacet
  facet normal 0.000000 0.000000 1.000000
    outer loop
      vertex 16.000 88.000 8.400
      vertex 16.884 88.884 8.400
      vertex 16.694 89.039 8.400
    endloop
  endfacet
  facet normal 0.471397 0.881921 0.000000
    outer loop
      vertex 16.694 89.039 7.400
      vertex 16.478 89.155 7.400
      vertex 16.478 89.155 8.400
    endloop
  endfacet
  facet normal 0.471397 0.881921 -0.000000
    outer loop
      vertex 16.694 89.039 7.400
      vertex 16.478 89.155 8.400
      vertex 16.694 89.039 8.400
    endloop
  endfacet
  facet normal 0.000000 0.000000 -1.000000
    outer loop
      vertex 16.000 88.000 7.400
      vertex 16.478 89.155 7.400
      vertex 16.694 89.039 7.400
    endloop
  endfacet
  facet normal 0.000000 0.000000 1.000000
    outer loop
      vertex 16.000 88.000 8.400
      vertex 16.694 89.039 8.400
      vertex 16.478 89.155 8.400
    endloop
  endfacet
  facet normal 0.290285 0.956940 0.000000
    outer loop
      vertex 16.478 89.155 7.400
      vertex 16.244 89.226 7.400
      vertex 16.244 89.226 8.400
    endloop
  endfacet
  facet normal 0.290285 0.956940 -0.000000
    outer loop
      vertex 16.478 89.155 7.400
      vertex 16.244 89.226 8.400
      vertex 16.478 89.155 8.400
    endloop
  endfacet
  facet normal 0.000000 0.000000 -1.000000
    outer loop
      vertex 16.000 88.000 7.400
      vertex 16.244 89.226 7.400
      vertex 16.478 89.155 7.400
    endloop
  endfacet
  facet normal 0.000000 0.000000 1.000000
    outer loop
      vertex 16.000 88.000 8.400
      vertex 16.478 89.155 8.400
      vertex 16.244 89.226 8.400
    endloop
  endfacet
  facet normal 0.098017 0.995185 0.000000
    outer loop
      vertex 16.244 89.226 7.400
      vertex 16.000 89.250 7.400
      vertex 16.000 89.250 8.400
    endloop
  endfacet
  facet normal 0.098017 0.995185 -0.000000
    outer loop
      vertex 16.244 89.226 7.400
      vertex 16.000 89.250 8.400
      vertex 16.244 89.226 8.400
    endloop
  endfacet
  facet normal 0.000000 0.000000 -1.000000
    outer loop
      vertex 16.000 88.000 7.400
      vertex 16.000 89.250 7.400
      vertex 16.244 89.226 7.400
    endloop
  endfacet
  facet normal 0.000000 0.000000 1.000000
    outer loop
      vertex 16.000 88.000 8.400
      vertex 16.244 89.226 8.400
      vertex 16.000 89.250 8.400
    endloop
  endfacet
  facet normal -0.098017 0.995185 0.000000
    outer loop
      vertex 16.000 89.250 7.400
      vertex 15.756 89.226 7.400
      vertex 15.756 89.226 8.400
    endloop
  endfacet
  facet normal -0.098017 0.995185 0.000000
    outer loop
      vertex 16.000 89.250 7.400
      vertex 15.756 89.226 8.400
      vertex 16.000 89.250 8.400
    endloop
  endfacet
  facet normal 0.000000 0.000000 -1.000000
    outer loop
      vertex 16.000 88.000 7.400
      vertex 15.756 89.226 7.400
      vertex 16.000 89.250 7.400
    endloop
  endfacet
  facet normal 0.000000 -0.000000 1.000000
    outer loop
      vertex 16.000 88.000 8.400
      vertex 16.000 89.250 8.400
      vertex 15.756 89.226 8.400
    endloop
  endfacet
  facet normal -0.290285 0.956940 0.000000
    outer loop
      vertex 15.756 89.226 7.400
      vertex 15.522 89.155 7.400
      vertex 15.522 89.155 8.400
    endloop
  endfacet
  facet normal -0.290285 0.956940 0.000000
    outer loop
      vertex 15.756 89.226 7.400
      vertex 15.522 89.155 8.400
      vertex 15.756 89.226 8.400
    endloop
  endfacet
  facet normal 0.000000 0.000000 -1.000000
    outer loop
      vertex 16.000 88.000 7.400
      vertex 15.522 89.155 7.400
      vertex 15.756 89.226 7.400
    endloop
  endfacet
  facet normal 0.000000 0.000000 1.000000
    outer loop
      vertex 16.000 88.000 8.400
      vertex 15.756 89.226 8.400
      vertex 15.522 89.155 8.400
    endloop
  endfacet
  facet normal -0.471397 0.881921 0.000000
    outer loop
      vertex 15.522 89.155 7.400
      vertex 15.306 89.039 7.400
      vertex 15.306 89.039 8.400
    endloop
  endfacet
  facet normal -0.471397 0.881921 0.000000
    outer loop
      vertex 15.522 89.155 7.400
      vertex 15.306 89.039 8.400
      vertex 15.522 89.155 8.400
    endloop
  endfacet
  facet normal 0.000000 0.000000 -1.000000
    outer loop
      vertex 16.000 88.000 7.400
      vertex 15.306 89.039 7.400
      vertex 15.522 89.155 7.400
    endloop
  endfacet
  facet normal 0.000000 0.000000 1.000000
    outer loop
      vertex 16.000 88.000 8.400
      vertex 15.522 89.155 8.400
      vertex 15.306 89.039 8.400
    endloop
  endfacet
  facet normal -0.634393 0.773010 0.000000
    outer loop
      vertex 15.306 89.039 7.400
      vertex 15.116 88.884 7.400
      vertex 15.116 88.884 8.400
    endloop
  endfacet
  facet normal -0.634393 0.773010 0.000000
    outer loop
      vertex 15.306 89.039 7.400
      vertex 15.116 88.884 8.400
      vertex 15.306 89.039 8.400
    endloop
  endfacet
  facet normal 0.000000 0.000000 -1.000000
    outer loop
      vertex 16.000 88.000 7.400
      vertex 15.116 88.884 7.400
      vertex 15.306 89.039 7.400
    endloop
  endfacet
  facet normal 0.000000 0.000000 1.000000
    outer loop
      vertex 16.000 88.000 8.400
      vertex 15.306 89.039 8.400
      vertex 15.116 88.884 8.400
    endloop
  endfacet
  facet normal -0.773010 0.634393 0.000000
    outer loop
      vertex 15.116 88.884 7.400
      vertex 14.961 88.694 7.400
      vertex 14.961 88.694 8.400
    endloop
  endfacet
  facet normal -0.773010 0.634393 0.000000
    outer loop
      vertex 15.116 88.884 7.400
      vertex 14.961 88.694 8.400
      vertex 15.116 88.884 8.400
    endloop
  endfacet
  facet normal 0.000000 0.000000 -1.000000
    outer loop
      vertex 16.000 88.000 7.400
      vertex 14.961 88.694 7.400
      vertex 15.116 88.884 7.400
    endloop
  endfacet
  facet normal 0.000000 0.000000 1.000000
    outer loop
      vertex 16.000 88.000 8.400
      vertex 15.116 88.884 8.400
      vertex 14.961 88.694 8.400
    endloop
  endfacet
  facet normal -0.881921 0.471397 0.000000
    outer loop
      vertex 14.961 88.694 7.400
      vertex 14.845 88.478 7.400
      vertex 14.845 88.478 8.400
    endloop
  endfacet
  facet normal -0.881921 0.471397 0.000000
    outer loop
      vertex 14.961 88.694 7.400
      vertex 14.845 88.478 8.400
      vertex 14.961 88.694 8.400
    endloop
  endfacet
  facet normal 0.000000 0.000000 -1.000000
    outer loop
      vertex 16.000 88.000 7.400
      vertex 14.845 88.478 7.400
      vertex 14.961 88.694 7.400
    endloop
  endfacet
  facet normal 0.000000 0.000000 1.000000
    outer loop
      vertex 16.000 88.000 8.400
      vertex 14.961 88.694 8.400
      vertex 14.845 88.478 8.400
    endloop
  endfacet
  facet normal -0.956940 0.290285 0.000000
    outer loop
      vertex 14.845 88.478 7.400
      vertex 14.774 88.244 7.400
      vertex 14.774 88.244 8.400
    endloop
  endfacet
  facet normal -0.956940 0.290285 0.000000
    outer loop
      vertex 14.845 88.478 7.400
      vertex 14.774 88.244 8.400
      vertex 14.845 88.478 8.400
    endloop
  endfacet
  facet normal 0.000000 0.000000 -1.000000
    outer loop
      vertex 16.000 88.000 7.400
      vertex 14.774 88.244 7.400
      vertex 14.845 88.478 7.400
    endloop
  endfacet
  facet normal 0.000000 0.000000 1.000000
    outer loop
      vertex 16.000 88.000 8.400
      vertex 14.845 88.478 8.400
      vertex 14.774 88.244 8.400
    endloop
  endfacet
  facet normal -0.995185 0.098017 0.000000
    outer loop
      vertex 14.774 88.244 7.400
      vertex 14.750 88.000 7.400
      vertex 14.750 88.000 8.400
    endloop
  endfacet
  facet normal -0.995185 0.098017 0.000000
    outer loop
      vertex 14.774 88.244 7.400
      vertex 14.750 88.000 8.400
      vertex 14.774 88.244 8.400
    endloop
  endfacet
  facet normal 0.000000 0.000000 -1.000000
    outer loop
      vertex 16.000 88.000 7.400
      vertex 14.750 88.000 7.400
      vertex 14.774 88.244 7.400
    endloop
  endfacet
  facet normal 0.000000 0.000000 1.000000
    outer loop
      vertex 16.000 88.000 8.400
      vertex 14.774 88.244 8.400
      vertex 14.750 88.000 8.400
    endloop
  endfacet
  facet normal -0.995185 -0.098017 0.000000
    outer loop
      vertex 14.750 88.000 7.400
      vertex 14.774 87.756 7.400
      vertex 14.774 87.756 8.400
    endloop
  endfacet
  facet normal -0.995185 -0.098017 0.000000
    outer loop
      vertex 14.750 88.000 7.400
      vertex 14.774 87.756 8.400
      vertex 14.750 88.000 8.400
    endloop
  endfacet
  facet normal -0.000000 0.000000 -1.000000
    outer loop
      vertex 16.000 88.000 7.400
      vertex 14.774 87.756 7.400
      vertex 14.750 88.000 7.400
    endloop
  endfacet
  facet normal 0.000000 0.000000 1.000000
    outer loop
      vertex 16.000 88.000 8.400
      vertex 14.750 88.000 8.400
      vertex 14.774 87.756 8.400
    endloop
  endfacet
  facet normal -0.956940 -0.290285 0.000000
    outer loop
      vertex 14.774 87.756 7.400
      vertex 14.845 87.522 7.400
      vertex 14.845 87.522 8.400
    endloop
  endfacet
  facet normal -0.956940 -0.290285 0.000000
    outer loop
      vertex 14.774 87.756 7.400
      vertex 14.845 87.522 8.400
      vertex 14.774 87.756 8.400
    endloop
  endfacet
  facet normal 0.000000 0.000000 -1.000000
    outer loop
      vertex 16.000 88.000 7.400
      vertex 14.845 87.522 7.400
      vertex 14.774 87.756 7.400
    endloop
  endfacet
  facet normal 0.000000 0.000000 1.000000
    outer loop
      vertex 16.000 88.000 8.400
      vertex 14.774 87.756 8.400
      vertex 14.845 87.522 8.400
    endloop
  endfacet
  facet normal -0.881921 -0.471397 0.000000
    outer loop
      vertex 14.845 87.522 7.400
      vertex 14.961 87.306 7.400
      vertex 14.961 87.306 8.400
    endloop
  endfacet
  facet normal -0.881921 -0.471397 0.000000
    outer loop
      vertex 14.845 87.522 7.400
      vertex 14.961 87.306 8.400
      vertex 14.845 87.522 8.400
    endloop
  endfacet
  facet normal 0.000000 0.000000 -1.000000
    outer loop
      vertex 16.000 88.000 7.400
      vertex 14.961 87.306 7.400
      vertex 14.845 87.522 7.400
    endloop
  endfacet
  facet normal 0.000000 0.000000 1.000000
    outer loop
      vertex 16.000 88.000 8.400
      vertex 14.845 87.522 8.400
      vertex 14.961 87.306 8.400
    endloop
  endfacet
  facet normal -0.773010 -0.634393 0.000000
    outer loop
      vertex 14.961 87.306 7.400
      vertex 15.116 87.116 7.400
      vertex 15.116 87.116 8.400
    endloop
  endfacet
  facet normal -0.773010 -0.634393 0.000000
    outer loop
      vertex 14.961 87.306 7.400
      vertex 15.116 87.116 8.400
      vertex 14.961 87.306 8.400
    endloop
  endfacet
  facet normal 0.000000 0.000000 -1.000000
    outer loop
      vertex 16.000 88.000 7.400
      vertex 15.116 87.116 7.400
      vertex 14.961 87.306 7.400
    endloop
  endfacet
  facet normal 0.000000 0.000000 1.000000
    outer loop
      vertex 16.000 88.000 8.400
      vertex 14.961 87.306 8.400
      vertex 15.116 87.116 8.400
    endloop
  endfacet
  facet normal -0.634393 -0.773010 0.000000
    outer loop
      vertex 15.116 87.116 7.400
      vertex 15.306 86.961 7.400
      vertex 15.306 86.961 8.400
    endloop
  endfacet
  facet normal -0.634393 -0.773010 0.000000
    outer loop
      vertex 15.116 87.116 7.400
      vertex 15.306 86.961 8.400
      vertex 15.116 87.116 8.400
    endloop
  endfacet
  facet normal 0.000000 0.000000 -1.000000
    outer loop
      vertex 16.000 88.000 7.400
      vertex 15.306 86.961 7.400
      vertex 15.116 87.116 7.400
    endloop
  endfacet
  facet normal 0.000000 0.000000 1.000000
    outer loop
      vertex 16.000 88.000 8.400
      vertex 15.116 87.116 8.400
      vertex 15.306 86.961 8.400
    endloop
  endfacet
  facet normal -0.471397 -0.881921 0.000000
    outer loop
      vertex 15.306 86.961 7.400
      vertex 15.522 86.845 7.400
      vertex 15.522 86.845 8.400
    endloop
  endfacet
  facet normal -0.471397 -0.881921 0.000000
    outer loop
      vertex 15.306 86.961 7.400
      vertex 15.522 86.845 8.400
      vertex 15.306 86.961 8.400
    endloop
  endfacet
  facet normal 0.000000 0.000000 -1.000000
    outer loop
      vertex 16.000 88.000 7.400
      vertex 15.522 86.845 7.400
      vertex 15.306 86.961 7.400
    endloop
  endfacet
  facet normal 0.000000 0.000000 1.000000
    outer loop
      vertex 16.000 88.000 8.400
      vertex 15.306 86.961 8.400
      vertex 15.522 86.845 8.400
    endloop
  endfacet
  facet normal -0.290285 -0.956940 0.000000
    outer loop
      vertex 15.522 86.845 7.400
      vertex 15.756 86.774 7.400
      vertex 15.756 86.774 8.400
    endloop
  endfacet
  facet normal -0.290285 -0.956940 0.000000
    outer loop
      vertex 15.522 86.845 7.400
      vertex 15.756 86.774 8.400
      vertex 15.522 86.845 8.400
    endloop
  endfacet
  facet normal 0.000000 0.000000 -1.000000
    outer loop
      vertex 16.000 88.000 7.400
      vertex 15.756 86.774 7.400
      vertex 15.522 86.845 7.400
    endloop
  endfacet
  facet normal 0.000000 0.000000 1.000000
    outer loop
      vertex 16.000 88.000 8.400
      vertex 15.522 86.845 8.400
      vertex 15.756 86.774 8.400
    endloop
  endfacet
  facet normal -0.098017 -0.995185 0.000000
    outer loop
      vertex 15.756 86.774 7.400
      vertex 16.000 86.750 7.400
      vertex 16.000 86.750 8.400
    endloop
  endfacet
  facet normal -0.098017 -0.995185 0.000000
    outer loop
      vertex 15.756 86.774 7.400
      vertex 16.000 86.750 8.400
      vertex 15.756 86.774 8.400
    endloop
  endfacet
  facet normal 0.000000 -0.000000 -1.000000
    outer loop
      vertex 16.000 88.000 7.400
      vertex 16.000 86.750 7.400
      vertex 15.756 86.774 7.400
    endloop
  endfacet
  facet normal 0.000000 0.000000 1.000000
    outer loop
      vertex 16.000 88.000 8.400
      vertex 15.756 86.774 8.400
      vertex 16.000 86.750 8.400
    endloop
  endfacet
  facet normal 0.098017 -0.995185 0.000000
    outer loop
      vertex 16.000 86.750 7.400
      vertex 16.244 86.774 7.400
      vertex 16.244 86.774 8.400
    endloop
  endfacet
  facet normal 0.098017 -0.995185 0.000000
    outer loop
      vertex 16.000 86.750 7.400
      vertex 16.244 86.774 8.400
      vertex 16.000 86.750 8.400
    endloop
  endfacet
  facet normal 0.000000 0.000000 -1.000000
    outer loop
      vertex 16.000 88.000 7.400
      vertex 16.244 86.774 7.400
      vertex 16.000 86.750 7.400
    endloop
  endfacet
  facet normal 0.000000 0.000000 1.000000
    outer loop
      vertex 16.000 88.000 8.400
      vertex 16.000 86.750 8.400
      vertex 16.244 86.774 8.400
    endloop
  endfacet
  facet normal 0.290285 -0.956940 0.000000
    outer loop
      vertex 16.244 86.774 7.400
      vertex 16.478 86.845 7.400
      vertex 16.478 86.845 8.400
    endloop
  endfacet
  facet normal 0.290285 -0.956940 0.000000
    outer loop
      vertex 16.244 86.774 7.400
      vertex 16.478 86.845 8.400
      vertex 16.244 86.774 8.400
    endloop
  endfacet
  facet normal 0.000000 0.000000 -1.000000
    outer loop
      vertex 16.000 88.000 7.400
      vertex 16.478 86.845 7.400
      vertex 16.244 86.774 7.400
    endloop
  endfacet
  facet normal 0.000000 0.000000 1.000000
    outer loop
      vertex 16.000 88.000 8.400
      vertex 16.244 86.774 8.400
      vertex 16.478 86.845 8.400
    endloop
  endfacet
  facet normal 0.471397 -0.881921 0.000000
    outer loop
      vertex 16.478 86.845 7.400
      vertex 16.694 86.961 7.400
      vertex 16.694 86.961 8.400
    endloop
  endfacet
  facet normal 0.471397 -0.881921 0.000000
    outer loop
      vertex 16.478 86.845 7.400
      vertex 16.694 86.961 8.400
      vertex 16.478 86.845 8.400
    endloop
  endfacet
  facet normal 0.000000 0.000000 -1.000000
    outer loop
      vertex 16.000 88.000 7.400
      vertex 16.694 86.961 7.400
      vertex 16.478 86.845 7.400
    endloop
  endfacet
  facet normal 0.000000 0.000000 1.000000
    outer loop
      vertex 16.000 88.000 8.400
      vertex 16.478 86.845 8.400
      vertex 16.694 86.961 8.400
    endloop
  endfacet
  facet normal 0.634393 -0.773010 0.000000
    outer loop
      vertex 16.694 86.961 7.400
      vertex 16.884 87.116 7.400
      vertex 16.884 87.116 8.400
    endloop
  endfacet
  facet normal 0.634393 -0.773010 0.000000
    outer loop
      vertex 16.694 86.961 7.400
      vertex 16.884 87.116 8.400
      vertex 16.694 86.961 8.400
    endloop
  endfacet
  facet normal 0.000000 0.000000 -1.000000
    outer loop
      vertex 16.000 88.000 7.400
      vertex 16.884 87.116 7.400
      vertex 16.694 86.961 7.400
    endloop
  endfacet
  facet normal 0.000000 0.000000 1.000000
    outer loop
      vertex 16.000 88.000 8.400
      vertex 16.694 86.961 8.400
      vertex 16.884 87.116 8.400
    endloop
  endfacet
  facet normal 0.773010 -0.634393 0.000000
    outer loop
      vertex 16.884 87.116 7.400
      vertex 17.039 87.306 7.400
      vertex 17.039 87.306 8.400
    endloop
  endfacet
  facet normal 0.773010 -0.634393 0.000000
    outer loop
      vertex 16.884 87.116 7.400
      vertex 17.039 87.306 8.400
      vertex 16.884 87.116 8.400
    endloop
  endfacet
  facet normal 0.000000 0.000000 -1.000000
    outer loop
      vertex 16.000 88.000 7.400
      vertex 17.039 87.306 7.400
      vertex 16.884 87.116 7.400
    endloop
  endfacet
  facet normal 0.000000 0.000000 1.000000
    outer loop
      vertex 16.000 88.000 8.400
      vertex 16.884 87.116 8.400
      vertex 17.039 87.306 8.400
    endloop
  endfacet
  facet normal 0.881921 -0.471397 0.000000
    outer loop
      vertex 17.039 87.306 7.400
      vertex 17.155 87.522 7.400
      vertex 17.155 87.522 8.400
    endloop
  endfacet
  facet normal 0.881921 -0.471397 0.000000
    outer loop
      vertex 17.039 87.306 7.400
      vertex 17.155 87.522 8.400
      vertex 17.039 87.306 8.400
    endloop
  endfacet
  facet normal 0.000000 0.000000 -1.000000
    outer loop
      vertex 16.000 88.000 7.400
      vertex 17.155 87.522 7.400
      vertex 17.039 87.306 7.400
    endloop
  endfacet
  facet normal 0.000000 0.000000 1.000000
    outer loop
      vertex 16.000 88.000 8.400
      vertex 17.039 87.306 8.400
      vertex 17.155 87.522 8.400
    endloop
  endfacet
  facet normal 0.956940 -0.290285 0.000000
    outer loop
      vertex 17.155 87.522 7.400
      vertex 17.226 87.756 7.400
      vertex 17.226 87.756 8.400
    endloop
  endfacet
  facet normal 0.956940 -0.290285 0.000000
    outer loop
      vertex 17.155 87.522 7.400
      vertex 17.226 87.756 8.400
      vertex 17.155 87.522 8.400
    endloop
  endfacet
  facet normal 0.000000 0.000000 -1.000000
    outer loop
      vertex 16.000 88.000 7.400
      vertex 17.226 87.756 7.400
      vertex 17.155 87.522 7.400
    endloop
  endfacet
  facet normal 0.000000 0.000000 1.000000
    outer loop
      vertex 16.000 88.000 8.400
      vertex 17.155 87.522 8.400
      vertex 17.226 87.756 8.400
    endloop
  endfacet
  facet normal 0.995185 -0.098017 0.000000
    outer loop
      vertex 17.226 87.756 7.400
      vertex 17.250 88.000 7.400
      vertex 17.250 88.000 8.400
    endloop
  endfacet
  facet normal 0.995185 -0.098017 0.000000
    outer loop
      vertex 17.226 87.756 7.400
      vertex 17.250 88.000 8.400
      vertex 17.226 87.756 8.400
    endloop
  endfacet
  facet normal 0.000000 0.000000 -1.000000
    outer loop
      vertex 16.000 88.000 7.400
      vertex 17.250 88.000 7.400
      vertex 17.226 87.756 7.400
    endloop
  endfacet
  facet normal -0.000000 0.000000 1.000000
    outer loop
      vertex 16.000 88.000 8.400
      vertex 17.226 87.756 8.400
      vertex 17.250 88.000 8.400
    endloop
  endfacet
  facet normal 0.995185 0.098017 0.000000
    outer loop
      vertex 69.200 88.000 2.400
      vertex 69.139 88.624 2.400
      vertex 69.139 88.624 7.400
    endloop
  endfacet
  facet normal 0.995185 0.098017 -0.000000
    outer loop
      vertex 69.200 88.000 2.400
      vertex 69.139 88.624 7.400
      vertex 69.200 88.000 7.400
    endloop
  endfacet
  facet normal 0.000000 0.000000 -1.000000
    outer loop
      vertex 66.000 88.000 2.400
      vertex 69.139 88.624 2.400
      vertex 69.200 88.000 2.400
    endloop
  endfacet
  facet normal 0.000000 0.000000 1.000000
    outer loop
      vertex 66.000 88.000 7.400
      vertex 69.200 88.000 7.400
      vertex 69.139 88.624 7.400
    endloop
  endfacet
  facet normal 0.956940 0.290285 0.000000
    outer loop
      vertex 69.139 88.624 2.400
      vertex 68.956 89.225 2.400
      vertex 68.956 89.225 7.400
    endloop
  endfacet
  facet normal 0.956940 0.290285 -0.000000
    outer loop
      vertex 69.139 88.624 2.400
      vertex 68.956 89.225 7.400
      vertex 69.139 88.624 7.400
    endloop
  endfacet
  facet normal 0.000000 0.000000 -1.000000
    outer loop
      vertex 66.000 88.000 2.400
      vertex 68.956 89.225 2.400
      vertex 69.139 88.624 2.400
    endloop
  endfacet
  facet normal 0.000000 0.000000 1.000000
    outer loop
      vertex 66.000 88.000 7.400
      vertex 69.139 88.624 7.400
      vertex 68.956 89.225 7.400
    endloop
  endfacet
  facet normal 0.881921 0.471397 0.000000
    outer loop
      vertex 68.956 89.225 2.400
      vertex 68.661 89.778 2.400
      vertex 68.661 89.778 7.400
    endloop
  endfacet
  facet normal 0.881921 0.471397 -0.000000
    outer loop
      vertex 68.956 89.225 2.400
      vertex 68.661 89.778 7.400
      vertex 68.956 89.225 7.400
    endloop
  endfacet
  facet normal 0.000000 0.000000 -1.000000
    outer loop
      vertex 66.000 88.000 2.400
      vertex 68.661 89.778 2.400
      vertex 68.956 89.225 2.400
    endloop
  endfacet
  facet normal 0.000000 0.000000 1.000000
    outer loop
      vertex 66.000 88.000 7.400
      vertex 68.956 89.225 7.400
      vertex 68.661 89.778 7.400
    endloop
  endfacet
  facet normal 0.773010 0.634393 0.000000
    outer loop
      vertex 68.661 89.778 2.400
      vertex 68.263 90.263 2.400
      vertex 68.263 90.263 7.400
    endloop
  endfacet
  facet normal 0.773010 0.634393 -0.000000
    outer loop
      vertex 68.661 89.778 2.400
      vertex 68.263 90.263 7.400
      vertex 68.661 89.778 7.400
    endloop
  endfacet
  facet normal 0.000000 0.000000 -1.000000
    outer loop
      vertex 66.000 88.000 2.400
      vertex 68.263 90.263 2.400
      vertex 68.661 89.778 2.400
    endloop
  endfacet
  facet normal 0.000000 0.000000 1.000000
    outer loop
      vertex 66.000 88.000 7.400
      vertex 68.661 89.778 7.400
      vertex 68.263 90.263 7.400
    endloop
  endfacet
  facet normal 0.634393 0.773010 0.000000
    outer loop
      vertex 68.263 90.263 2.400
      vertex 67.778 90.661 2.400
      vertex 67.778 90.661 7.400
    endloop
  endfacet
  facet normal 0.634393 0.773010 -0.000000
    outer loop
      vertex 68.263 90.263 2.400
      vertex 67.778 90.661 7.400
      vertex 68.263 90.263 7.400
    endloop
  endfacet
  facet normal 0.000000 0.000000 -1.000000
    outer loop
      vertex 66.000 88.000 2.400
      vertex 67.778 90.661 2.400
      vertex 68.263 90.263 2.400
    endloop
  endfacet
  facet normal 0.000000 0.000000 1.000000
    outer loop
      vertex 66.000 88.000 7.400
      vertex 68.263 90.263 7.400
      vertex 67.778 90.661 7.400
    endloop
  endfacet
  facet normal 0.471397 0.881921 0.000000
    outer loop
      vertex 67.778 90.661 2.400
      vertex 67.225 90.956 2.400
      vertex 67.225 90.956 7.400
    endloop
  endfacet
  facet normal 0.471397 0.881921 -0.000000
    outer loop
      vertex 67.778 90.661 2.400
      vertex 67.225 90.956 7.400
      vertex 67.778 90.661 7.400
    endloop
  endfacet
  facet normal 0.000000 0.000000 -1.000000
    outer loop
      vertex 66.000 88.000 2.400
      vertex 67.225 90.956 2.400
      vertex 67.778 90.661 2.400
    endloop
  endfacet
  facet normal 0.000000 0.000000 1.000000
    outer loop
      vertex 66.000 88.000 7.400
      vertex 67.778 90.661 7.400
      vertex 67.225 90.956 7.400
    endloop
  endfacet
  facet normal 0.290285 0.956940 0.000000
    outer loop
      vertex 67.225 90.956 2.400
      vertex 66.624 91.139 2.400
      vertex 66.624 91.139 7.400
    endloop
  endfacet
  facet normal 0.290285 0.956940 -0.000000
    outer loop
      vertex 67.225 90.956 2.400
      vertex 66.624 91.139 7.400
      vertex 67.225 90.956 7.400
    endloop
  endfacet
  facet normal 0.000000 0.000000 -1.000000
    outer loop
      vertex 66.000 88.000 2.400
      vertex 66.624 91.139 2.400
      vertex 67.225 90.956 2.400
    endloop
  endfacet
  facet normal 0.000000 0.000000 1.000000
    outer loop
      vertex 66.000 88.000 7.400
      vertex 67.225 90.956 7.400
      vertex 66.624 91.139 7.400
    endloop
  endfacet
  facet normal 0.098017 0.995185 0.000000
    outer loop
      vertex 66.624 91.139 2.400
      vertex 66.000 91.200 2.400
      vertex 66.000 91.200 7.400
    endloop
  endfacet
  facet normal 0.098017 0.995185 -0.000000
    outer loop
      vertex 66.624 91.139 2.400
      vertex 66.000 91.200 7.400
      vertex 66.624 91.139 7.400
    endloop
  endfacet
  facet normal 0.000000 0.000000 -1.000000
    outer loop
      vertex 66.000 88.000 2.400
      vertex 66.000 91.200 2.400
      vertex 66.624 91.139 2.400
    endloop
  endfacet
  facet normal 0.000000 0.000000 1.000000
    outer loop
      vertex 66.000 88.000 7.400
      vertex 66.624 91.139 7.400
      vertex 66.000 91.200 7.400
    endloop
  endfacet
  facet normal -0.098017 0.995185 0.000000
    outer loop
      vertex 66.000 91.200 2.400
      vertex 65.376 91.139 2.400
      vertex 65.376 91.139 7.400
    endloop
  endfacet
  facet normal -0.098017 0.995185 0.000000
    outer loop
      vertex 66.000 91.200 2.400
      vertex 65.376 91.139 7.400
      vertex 66.000 91.200 7.400
    endloop
  endfacet
  facet normal 0.000000 0.000000 -1.000000
    outer loop
      vertex 66.000 88.000 2.400
      vertex 65.376 91.139 2.400
      vertex 66.000 91.200 2.400
    endloop
  endfacet
  facet normal 0.000000 -0.000000 1.000000
    outer loop
      vertex 66.000 88.000 7.400
      vertex 66.000 91.200 7.400
      vertex 65.376 91.139 7.400
    endloop
  endfacet
  facet normal -0.290285 0.956940 0.000000
    outer loop
      vertex 65.376 91.139 2.400
      vertex 64.775 90.956 2.400
      vertex 64.775 90.956 7.400
    endloop
  endfacet
  facet normal -0.290285 0.956940 0.000000
    outer loop
      vertex 65.376 91.139 2.400
      vertex 64.775 90.956 7.400
      vertex 65.376 91.139 7.400
    endloop
  endfacet
  facet normal 0.000000 0.000000 -1.000000
    outer loop
      vertex 66.000 88.000 2.400
      vertex 64.775 90.956 2.400
      vertex 65.376 91.139 2.400
    endloop
  endfacet
  facet normal 0.000000 0.000000 1.000000
    outer loop
      vertex 66.000 88.000 7.400
      vertex 65.376 91.139 7.400
      vertex 64.775 90.956 7.400
    endloop
  endfacet
  facet normal -0.471397 0.881921 0.000000
    outer loop
      vertex 64.775 90.956 2.400
      vertex 64.222 90.661 2.400
      vertex 64.222 90.661 7.400
    endloop
  endfacet
  facet normal -0.471397 0.881921 0.000000
    outer loop
      vertex 64.775 90.956 2.400
      vertex 64.222 90.661 7.400
      vertex 64.775 90.956 7.400
    endloop
  endfacet
  facet normal 0.000000 0.000000 -1.000000
    outer loop
      vertex 66.000 88.000 2.400
      vertex 64.222 90.661 2.400
      vertex 64.775 90.956 2.400
    endloop
  endfacet
  facet normal 0.000000 0.000000 1.000000
    outer loop
      vertex 66.000 88.000 7.400
      vertex 64.775 90.956 7.400
      vertex 64.222 90.661 7.400
    endloop
  endfacet
  facet normal -0.634393 0.773010 0.000000
    outer loop
      vertex 64.222 90.661 2.400
      vertex 63.737 90.263 2.400
      vertex 63.737 90.263 7.400
    endloop
  endfacet
  facet normal -0.634393 0.773010 0.000000
    outer loop
      vertex 64.222 90.661 2.400
      vertex 63.737 90.263 7.400
      vertex 64.222 90.661 7.400
    endloop
  endfacet
  facet normal 0.000000 0.000000 -1.000000
    outer loop
      vertex 66.000 88.000 2.400
      vertex 63.737 90.263 2.400
      vertex 64.222 90.661 2.400
    endloop
  endfacet
  facet normal 0.000000 0.000000 1.000000
    outer loop
      vertex 66.000 88.000 7.400
      vertex 64.222 90.661 7.400
      vertex 63.737 90.263 7.400
    endloop
  endfacet
  facet normal -0.773010 0.634393 0.000000
    outer loop
      vertex 63.737 90.263 2.400
      vertex 63.339 89.778 2.400
      vertex 63.339 89.778 7.400
    endloop
  endfacet
  facet normal -0.773010 0.634393 0.000000
    outer loop
      vertex 63.737 90.263 2.400
      vertex 63.339 89.778 7.400
      vertex 63.737 90.263 7.400
    endloop
  endfacet
  facet normal 0.000000 0.000000 -1.000000
    outer loop
      vertex 66.000 88.000 2.400
      vertex 63.339 89.778 2.400
      vertex 63.737 90.263 2.400
    endloop
  endfacet
  facet normal 0.000000 0.000000 1.000000
    outer loop
      vertex 66.000 88.000 7.400
      vertex 63.737 90.263 7.400
      vertex 63.339 89.778 7.400
    endloop
  endfacet
  facet normal -0.881921 0.471397 0.000000
    outer loop
      vertex 63.339 89.778 2.400
      vertex 63.044 89.225 2.400
      vertex 63.044 89.225 7.400
    endloop
  endfacet
  facet normal -0.881921 0.471397 0.000000
    outer loop
      vertex 63.339 89.778 2.400
      vertex 63.044 89.225 7.400
      vertex 63.339 89.778 7.400
    endloop
  endfacet
  facet normal 0.000000 0.000000 -1.000000
    outer loop
      vertex 66.000 88.000 2.400
      vertex 63.044 89.225 2.400
      vertex 63.339 89.778 2.400
    endloop
  endfacet
  facet normal 0.000000 0.000000 1.000000
    outer loop
      vertex 66.000 88.000 7.400
      vertex 63.339 89.778 7.400
      vertex 63.044 89.225 7.400
    endloop
  endfacet
  facet normal -0.956940 0.290285 0.000000
    outer loop
      vertex 63.044 89.225 2.400
      vertex 62.861 88.624 2.400
      vertex 62.861 88.624 7.400
    endloop
  endfacet
  facet normal -0.956940 0.290285 0.000000
    outer loop
      vertex 63.044 89.225 2.400
      vertex 62.861 88.624 7.400
      vertex 63.044 89.225 7.400
    endloop
  endfacet
  facet normal 0.000000 0.000000 -1.000000
    outer loop
      vertex 66.000 88.000 2.400
      vertex 62.861 88.624 2.400
      vertex 63.044 89.225 2.400
    endloop
  endfacet
  facet normal 0.000000 0.000000 1.000000
    outer loop
      vertex 66.000 88.000 7.400
      vertex 63.044 89.225 7.400
      vertex 62.861 88.624 7.400
    endloop
  endfacet
  facet normal -0.995185 0.098017 0.000000
    outer loop
      vertex 62.861 88.624 2.400
      vertex 62.800 88.000 2.400
      vertex 62.800 88.000 7.400
    endloop
  endfacet
  facet normal -0.995185 0.098017 0.000000
    outer loop
      vertex 62.861 88.624 2.400
      vertex 62.800 88.000 7.400
      vertex 62.861 88.624 7.400
    endloop
  endfacet
  facet normal 0.000000 0.000000 -1.000000
    outer loop
      vertex 66.000 88.000 2.400
      vertex 62.800 88.000 2.400
      vertex 62.861 88.624 2.400
    endloop
  endfacet
  facet normal 0.000000 0.000000 1.000000
    outer loop
      vertex 66.000 88.000 7.400
      vertex 62.861 88.624 7.400
      vertex 62.800 88.000 7.400
    endloop
  endfacet
  facet normal -0.995185 -0.098017 0.000000
    outer loop
      vertex 62.800 88.000 2.400
      vertex 62.861 87.376 2.400
      vertex 62.861 87.376 7.400
    endloop
  endfacet
  facet normal -0.995185 -0.098017 0.000000
    outer loop
      vertex 62.800 88.000 2.400
      vertex 62.861 87.376 7.400
      vertex 62.800 88.000 7.400
    endloop
  endfacet
  facet normal -0.000000 0.000000 -1.000000
    outer loop
      vertex 66.000 88.000 2.400
      vertex 62.861 87.376 2.400
      vertex 62.800 88.000 2.400
    endloop
  endfacet
  facet normal 0.000000 0.000000 1.000000
    outer loop
      vertex 66.000 88.000 7.400
      vertex 62.800 88.000 7.400
      vertex 62.861 87.376 7.400
    endloop
  endfacet
  facet normal -0.956940 -0.290285 0.000000
    outer loop
      vertex 62.861 87.376 2.400
      vertex 63.044 86.775 2.400
      vertex 63.044 86.775 7.400
    endloop
  endfacet
  facet normal -0.956940 -0.290285 0.000000
    outer loop
      vertex 62.861 87.376 2.400
      vertex 63.044 86.775 7.400
      vertex 62.861 87.376 7.400
    endloop
  endfacet
  facet normal 0.000000 0.000000 -1.000000
    outer loop
      vertex 66.000 88.000 2.400
      vertex 63.044 86.775 2.400
      vertex 62.861 87.376 2.400
    endloop
  endfacet
  facet normal 0.000000 0.000000 1.000000
    outer loop
      vertex 66.000 88.000 7.400
      vertex 62.861 87.376 7.400
      vertex 63.044 86.775 7.400
    endloop
  endfacet
  facet normal -0.881921 -0.471397 0.000000
    outer loop
      vertex 63.044 86.775 2.400
      vertex 63.339 86.222 2.400
      vertex 63.339 86.222 7.400
    endloop
  endfacet
  facet normal -0.881921 -0.471397 0.000000
    outer loop
      vertex 63.044 86.775 2.400
      vertex 63.339 86.222 7.400
      vertex 63.044 86.775 7.400
    endloop
  endfacet
  facet normal 0.000000 0.000000 -1.000000
    outer loop
      vertex 66.000 88.000 2.400
      vertex 63.339 86.222 2.400
      vertex 63.044 86.775 2.400
    endloop
  endfacet
  facet normal 0.000000 0.000000 1.000000
    outer loop
      vertex 66.000 88.000 7.400
      vertex 63.044 86.775 7.400
      vertex 63.339 86.222 7.400
    endloop
  endfacet
  facet normal -0.773010 -0.634393 0.000000
    outer loop
      vertex 63.339 86.222 2.400
      vertex 63.737 85.737 2.400
      vertex 63.737 85.737 7.400
    endloop
  endfacet
  facet normal -0.773010 -0.634393 0.000000
    outer loop
      vertex 63.339 86.222 2.400
      vertex 63.737 85.737 7.400
      vertex 63.339 86.222 7.400
    endloop
  endfacet
  facet normal 0.000000 0.000000 -1.000000
    outer loop
      vertex 66.000 88.000 2.400
      vertex 63.737 85.737 2.400
      vertex 63.339 86.222 2.400
    endloop
  endfacet
  facet normal 0.000000 0.000000 1.000000
    outer loop
      vertex 66.000 88.000 7.400
      vertex 63.339 86.222 7.400
      vertex 63.737 85.737 7.400
    endloop
  endfacet
  facet normal -0.634393 -0.773010 0.000000
    outer loop
      vertex 63.737 85.737 2.400
      vertex 64.222 85.339 2.400
      vertex 64.222 85.339 7.400
    endloop
  endfacet
  facet normal -0.634393 -0.773010 0.000000
    outer loop
      vertex 63.737 85.737 2.400
      vertex 64.222 85.339 7.400
      vertex 63.737 85.737 7.400
    endloop
  endfacet
  facet normal 0.000000 0.000000 -1.000000
    outer loop
      vertex 66.000 88.000 2.400
      vertex 64.222 85.339 2.400
      vertex 63.737 85.737 2.400
    endloop
  endfacet
  facet normal 0.000000 0.000000 1.000000
    outer loop
      vertex 66.000 88.000 7.400
      vertex 63.737 85.737 7.400
      vertex 64.222 85.339 7.400
    endloop
  endfacet
  facet normal -0.471397 -0.881921 0.000000
    outer loop
      vertex 64.222 85.339 2.400
      vertex 64.775 85.044 2.400
      vertex 64.775 85.044 7.400
    endloop
  endfacet
  facet normal -0.471397 -0.881921 0.000000
    outer loop
      vertex 64.222 85.339 2.400
      vertex 64.775 85.044 7.400
      vertex 64.222 85.339 7.400
    endloop
  endfacet
  facet normal 0.000000 0.000000 -1.000000
    outer loop
      vertex 66.000 88.000 2.400
      vertex 64.775 85.044 2.400
      vertex 64.222 85.339 2.400
    endloop
  endfacet
  facet normal 0.000000 0.000000 1.000000
    outer loop
      vertex 66.000 88.000 7.400
      vertex 64.222 85.339 7.400
      vertex 64.775 85.044 7.400
    endloop
  endfacet
  facet normal -0.290285 -0.956940 0.000000
    outer loop
      vertex 64.775 85.044 2.400
      vertex 65.376 84.861 2.400
      vertex 65.376 84.861 7.400
    endloop
  endfacet
  facet normal -0.290285 -0.956940 0.000000
    outer loop
      vertex 64.775 85.044 2.400
      vertex 65.376 84.861 7.400
      vertex 64.775 85.044 7.400
    endloop
  endfacet
  facet normal 0.000000 0.000000 -1.000000
    outer loop
      vertex 66.000 88.000 2.400
      vertex 65.376 84.861 2.400
      vertex 64.775 85.044 2.400
    endloop
  endfacet
  facet normal 0.000000 0.000000 1.000000
    outer loop
      vertex 66.000 88.000 7.400
      vertex 64.775 85.044 7.400
      vertex 65.376 84.861 7.400
    endloop
  endfacet
  facet normal -0.098017 -0.995185 0.000000
    outer loop
      vertex 65.376 84.861 2.400
      vertex 66.000 84.800 2.400
      vertex 66.000 84.800 7.400
    endloop
  endfacet
  facet normal -0.098017 -0.995185 0.000000
    outer loop
      vertex 65.376 84.861 2.400
      vertex 66.000 84.800 7.400
      vertex 65.376 84.861 7.400
    endloop
  endfacet
  facet normal 0.000000 -0.000000 -1.000000
    outer loop
      vertex 66.000 88.000 2.400
      vertex 66.000 84.800 2.400
      vertex 65.376 84.861 2.400
    endloop
  endfacet
  facet normal 0.000000 0.000000 1.000000
    outer loop
      vertex 66.000 88.000 7.400
      vertex 65.376 84.861 7.400
      vertex 66.000 84.800 7.400
    endloop
  endfacet
  facet normal 0.098017 -0.995185 0.000000
    outer loop
      vertex 66.000 84.800 2.400
      vertex 66.624 84.861 2.400
      vertex 66.624 84.861 7.400
    endloop
  endfacet
  facet normal 0.098017 -0.995185 0.000000
    outer loop
      vertex 66.000 84.800 2.400
      vertex 66.624 84.861 7.400
      vertex 66.000 84.800 7.400
    endloop
  endfacet
  facet normal 0.000000 0.000000 -1.000000
    outer loop
      vertex 66.000 88.000 2.400
      vertex 66.624 84.861 2.400
      vertex 66.000 84.800 2.400
    endloop
  endfacet
  facet normal 0.000000 0.000000 1.000000
    outer loop
      vertex 66.000 88.000 7.400
      vertex 66.000 84.800 7.400
      vertex 66.624 84.861 7.400
    endloop
  endfacet
  facet normal 0.290285 -0.956940 0.000000
    outer loop
      vertex 66.624 84.861 2.400
      vertex 67.225 85.044 2.400
      vertex 67.225 85.044 7.400
    endloop
  endfacet
  facet normal 0.290285 -0.956940 0.000000
    outer loop
      vertex 66.624 84.861 2.400
      vertex 67.225 85.044 7.400
      vertex 66.624 84.861 7.400
    endloop
  endfacet
  facet normal 0.000000 0.000000 -1.000000
    outer loop
      vertex 66.000 88.000 2.400
      vertex 67.225 85.044 2.400
      vertex 66.624 84.861 2.400
    endloop
  endfacet
  facet normal 0.000000 0.000000 1.000000
    outer loop
      vertex 66.000 88.000 7.400
      vertex 66.624 84.861 7.400
      vertex 67.225 85.044 7.400
    endloop
  endfacet
  facet normal 0.471397 -0.881921 0.000000
    outer loop
      vertex 67.225 85.044 2.400
      vertex 67.778 85.339 2.400
      vertex 67.778 85.339 7.400
    endloop
  endfacet
  facet normal 0.471397 -0.881921 0.000000
    outer loop
      vertex 67.225 85.044 2.400
      vertex 67.778 85.339 7.400
      vertex 67.225 85.044 7.400
    endloop
  endfacet
  facet normal 0.000000 0.000000 -1.000000
    outer loop
      vertex 66.000 88.000 2.400
      vertex 67.778 85.339 2.400
      vertex 67.225 85.044 2.400
    endloop
  endfacet
  facet normal 0.000000 0.000000 1.000000
    outer loop
      vertex 66.000 88.000 7.400
      vertex 67.225 85.044 7.400
      vertex 67.778 85.339 7.400
    endloop
  endfacet
  facet normal 0.634393 -0.773010 0.000000
    outer loop
      vertex 67.778 85.339 2.400
      vertex 68.263 85.737 2.400
      vertex 68.263 85.737 7.400
    endloop
  endfacet
  facet normal 0.634393 -0.773010 0.000000
    outer loop
      vertex 67.778 85.339 2.400
      vertex 68.263 85.737 7.400
      vertex 67.778 85.339 7.400
    endloop
  endfacet
  facet normal 0.000000 0.000000 -1.000000
    outer loop
      vertex 66.000 88.000 2.400
      vertex 68.263 85.737 2.400
      vertex 67.778 85.339 2.400
    endloop
  endfacet
  facet normal 0.000000 0.000000 1.000000
    outer loop
      vertex 66.000 88.000 7.400
      vertex 67.778 85.339 7.400
      vertex 68.263 85.737 7.400
    endloop
  endfacet
  facet normal 0.773010 -0.634393 0.000000
    outer loop
      vertex 68.263 85.737 2.400
      vertex 68.661 86.222 2.400
      vertex 68.661 86.222 7.400
    endloop
  endfacet
  facet normal 0.773010 -0.634393 0.000000
    outer loop
      vertex 68.263 85.737 2.400
      vertex 68.661 86.222 7.400
      vertex 68.263 85.737 7.400
    endloop
  endfacet
  facet normal 0.000000 0.000000 -1.000000
    outer loop
      vertex 66.000 88.000 2.400
      vertex 68.661 86.222 2.400
      vertex 68.263 85.737 2.400
    endloop
  endfacet
  facet normal 0.000000 0.000000 1.000000
    outer loop
      vertex 66.000 88.000 7.400
      vertex 68.263 85.737 7.400
      vertex 68.661 86.222 7.400
    endloop
  endfacet
  facet normal 0.881921 -0.471397 0.000000
    outer loop
      vertex 68.661 86.222 2.400
      vertex 68.956 86.775 2.400
      vertex 68.956 86.775 7.400
    endloop
  endfacet
  facet normal 0.881921 -0.471397 0.000000
    outer loop
      vertex 68.661 86.222 2.400
      vertex 68.956 86.775 7.400
      vertex 68.661 86.222 7.400
    endloop
  endfacet
  facet normal 0.000000 0.000000 -1.000000
    outer loop
      vertex 66.000 88.000 2.400
      vertex 68.956 86.775 2.400
      vertex 68.661 86.222 2.400
    endloop
  endfacet
  facet normal 0.000000 0.000000 1.000000
    outer loop
      vertex 66.000 88.000 7.400
      vertex 68.661 86.222 7.400
      vertex 68.956 86.775 7.400
    endloop
  endfacet
  facet normal 0.956940 -0.290285 0.000000
    outer loop
      vertex 68.956 86.775 2.400
      vertex 69.139 87.376 2.400
      vertex 69.139 87.376 7.400
    endloop
  endfacet
  facet normal 0.956940 -0.290285 0.000000
    outer loop
      vertex 68.956 86.775 2.400
      vertex 69.139 87.376 7.400
      vertex 68.956 86.775 7.400
    endloop
  endfacet
  facet normal 0.000000 0.000000 -1.000000
    outer loop
      vertex 66.000 88.000 2.400
      vertex 69.139 87.376 2.400
      vertex 68.956 86.775 2.400
    endloop
  endfacet
  facet normal 0.000000 0.000000 1.000000
    outer loop
      vertex 66.000 88.000 7.400
      vertex 68.956 86.775 7.400
      vertex 69.139 87.376 7.400
    endloop
  endfacet
  facet normal 0.995185 -0.098017 0.000000
    outer loop
      vertex 69.139 87.376 2.400
      vertex 69.200 88.000 2.400
      vertex 69.200 88.000 7.400
    endloop
  endfacet
  facet normal 0.995185 -0.098017 0.000000
    outer loop
      vertex 69.139 87.376 2.400
      vertex 69.200 88.000 7.400
      vertex 69.139 87.376 7.400
    endloop
  endfacet
  facet normal 0.000000 0.000000 -1.000000
    outer loop
      vertex 66.000 88.000 2.400
      vertex 69.200 88.000 2.400
      vertex 69.139 87.376 2.400
    endloop
  endfacet
  facet normal -0.000000 0.000000 1.000000
    outer loop
      vertex 66.000 88.000 7.400
      vertex 69.139 87.376 7.400
      vertex 69.200 88.000 7.400
    endloop
  endfacet
  facet normal 0.995185 0.098017 0.000000
    outer loop
      vertex 67.250 88.000 7.400
      vertex 67.226 88.244 7.400
      vertex 67.226 88.244 8.400
    endloop
  endfacet
  facet normal 0.995185 0.098017 -0.000000
    outer loop
      vertex 67.250 88.000 7.400
      vertex 67.226 88.244 8.400
      vertex 67.250 88.000 8.400
    endloop
  endfacet
  facet normal 0.000000 0.000000 -1.000000
    outer loop
      vertex 66.000 88.000 7.400
      vertex 67.226 88.244 7.400
      vertex 67.250 88.000 7.400
    endloop
  endfacet
  facet normal 0.000000 0.000000 1.000000
    outer loop
      vertex 66.000 88.000 8.400
      vertex 67.250 88.000 8.400
      vertex 67.226 88.244 8.400
    endloop
  endfacet
  facet normal 0.956940 0.290285 0.000000
    outer loop
      vertex 67.226 88.244 7.400
      vertex 67.155 88.478 7.400
      vertex 67.155 88.478 8.400
    endloop
  endfacet
  facet normal 0.956940 0.290285 -0.000000
    outer loop
      vertex 67.226 88.244 7.400
      vertex 67.155 88.478 8.400
      vertex 67.226 88.244 8.400
    endloop
  endfacet
  facet normal 0.000000 0.000000 -1.000000
    outer loop
      vertex 66.000 88.000 7.400
      vertex 67.155 88.478 7.400
      vertex 67.226 88.244 7.400
    endloop
  endfacet
  facet normal 0.000000 0.000000 1.000000
    outer loop
      vertex 66.000 88.000 8.400
      vertex 67.226 88.244 8.400
      vertex 67.155 88.478 8.400
    endloop
  endfacet
  facet normal 0.881921 0.471397 0.000000
    outer loop
      vertex 67.155 88.478 7.400
      vertex 67.039 88.694 7.400
      vertex 67.039 88.694 8.400
    endloop
  endfacet
  facet normal 0.881921 0.471397 -0.000000
    outer loop
      vertex 67.155 88.478 7.400
      vertex 67.039 88.694 8.400
      vertex 67.155 88.478 8.400
    endloop
  endfacet
  facet normal 0.000000 0.000000 -1.000000
    outer loop
      vertex 66.000 88.000 7.400
      vertex 67.039 88.694 7.400
      vertex 67.155 88.478 7.400
    endloop
  endfacet
  facet normal 0.000000 0.000000 1.000000
    outer loop
      vertex 66.000 88.000 8.400
      vertex 67.155 88.478 8.400
      vertex 67.039 88.694 8.400
    endloop
  endfacet
  facet normal 0.773010 0.634393 0.000000
    outer loop
      vertex 67.039 88.694 7.400
      vertex 66.884 88.884 7.400
      vertex 66.884 88.884 8.400
    endloop
  endfacet
  facet normal 0.773010 0.634393 -0.000000
    outer loop
      vertex 67.039 88.694 7.400
      vertex 66.884 88.884 8.400
      vertex 67.039 88.694 8.400
    endloop
  endfacet
  facet normal 0.000000 0.000000 -1.000000
    outer loop
      vertex 66.000 88.000 7.400
      vertex 66.884 88.884 7.400
      vertex 67.039 88.694 7.400
    endloop
  endfacet
  facet normal 0.000000 0.000000 1.000000
    outer loop
      vertex 66.000 88.000 8.400
      vertex 67.039 88.694 8.400
      vertex 66.884 88.884 8.400
    endloop
  endfacet
  facet normal 0.634393 0.773010 0.000000
    outer loop
      vertex 66.884 88.884 7.400
      vertex 66.694 89.039 7.400
      vertex 66.694 89.039 8.400
    endloop
  endfacet
  facet normal 0.634393 0.773010 -0.000000
    outer loop
      vertex 66.884 88.884 7.400
      vertex 66.694 89.039 8.400
      vertex 66.884 88.884 8.400
    endloop
  endfacet
  facet normal 0.000000 0.000000 -1.000000
    outer loop
      vertex 66.000 88.000 7.400
      vertex 66.694 89.039 7.400
      vertex 66.884 88.884 7.400
    endloop
  endfacet
  facet normal 0.000000 0.000000 1.000000
    outer loop
      vertex 66.000 88.000 8.400
      vertex 66.884 88.884 8.400
      vertex 66.694 89.039 8.400
    endloop
  endfacet
  facet normal 0.471397 0.881921 0.000000
    outer loop
      vertex 66.694 89.039 7.400
      vertex 66.478 89.155 7.400
      vertex 66.478 89.155 8.400
    endloop
  endfacet
  facet normal 0.471397 0.881921 -0.000000
    outer loop
      vertex 66.694 89.039 7.400
      vertex 66.478 89.155 8.400
      vertex 66.694 89.039 8.400
    endloop
  endfacet
  facet normal 0.000000 0.000000 -1.000000
    outer loop
      vertex 66.000 88.000 7.400
      vertex 66.478 89.155 7.400
      vertex 66.694 89.039 7.400
    endloop
  endfacet
  facet normal 0.000000 0.000000 1.000000
    outer loop
      vertex 66.000 88.000 8.400
      vertex 66.694 89.039 8.400
      vertex 66.478 89.155 8.400
    endloop
  endfacet
  facet normal 0.290285 0.956940 0.000000
    outer loop
      vertex 66.478 89.155 7.400
      vertex 66.244 89.226 7.400
      vertex 66.244 89.226 8.400
    endloop
  endfacet
  facet normal 0.290285 0.956940 -0.000000
    outer loop
      vertex 66.478 89.155 7.400
      vertex 66.244 89.226 8.400
      vertex 66.478 89.155 8.400
    endloop
  endfacet
  facet normal 0.000000 0.000000 -1.000000
    outer loop
      vertex 66.000 88.000 7.400
      vertex 66.244 89.226 7.400
      vertex 66.478 89.155 7.400
    endloop
  endfacet
  facet normal 0.000000 0.000000 1.000000
    outer loop
      vertex 66.000 88.000 8.400
      vertex 66.478 89.155 8.400
      vertex 66.244 89.226 8.400
    endloop
  endfacet
  facet normal 0.098017 0.995185 0.000000
    outer loop
      vertex 66.244 89.226 7.400
      vertex 66.000 89.250 7.400
      vertex 66.000 89.250 8.400
    endloop
  endfacet
  facet normal 0.098017 0.995185 -0.000000
    outer loop
      vertex 66.244 89.226 7.400
      vertex 66.000 89.250 8.400
      vertex 66.244 89.226 8.400
    endloop
  endfacet
  facet normal 0.000000 0.000000 -1.000000
    outer loop
      vertex 66.000 88.000 7.400
      vertex 66.000 89.250 7.400
      vertex 66.244 89.226 7.400
    endloop
  endfacet
  facet normal 0.000000 0.000000 1.000000
    outer loop
      vertex 66.000 88.000 8.400
      vertex 66.244 89.226 8.400
      vertex 66.000 89.250 8.400
    endloop
  endfacet
  facet normal -0.098017 0.995185 0.000000
    outer loop
      vertex 66.000 89.250 7.400
      vertex 65.756 89.226 7.400
      vertex 65.756 89.226 8.400
    endloop
  endfacet
  facet normal -0.098017 0.995185 0.000000
    outer loop
      vertex 66.000 89.250 7.400
      vertex 65.756 89.226 8.400
      vertex 66.000 89.250 8.400
    endloop
  endfacet
  facet normal 0.000000 0.000000 -1.000000
    outer loop
      vertex 66.000 88.000 7.400
      vertex 65.756 89.226 7.400
      vertex 66.000 89.250 7.400
    endloop
  endfacet
  facet normal 0.000000 -0.000000 1.000000
    outer loop
      vertex 66.000 88.000 8.400
      vertex 66.000 89.250 8.400
      vertex 65.756 89.226 8.400
    endloop
  endfacet
  facet normal -0.290285 0.956940 0.000000
    outer loop
      vertex 65.756 89.226 7.400
      vertex 65.522 89.155 7.400
      vertex 65.522 89.155 8.400
    endloop
  endfacet
  facet normal -0.290285 0.956940 0.000000
    outer loop
      vertex 65.756 89.226 7.400
      vertex 65.522 89.155 8.400
      vertex 65.756 89.226 8.400
    endloop
  endfacet
  facet normal 0.000000 0.000000 -1.000000
    outer loop
      vertex 66.000 88.000 7.400
      vertex 65.522 89.155 7.400
      vertex 65.756 89.226 7.400
    endloop
  endfacet
  facet normal 0.000000 0.000000 1.000000
    outer loop
      vertex 66.000 88.000 8.400
      vertex 65.756 89.226 8.400
      vertex 65.522 89.155 8.400
    endloop
  endfacet
  facet normal -0.471397 0.881921 0.000000
    outer loop
      vertex 65.522 89.155 7.400
      vertex 65.306 89.039 7.400
      vertex 65.306 89.039 8.400
    endloop
  endfacet
  facet normal -0.471397 0.881921 0.000000
    outer loop
      vertex 65.522 89.155 7.400
      vertex 65.306 89.039 8.400
      vertex 65.522 89.155 8.400
    endloop
  endfacet
  facet normal 0.000000 0.000000 -1.000000
    outer loop
      vertex 66.000 88.000 7.400
      vertex 65.306 89.039 7.400
      vertex 65.522 89.155 7.400
    endloop
  endfacet
  facet normal 0.000000 0.000000 1.000000
    outer loop
      vertex 66.000 88.000 8.400
      vertex 65.522 89.155 8.400
      vertex 65.306 89.039 8.400
    endloop
  endfacet
  facet normal -0.634393 0.773010 0.000000
    outer loop
      vertex 65.306 89.039 7.400
      vertex 65.116 88.884 7.400
      vertex 65.116 88.884 8.400
    endloop
  endfacet
  facet normal -0.634393 0.773010 0.000000
    outer loop
      vertex 65.306 89.039 7.400
      vertex 65.116 88.884 8.400
      vertex 65.306 89.039 8.400
    endloop
  endfacet
  facet normal 0.000000 0.000000 -1.000000
    outer loop
      vertex 66.000 88.000 7.400
      vertex 65.116 88.884 7.400
      vertex 65.306 89.039 7.400
    endloop
  endfacet
  facet normal 0.000000 0.000000 1.000000
    outer loop
      vertex 66.000 88.000 8.400
      vertex 65.306 89.039 8.400
      vertex 65.116 88.884 8.400
    endloop
  endfacet
  facet normal -0.773010 0.634393 0.000000
    outer loop
      vertex 65.116 88.884 7.400
      vertex 64.961 88.694 7.400
      vertex 64.961 88.694 8.400
    endloop
  endfacet
  facet normal -0.773010 0.634393 0.000000
    outer loop
      vertex 65.116 88.884 7.400
      vertex 64.961 88.694 8.400
      vertex 65.116 88.884 8.400
    endloop
  endfacet
  facet normal 0.000000 0.000000 -1.000000
    outer loop
      vertex 66.000 88.000 7.400
      vertex 64.961 88.694 7.400
      vertex 65.116 88.884 7.400
    endloop
  endfacet
  facet normal 0.000000 0.000000 1.000000
    outer loop
      vertex 66.000 88.000 8.400
      vertex 65.116 88.884 8.400
      vertex 64.961 88.694 8.400
    endloop
  endfacet
  facet normal -0.881921 0.471397 0.000000
    outer loop
      vertex 64.961 88.694 7.400
      vertex 64.845 88.478 7.400
      vertex 64.845 88.478 8.400
    endloop
  endfacet
  facet normal -0.881921 0.471397 0.000000
    outer loop
      vertex 64.961 88.694 7.400
      vertex 64.845 88.478 8.400
      vertex 64.961 88.694 8.400
    endloop
  endfacet
  facet normal 0.000000 0.000000 -1.000000
    outer loop
      vertex 66.000 88.000 7.400
      vertex 64.845 88.478 7.400
      vertex 64.961 88.694 7.400
    endloop
  endfacet
  facet normal 0.000000 0.000000 1.000000
    outer loop
      vertex 66.000 88.000 8.400
      vertex 64.961 88.694 8.400
      vertex 64.845 88.478 8.400
    endloop
  endfacet
  facet normal -0.956940 0.290285 0.000000
    outer loop
      vertex 64.845 88.478 7.400
      vertex 64.774 88.244 7.400
      vertex 64.774 88.244 8.400
    endloop
  endfacet
  facet normal -0.956940 0.290285 0.000000
    outer loop
      vertex 64.845 88.478 7.400
      vertex 64.774 88.244 8.400
      vertex 64.845 88.478 8.400
    endloop
  endfacet
  facet normal 0.000000 0.000000 -1.000000
    outer loop
      vertex 66.000 88.000 7.400
      vertex 64.774 88.244 7.400
      vertex 64.845 88.478 7.400
    endloop
  endfacet
  facet normal 0.000000 0.000000 1.000000
    outer loop
      vertex 66.000 88.000 8.400
      vertex 64.845 88.478 8.400
      vertex 64.774 88.244 8.400
    endloop
  endfacet
  facet normal -0.995185 0.098017 0.000000
    outer loop
      vertex 64.774 88.244 7.400
      vertex 64.750 88.000 7.400
      vertex 64.750 88.000 8.400
    endloop
  endfacet
  facet normal -0.995185 0.098017 0.000000
    outer loop
      vertex 64.774 88.244 7.400
      vertex 64.750 88.000 8.400
      vertex 64.774 88.244 8.400
    endloop
  endfacet
  facet normal 0.000000 0.000000 -1.000000
    outer loop
      vertex 66.000 88.000 7.400
      vertex 64.750 88.000 7.400
      vertex 64.774 88.244 7.400
    endloop
  endfacet
  facet normal 0.000000 0.000000 1.000000
    outer loop
      vertex 66.000 88.000 8.400
      vertex 64.774 88.244 8.400
      vertex 64.750 88.000 8.400
    endloop
  endfacet
  facet normal -0.995185 -0.098017 0.000000
    outer loop
      vertex 64.750 88.000 7.400
      vertex 64.774 87.756 7.400
      vertex 64.774 87.756 8.400
    endloop
  endfacet
  facet normal -0.995185 -0.098017 0.000000
    outer loop
      vertex 64.750 88.000 7.400
      vertex 64.774 87.756 8.400
      vertex 64.750 88.000 8.400
    endloop
  endfacet
  facet normal -0.000000 0.000000 -1.000000
    outer loop
      vertex 66.000 88.000 7.400
      vertex 64.774 87.756 7.400
      vertex 64.750 88.000 7.400
    endloop
  endfacet
  facet normal 0.000000 0.000000 1.000000
    outer loop
      vertex 66.000 88.000 8.400
      vertex 64.750 88.000 8.400
      vertex 64.774 87.756 8.400
    endloop
  endfacet
  facet normal -0.956940 -0.290285 0.000000
    outer loop
      vertex 64.774 87.756 7.400
      vertex 64.845 87.522 7.400
      vertex 64.845 87.522 8.400
    endloop
  endfacet
  facet normal -0.956940 -0.290285 0.000000
    outer loop
      vertex 64.774 87.756 7.400
      vertex 64.845 87.522 8.400
      vertex 64.774 87.756 8.400
    endloop
  endfacet
  facet normal 0.000000 0.000000 -1.000000
    outer loop
      vertex 66.000 88.000 7.400
      vertex 64.845 87.522 7.400
      vertex 64.774 87.756 7.400
    endloop
  endfacet
  facet normal 0.000000 0.000000 1.000000
    outer loop
      vertex 66.000 88.000 8.400
      vertex 64.774 87.756 8.400
      vertex 64.845 87.522 8.400
    endloop
  endfacet
  facet normal -0.881921 -0.471397 0.000000
    outer loop
      vertex 64.845 87.522 7.400
      vertex 64.961 87.306 7.400
      vertex 64.961 87.306 8.400
    endloop
  endfacet
  facet normal -0.881921 -0.471397 0.000000
    outer loop
      vertex 64.845 87.522 7.400
      vertex 64.961 87.306 8.400
      vertex 64.845 87.522 8.400
    endloop
  endfacet
  facet normal 0.000000 0.000000 -1.000000
    outer loop
      vertex 66.000 88.000 7.400
      vertex 64.961 87.306 7.400
      vertex 64.845 87.522 7.400
    endloop
  endfacet
  facet normal 0.000000 0.000000 1.000000
    outer loop
      vertex 66.000 88.000 8.400
      vertex 64.845 87.522 8.400
      vertex 64.961 87.306 8.400
    endloop
  endfacet
  facet normal -0.773010 -0.634393 0.000000
    outer loop
      vertex 64.961 87.306 7.400
      vertex 65.116 87.116 7.400
      vertex 65.116 87.116 8.400
    endloop
  endfacet
  facet normal -0.773010 -0.634393 0.000000
    outer loop
      vertex 64.961 87.306 7.400
      vertex 65.116 87.116 8.400
      vertex 64.961 87.306 8.400
    endloop
  endfacet
  facet normal 0.000000 0.000000 -1.000000
    outer loop
      vertex 66.000 88.000 7.400
      vertex 65.116 87.116 7.400
      vertex 64.961 87.306 7.400
    endloop
  endfacet
  facet normal 0.000000 0.000000 1.000000
    outer loop
      vertex 66.000 88.000 8.400
      vertex 64.961 87.306 8.400
      vertex 65.116 87.116 8.400
    endloop
  endfacet
  facet normal -0.634393 -0.773010 0.000000
    outer loop
      vertex 65.116 87.116 7.400
      vertex 65.306 86.961 7.400
      vertex 65.306 86.961 8.400
    endloop
  endfacet
  facet normal -0.634393 -0.773010 0.000000
    outer loop
      vertex 65.116 87.116 7.400
      vertex 65.306 86.961 8.400
      vertex 65.116 87.116 8.400
    endloop
  endfacet
  facet normal 0.000000 0.000000 -1.000000
    outer loop
      vertex 66.000 88.000 7.400
      vertex 65.306 86.961 7.400
      vertex 65.116 87.116 7.400
    endloop
  endfacet
  facet normal 0.000000 0.000000 1.000000
    outer loop
      vertex 66.000 88.000 8.400
      vertex 65.116 87.116 8.400
      vertex 65.306 86.961 8.400
    endloop
  endfacet
  facet normal -0.471397 -0.881921 0.000000
    outer loop
      vertex 65.306 86.961 7.400
      vertex 65.522 86.845 7.400
      vertex 65.522 86.845 8.400
    endloop
  endfacet
  facet normal -0.471397 -0.881921 0.000000
    outer loop
      vertex 65.306 86.961 7.400
      vertex 65.522 86.845 8.400
      vertex 65.306 86.961 8.400
    endloop
  endfacet
  facet normal 0.000000 0.000000 -1.000000
    outer loop
      vertex 66.000 88.000 7.400
      vertex 65.522 86.845 7.400
      vertex 65.306 86.961 7.400
    endloop
  endfacet
  facet normal 0.000000 0.000000 1.000000
    outer loop
      vertex 66.000 88.000 8.400
      vertex 65.306 86.961 8.400
      vertex 65.522 86.845 8.400
    endloop
  endfacet
  facet normal -0.290285 -0.956940 0.000000
    outer loop
      vertex 65.522 86.845 7.400
      vertex 65.756 86.774 7.400
      vertex 65.756 86.774 8.400
    endloop
  endfacet
  facet normal -0.290285 -0.956940 0.000000
    outer loop
      vertex 65.522 86.845 7.400
      vertex 65.756 86.774 8.400
      vertex 65.522 86.845 8.400
    endloop
  endfacet
  facet normal 0.000000 0.000000 -1.000000
    outer loop
      vertex 66.000 88.000 7.400
      vertex 65.756 86.774 7.400
      vertex 65.522 86.845 7.400
    endloop
  endfacet
  facet normal 0.000000 0.000000 1.000000
    outer loop
      vertex 66.000 88.000 8.400
      vertex 65.522 86.845 8.400
      vertex 65.756 86.774 8.400
    endloop
  endfacet
  facet normal -0.098017 -0.995185 0.000000
    outer loop
      vertex 65.756 86.774 7.400
      vertex 66.000 86.750 7.400
      vertex 66.000 86.750 8.400
    endloop
  endfacet
  facet normal -0.098017 -0.995185 0.000000
    outer loop
      vertex 65.756 86.774 7.400
      vertex 66.000 86.750 8.400
      vertex 65.756 86.774 8.400
    endloop
  endfacet
  facet normal 0.000000 -0.000000 -1.000000
    outer loop
      vertex 66.000 88.000 7.400
      vertex 66.000 86.750 7.400
      vertex 65.756 86.774 7.400
    endloop
  endfacet
  facet normal 0.000000 0.000000 1.000000
    outer loop
      vertex 66.000 88.000 8.400
      vertex 65.756 86.774 8.400
      vertex 66.000 86.750 8.400
    endloop
  endfacet
  facet normal 0.098017 -0.995185 0.000000
    outer loop
      vertex 66.000 86.750 7.400
      vertex 66.244 86.774 7.400
      vertex 66.244 86.774 8.400
    endloop
  endfacet
  facet normal 0.098017 -0.995185 0.000000
    outer loop
      vertex 66.000 86.750 7.400
      vertex 66.244 86.774 8.400
      vertex 66.000 86.750 8.400
    endloop
  endfacet
  facet normal 0.000000 0.000000 -1.000000
    outer loop
      vertex 66.000 88.000 7.400
      vertex 66.244 86.774 7.400
      vertex 66.000 86.750 7.400
    endloop
  endfacet
  facet normal 0.000000 0.000000 1.000000
    outer loop
      vertex 66.000 88.000 8.400
      vertex 66.000 86.750 8.400
      vertex 66.244 86.774 8.400
    endloop
  endfacet
  facet normal 0.290285 -0.956940 0.000000
    outer loop
      vertex 66.244 86.774 7.400
      vertex 66.478 86.845 7.400
      vertex 66.478 86.845 8.400
    endloop
  endfacet
  facet normal 0.290285 -0.956940 0.000000
    outer loop
      vertex 66.244 86.774 7.400
      vertex 66.478 86.845 8.400
      vertex 66.244 86.774 8.400
    endloop
  endfacet
  facet normal 0.000000 0.000000 -1.000000
    outer loop
      vertex 66.000 88.000 7.400
      vertex 66.478 86.845 7.400
      vertex 66.244 86.774 7.400
    endloop
  endfacet
  facet normal 0.000000 0.000000 1.000000
    outer loop
      vertex 66.000 88.000 8.400
      vertex 66.244 86.774 8.400
      vertex 66.478 86.845 8.400
    endloop
  endfacet
  facet normal 0.471397 -0.881921 0.000000
    outer loop
      vertex 66.478 86.845 7.400
      vertex 66.694 86.961 7.400
      vertex 66.694 86.961 8.400
    endloop
  endfacet
  facet normal 0.471397 -0.881921 0.000000
    outer loop
      vertex 66.478 86.845 7.400
      vertex 66.694 86.961 8.400
      vertex 66.478 86.845 8.400
    endloop
  endfacet
  facet normal 0.000000 0.000000 -1.000000
    outer loop
      vertex 66.000 88.000 7.400
      vertex 66.694 86.961 7.400
      vertex 66.478 86.845 7.400
    endloop
  endfacet
  facet normal 0.000000 0.000000 1.000000
    outer loop
      vertex 66.000 88.000 8.400
      vertex 66.478 86.845 8.400
      vertex 66.694 86.961 8.400
    endloop
  endfacet
  facet normal 0.634393 -0.773010 0.000000
    outer loop
      vertex 66.694 86.961 7.400
      vertex 66.884 87.116 7.400
      vertex 66.884 87.116 8.400
    endloop
  endfacet
  facet normal 0.634393 -0.773010 0.000000
    outer loop
      vertex 66.694 86.961 7.400
      vertex 66.884 87.116 8.400
      vertex 66.694 86.961 8.400
    endloop
  endfacet
  facet normal 0.000000 0.000000 -1.000000
    outer loop
      vertex 66.000 88.000 7.400
      vertex 66.884 87.116 7.400
      vertex 66.694 86.961 7.400
    endloop
  endfacet
  facet normal 0.000000 0.000000 1.000000
    outer loop
      vertex 66.000 88.000 8.400
      vertex 66.694 86.961 8.400
      vertex 66.884 87.116 8.400
    endloop
  endfacet
  facet normal 0.773010 -0.634393 0.000000
    outer loop
      vertex 66.884 87.116 7.400
      vertex 67.039 87.306 7.400
      vertex 67.039 87.306 8.400
    endloop
  endfacet
  facet normal 0.773010 -0.634393 0.000000
    outer loop
      vertex 66.884 87.116 7.400
      vertex 67.039 87.306 8.400
      vertex 66.884 87.116 8.400
    endloop
  endfacet
  facet normal 0.000000 0.000000 -1.000000
    outer loop
      vertex 66.000 88.000 7.400
      vertex 67.039 87.306 7.400
      vertex 66.884 87.116 7.400
    endloop
  endfacet
  facet normal 0.000000 0.000000 1.000000
    outer loop
      vertex 66.000 88.000 8.400
      vertex 66.884 87.116 8.400
      vertex 67.039 87.306 8.400
    endloop
  endfacet
  facet normal 0.881921 -0.471397 0.000000
    outer loop
      vertex 67.039 87.306 7.400
      vertex 67.155 87.522 7.400
      vertex 67.155 87.522 8.400
    endloop
  endfacet
  facet normal 0.881921 -0.471397 0.000000
    outer loop
      vertex 67.039 87.306 7.400
      vertex 67.155 87.522 8.400
      vertex 67.039 87.306 8.400
    endloop
  endfacet
  facet normal 0.000000 0.000000 -1.000000
    outer loop
      vertex 66.000 88.000 7.400
      vertex 67.155 87.522 7.400
      vertex 67.039 87.306 7.400
    endloop
  endfacet
  facet normal 0.000000 0.000000 1.000000
    outer loop
      vertex 66.000 88.000 8.400
      vertex 67.039 87.306 8.400
      vertex 67.155 87.522 8.400
    endloop
  endfacet
  facet normal 0.956940 -0.290285 0.000000
    outer loop
      vertex 67.155 87.522 7.400
      vertex 67.226 87.756 7.400
      vertex 67.226 87.756 8.400
    endloop
  endfacet
  facet normal 0.956940 -0.290285 0.000000
    outer loop
      vertex 67.155 87.522 7.400
      vertex 67.226 87.756 8.400
      vertex 67.155 87.522 8.400
    endloop
  endfacet
  facet normal 0.000000 0.000000 -1.000000
    outer loop
      vertex 66.000 88.000 7.400
      vertex 67.226 87.756 7.400
      vertex 67.155 87.522 7.400
    endloop
  endfacet
  facet normal 0.000000 0.000000 1.000000
    outer loop
      vertex 66.000 88.000 8.400
      vertex 67.155 87.522 8.400
      vertex 67.226 87.756 8.400
    endloop
  endfacet
  facet normal 0.995185 -0.098017 0.000000
    outer loop
      vertex 67.226 87.756 7.400
      vertex 67.250 88.000 7.400
      vertex 67.250 88.000 8.400
    endloop
  endfacet
  facet normal 0.995185 -0.098017 0.000000
    outer loop
      vertex 67.226 87.756 7.400
      vertex 67.250 88.000 8.400
      vertex 67.226 87.756 8.400
    endloop
  endfacet
  facet normal 0.000000 0.000000 -1.000000
    outer loop
      vertex 66.000 88.000 7.400
      vertex 67.250 88.000 7.400
      vertex 67.226 87.756 7.400
    endloop
  endfacet
  facet normal -0.000000 0.000000 1.000000
    outer loop
      vertex 66.000 88.000 8.400
      vertex 67.226 87.756 8.400
      vertex 67.250 88.000 8.400
    endloop
  endfacet
  facet normal 0.000000 0.000000 -1.000000
    outer loop
      vertex 8.000 42.000 2.400
      vertex 8.000 64.000 2.400
      vertex 13.000 64.000 2.400
    endloop
  endfacet
  facet normal 0.000000 0.000000 -1.000000
    outer loop
      vertex 8.000 42.000 2.400
      vertex 13.000 64.000 2.400
      vertex 13.000 42.000 2.400
    endloop
  endfacet
  facet normal 0.000000 0.000000 1.000000
    outer loop
      vertex 8.000 42.000 6.400
      vertex 13.000 42.000 6.400
      vertex 13.000 64.000 6.400
    endloop
  endfacet
  facet normal 0.000000 0.000000 1.000000
    outer loop
      vertex 8.000 42.000 6.400
      vertex 13.000 64.000 6.400
      vertex 8.000 64.000 6.400
    endloop
  endfacet
  facet normal 0.000000 -1.000000 0.000000
    outer loop
      vertex 8.000 42.000 2.400
      vertex 13.000 42.000 2.400
      vertex 13.000 42.000 6.400
    endloop
  endfacet
  facet normal 0.000000 -1.000000 0.000000
    outer loop
      vertex 8.000 42.000 2.400
      vertex 13.000 42.000 6.400
      vertex 8.000 42.000 6.400
    endloop
  endfacet
  facet normal 1.000000 0.000000 0.000000
    outer loop
      vertex 13.000 42.000 2.400
      vertex 13.000 64.000 2.400
      vertex 13.000 64.000 6.400
    endloop
  endfacet
  facet normal 1.000000 0.000000 0.000000
    outer loop
      vertex 13.000 42.000 2.400
      vertex 13.000 64.000 6.400
      vertex 13.000 42.000 6.400
    endloop
  endfacet
  facet normal 0.000000 1.000000 0.000000
    outer loop
      vertex 13.000 64.000 2.400
      vertex 8.000 64.000 2.400
      vertex 8.000 64.000 6.400
    endloop
  endfacet
  facet normal 0.000000 1.000000 0.000000
    outer loop
      vertex 13.000 64.000 2.400
      vertex 8.000 64.000 6.400
      vertex 13.000 64.000 6.400
    endloop
  endfacet
  facet normal -1.000000 0.000000 0.000000
    outer loop
      vertex 8.000 64.000 2.400
      vertex 8.000 42.000 2.400
      vertex 8.000 42.000 6.400
    endloop
  endfacet
  facet normal -1.000000 0.000000 0.000000
    outer loop
      vertex 8.000 64.000 2.400
      vertex 8.000 42.000 6.400
      vertex 8.000 64.000 6.400
    endloop
  endfacet
  facet normal 0.000000 0.000000 -1.000000
    outer loop
      vertex 72.000 42.000 2.400
      vertex 72.000 64.000 2.400
      vertex 77.000 64.000 2.400
    endloop
  endfacet
  facet normal 0.000000 0.000000 -1.000000
    outer loop
      vertex 72.000 42.000 2.400
      vertex 77.000 64.000 2.400
      vertex 77.000 42.000 2.400
    endloop
  endfacet
  facet normal 0.000000 0.000000 1.000000
    outer loop
      vertex 72.000 42.000 6.400
      vertex 77.000 42.000 6.400
      vertex 77.000 64.000 6.400
    endloop
  endfacet
  facet normal 0.000000 0.000000 1.000000
    outer loop
      vertex 72.000 42.000 6.400
      vertex 77.000 64.000 6.400
      vertex 72.000 64.000 6.400
    endloop
  endfacet
  facet normal 0.000000 -1.000000 0.000000
    outer loop
      vertex 72.000 42.000 2.400
      vertex 77.000 42.000 2.400
      vertex 77.000 42.000 6.400
    endloop
  endfacet
  facet normal 0.000000 -1.000000 0.000000
    outer loop
      vertex 72.000 42.000 2.400
      vertex 77.000 42.000 6.400
      vertex 72.000 42.000 6.400
    endloop
  endfacet
  facet normal 1.000000 0.000000 0.000000
    outer loop
      vertex 77.000 42.000 2.400
      vertex 77.000 64.000 2.400
      vertex 77.000 64.000 6.400
    endloop
  endfacet
  facet normal 1.000000 0.000000 0.000000
    outer loop
      vertex 77.000 42.000 2.400
      vertex 77.000 64.000 6.400
      vertex 77.000 42.000 6.400
    endloop
  endfacet
  facet normal 0.000000 1.000000 0.000000
    outer loop
      vertex 77.000 64.000 2.400
      vertex 72.000 64.000 2.400
      vertex 72.000 64.000 6.400
    endloop
  endfacet
  facet normal 0.000000 1.000000 0.000000
    outer loop
      vertex 77.000 64.000 2.400
      vertex 72.000 64.000 6.400
      vertex 77.000 64.000 6.400
    endloop
  endfacet
  facet normal -1.000000 0.000000 0.000000
    outer loop
      vertex 72.000 64.000 2.400
      vertex 72.000 42.000 2.400
      vertex 72.000 42.000 6.400
    endloop
  endfacet
  facet normal -1.000000 0.000000 0.000000
    outer loop
      vertex 72.000 64.000 2.400
      vertex 72.000 42.000 6.400
      vertex 72.000 64.000 6.400
    endloop
  endfacet
  facet normal 0.995185 0.098017 0.000000
    outer loop
      vertex 11.600 8.000 2.400
      vertex 11.531 8.702 2.400
      vertex 11.531 8.702 36.000
    endloop
  endfacet
  facet normal 0.995185 0.098017 -0.000000
    outer loop
      vertex 11.600 8.000 2.400
      vertex 11.531 8.702 36.000
      vertex 11.600 8.000 36.000
    endloop
  endfacet
  facet normal 0.000000 0.000000 -1.000000
    outer loop
      vertex 8.000 8.000 2.400
      vertex 11.531 8.702 2.400
      vertex 11.600 8.000 2.400
    endloop
  endfacet
  facet normal 0.000000 0.000000 1.000000
    outer loop
      vertex 8.000 8.000 36.000
      vertex 11.600 8.000 36.000
      vertex 11.531 8.702 36.000
    endloop
  endfacet
  facet normal 0.956940 0.290285 0.000000
    outer loop
      vertex 11.531 8.702 2.400
      vertex 11.326 9.378 2.400
      vertex 11.326 9.378 36.000
    endloop
  endfacet
  facet normal 0.956940 0.290285 -0.000000
    outer loop
      vertex 11.531 8.702 2.400
      vertex 11.326 9.378 36.000
      vertex 11.531 8.702 36.000
    endloop
  endfacet
  facet normal 0.000000 0.000000 -1.000000
    outer loop
      vertex 8.000 8.000 2.400
      vertex 11.326 9.378 2.400
      vertex 11.531 8.702 2.400
    endloop
  endfacet
  facet normal 0.000000 0.000000 1.000000
    outer loop
      vertex 8.000 8.000 36.000
      vertex 11.531 8.702 36.000
      vertex 11.326 9.378 36.000
    endloop
  endfacet
  facet normal 0.881921 0.471397 0.000000
    outer loop
      vertex 11.326 9.378 2.400
      vertex 10.993 10.000 2.400
      vertex 10.993 10.000 36.000
    endloop
  endfacet
  facet normal 0.881921 0.471397 -0.000000
    outer loop
      vertex 11.326 9.378 2.400
      vertex 10.993 10.000 36.000
      vertex 11.326 9.378 36.000
    endloop
  endfacet
  facet normal 0.000000 0.000000 -1.000000
    outer loop
      vertex 8.000 8.000 2.400
      vertex 10.993 10.000 2.400
      vertex 11.326 9.378 2.400
    endloop
  endfacet
  facet normal 0.000000 0.000000 1.000000
    outer loop
      vertex 8.000 8.000 36.000
      vertex 11.326 9.378 36.000
      vertex 10.993 10.000 36.000
    endloop
  endfacet
  facet normal 0.773010 0.634393 0.000000
    outer loop
      vertex 10.993 10.000 2.400
      vertex 10.546 10.546 2.400
      vertex 10.546 10.546 36.000
    endloop
  endfacet
  facet normal 0.773010 0.634393 -0.000000
    outer loop
      vertex 10.993 10.000 2.400
      vertex 10.546 10.546 36.000
      vertex 10.993 10.000 36.000
    endloop
  endfacet
  facet normal 0.000000 0.000000 -1.000000
    outer loop
      vertex 8.000 8.000 2.400
      vertex 10.546 10.546 2.400
      vertex 10.993 10.000 2.400
    endloop
  endfacet
  facet normal 0.000000 0.000000 1.000000
    outer loop
      vertex 8.000 8.000 36.000
      vertex 10.993 10.000 36.000
      vertex 10.546 10.546 36.000
    endloop
  endfacet
  facet normal 0.634393 0.773010 0.000000
    outer loop
      vertex 10.546 10.546 2.400
      vertex 10.000 10.993 2.400
      vertex 10.000 10.993 36.000
    endloop
  endfacet
  facet normal 0.634393 0.773010 -0.000000
    outer loop
      vertex 10.546 10.546 2.400
      vertex 10.000 10.993 36.000
      vertex 10.546 10.546 36.000
    endloop
  endfacet
  facet normal 0.000000 0.000000 -1.000000
    outer loop
      vertex 8.000 8.000 2.400
      vertex 10.000 10.993 2.400
      vertex 10.546 10.546 2.400
    endloop
  endfacet
  facet normal 0.000000 0.000000 1.000000
    outer loop
      vertex 8.000 8.000 36.000
      vertex 10.546 10.546 36.000
      vertex 10.000 10.993 36.000
    endloop
  endfacet
  facet normal 0.471397 0.881921 0.000000
    outer loop
      vertex 10.000 10.993 2.400
      vertex 9.378 11.326 2.400
      vertex 9.378 11.326 36.000
    endloop
  endfacet
  facet normal 0.471397 0.881921 -0.000000
    outer loop
      vertex 10.000 10.993 2.400
      vertex 9.378 11.326 36.000
      vertex 10.000 10.993 36.000
    endloop
  endfacet
  facet normal 0.000000 0.000000 -1.000000
    outer loop
      vertex 8.000 8.000 2.400
      vertex 9.378 11.326 2.400
      vertex 10.000 10.993 2.400
    endloop
  endfacet
  facet normal 0.000000 0.000000 1.000000
    outer loop
      vertex 8.000 8.000 36.000
      vertex 10.000 10.993 36.000
      vertex 9.378 11.326 36.000
    endloop
  endfacet
  facet normal 0.290285 0.956940 0.000000
    outer loop
      vertex 9.378 11.326 2.400
      vertex 8.702 11.531 2.400
      vertex 8.702 11.531 36.000
    endloop
  endfacet
  facet normal 0.290285 0.956940 -0.000000
    outer loop
      vertex 9.378 11.326 2.400
      vertex 8.702 11.531 36.000
      vertex 9.378 11.326 36.000
    endloop
  endfacet
  facet normal 0.000000 0.000000 -1.000000
    outer loop
      vertex 8.000 8.000 2.400
      vertex 8.702 11.531 2.400
      vertex 9.378 11.326 2.400
    endloop
  endfacet
  facet normal 0.000000 0.000000 1.000000
    outer loop
      vertex 8.000 8.000 36.000
      vertex 9.378 11.326 36.000
      vertex 8.702 11.531 36.000
    endloop
  endfacet
  facet normal 0.098017 0.995185 0.000000
    outer loop
      vertex 8.702 11.531 2.400
      vertex 8.000 11.600 2.400
      vertex 8.000 11.600 36.000
    endloop
  endfacet
  facet normal 0.098017 0.995185 -0.000000
    outer loop
      vertex 8.702 11.531 2.400
      vertex 8.000 11.600 36.000
      vertex 8.702 11.531 36.000
    endloop
  endfacet
  facet normal 0.000000 0.000000 -1.000000
    outer loop
      vertex 8.000 8.000 2.400
      vertex 8.000 11.600 2.400
      vertex 8.702 11.531 2.400
    endloop
  endfacet
  facet normal 0.000000 0.000000 1.000000
    outer loop
      vertex 8.000 8.000 36.000
      vertex 8.702 11.531 36.000
      vertex 8.000 11.600 36.000
    endloop
  endfacet
  facet normal -0.098017 0.995185 0.000000
    outer loop
      vertex 8.000 11.600 2.400
      vertex 7.298 11.531 2.400
      vertex 7.298 11.531 36.000
    endloop
  endfacet
  facet normal -0.098017 0.995185 0.000000
    outer loop
      vertex 8.000 11.600 2.400
      vertex 7.298 11.531 36.000
      vertex 8.000 11.600 36.000
    endloop
  endfacet
  facet normal 0.000000 0.000000 -1.000000
    outer loop
      vertex 8.000 8.000 2.400
      vertex 7.298 11.531 2.400
      vertex 8.000 11.600 2.400
    endloop
  endfacet
  facet normal 0.000000 -0.000000 1.000000
    outer loop
      vertex 8.000 8.000 36.000
      vertex 8.000 11.600 36.000
      vertex 7.298 11.531 36.000
    endloop
  endfacet
  facet normal -0.290285 0.956940 0.000000
    outer loop
      vertex 7.298 11.531 2.400
      vertex 6.622 11.326 2.400
      vertex 6.622 11.326 36.000
    endloop
  endfacet
  facet normal -0.290285 0.956940 0.000000
    outer loop
      vertex 7.298 11.531 2.400
      vertex 6.622 11.326 36.000
      vertex 7.298 11.531 36.000
    endloop
  endfacet
  facet normal 0.000000 0.000000 -1.000000
    outer loop
      vertex 8.000 8.000 2.400
      vertex 6.622 11.326 2.400
      vertex 7.298 11.531 2.400
    endloop
  endfacet
  facet normal 0.000000 0.000000 1.000000
    outer loop
      vertex 8.000 8.000 36.000
      vertex 7.298 11.531 36.000
      vertex 6.622 11.326 36.000
    endloop
  endfacet
  facet normal -0.471397 0.881921 0.000000
    outer loop
      vertex 6.622 11.326 2.400
      vertex 6.000 10.993 2.400
      vertex 6.000 10.993 36.000
    endloop
  endfacet
  facet normal -0.471397 0.881921 0.000000
    outer loop
      vertex 6.622 11.326 2.400
      vertex 6.000 10.993 36.000
      vertex 6.622 11.326 36.000
    endloop
  endfacet
  facet normal 0.000000 0.000000 -1.000000
    outer loop
      vertex 8.000 8.000 2.400
      vertex 6.000 10.993 2.400
      vertex 6.622 11.326 2.400
    endloop
  endfacet
  facet normal 0.000000 0.000000 1.000000
    outer loop
      vertex 8.000 8.000 36.000
      vertex 6.622 11.326 36.000
      vertex 6.000 10.993 36.000
    endloop
  endfacet
  facet normal -0.634393 0.773010 0.000000
    outer loop
      vertex 6.000 10.993 2.400
      vertex 5.454 10.546 2.400
      vertex 5.454 10.546 36.000
    endloop
  endfacet
  facet normal -0.634393 0.773010 0.000000
    outer loop
      vertex 6.000 10.993 2.400
      vertex 5.454 10.546 36.000
      vertex 6.000 10.993 36.000
    endloop
  endfacet
  facet normal 0.000000 0.000000 -1.000000
    outer loop
      vertex 8.000 8.000 2.400
      vertex 5.454 10.546 2.400
      vertex 6.000 10.993 2.400
    endloop
  endfacet
  facet normal 0.000000 0.000000 1.000000
    outer loop
      vertex 8.000 8.000 36.000
      vertex 6.000 10.993 36.000
      vertex 5.454 10.546 36.000
    endloop
  endfacet
  facet normal -0.773010 0.634393 0.000000
    outer loop
      vertex 5.454 10.546 2.400
      vertex 5.007 10.000 2.400
      vertex 5.007 10.000 36.000
    endloop
  endfacet
  facet normal -0.773010 0.634393 0.000000
    outer loop
      vertex 5.454 10.546 2.400
      vertex 5.007 10.000 36.000
      vertex 5.454 10.546 36.000
    endloop
  endfacet
  facet normal 0.000000 0.000000 -1.000000
    outer loop
      vertex 8.000 8.000 2.400
      vertex 5.007 10.000 2.400
      vertex 5.454 10.546 2.400
    endloop
  endfacet
  facet normal 0.000000 0.000000 1.000000
    outer loop
      vertex 8.000 8.000 36.000
      vertex 5.454 10.546 36.000
      vertex 5.007 10.000 36.000
    endloop
  endfacet
  facet normal -0.881921 0.471397 0.000000
    outer loop
      vertex 5.007 10.000 2.400
      vertex 4.674 9.378 2.400
      vertex 4.674 9.378 36.000
    endloop
  endfacet
  facet normal -0.881921 0.471397 0.000000
    outer loop
      vertex 5.007 10.000 2.400
      vertex 4.674 9.378 36.000
      vertex 5.007 10.000 36.000
    endloop
  endfacet
  facet normal 0.000000 0.000000 -1.000000
    outer loop
      vertex 8.000 8.000 2.400
      vertex 4.674 9.378 2.400
      vertex 5.007 10.000 2.400
    endloop
  endfacet
  facet normal 0.000000 0.000000 1.000000
    outer loop
      vertex 8.000 8.000 36.000
      vertex 5.007 10.000 36.000
      vertex 4.674 9.378 36.000
    endloop
  endfacet
  facet normal -0.956940 0.290285 0.000000
    outer loop
      vertex 4.674 9.378 2.400
      vertex 4.469 8.702 2.400
      vertex 4.469 8.702 36.000
    endloop
  endfacet
  facet normal -0.956940 0.290285 0.000000
    outer loop
      vertex 4.674 9.378 2.400
      vertex 4.469 8.702 36.000
      vertex 4.674 9.378 36.000
    endloop
  endfacet
  facet normal 0.000000 0.000000 -1.000000
    outer loop
      vertex 8.000 8.000 2.400
      vertex 4.469 8.702 2.400
      vertex 4.674 9.378 2.400
    endloop
  endfacet
  facet normal 0.000000 0.000000 1.000000
    outer loop
      vertex 8.000 8.000 36.000
      vertex 4.674 9.378 36.000
      vertex 4.469 8.702 36.000
    endloop
  endfacet
  facet normal -0.995185 0.098017 0.000000
    outer loop
      vertex 4.469 8.702 2.400
      vertex 4.400 8.000 2.400
      vertex 4.400 8.000 36.000
    endloop
  endfacet
  facet normal -0.995185 0.098017 0.000000
    outer loop
      vertex 4.469 8.702 2.400
      vertex 4.400 8.000 36.000
      vertex 4.469 8.702 36.000
    endloop
  endfacet
  facet normal 0.000000 0.000000 -1.000000
    outer loop
      vertex 8.000 8.000 2.400
      vertex 4.400 8.000 2.400
      vertex 4.469 8.702 2.400
    endloop
  endfacet
  facet normal 0.000000 0.000000 1.000000
    outer loop
      vertex 8.000 8.000 36.000
      vertex 4.469 8.702 36.000
      vertex 4.400 8.000 36.000
    endloop
  endfacet
  facet normal -0.995185 -0.098017 0.000000
    outer loop
      vertex 4.400 8.000 2.400
      vertex 4.469 7.298 2.400
      vertex 4.469 7.298 36.000
    endloop
  endfacet
  facet normal -0.995185 -0.098017 0.000000
    outer loop
      vertex 4.400 8.000 2.400
      vertex 4.469 7.298 36.000
      vertex 4.400 8.000 36.000
    endloop
  endfacet
  facet normal -0.000000 0.000000 -1.000000
    outer loop
      vertex 8.000 8.000 2.400
      vertex 4.469 7.298 2.400
      vertex 4.400 8.000 2.400
    endloop
  endfacet
  facet normal 0.000000 0.000000 1.000000
    outer loop
      vertex 8.000 8.000 36.000
      vertex 4.400 8.000 36.000
      vertex 4.469 7.298 36.000
    endloop
  endfacet
  facet normal -0.956940 -0.290285 0.000000
    outer loop
      vertex 4.469 7.298 2.400
      vertex 4.674 6.622 2.400
      vertex 4.674 6.622 36.000
    endloop
  endfacet
  facet normal -0.956940 -0.290285 0.000000
    outer loop
      vertex 4.469 7.298 2.400
      vertex 4.674 6.622 36.000
      vertex 4.469 7.298 36.000
    endloop
  endfacet
  facet normal 0.000000 0.000000 -1.000000
    outer loop
      vertex 8.000 8.000 2.400
      vertex 4.674 6.622 2.400
      vertex 4.469 7.298 2.400
    endloop
  endfacet
  facet normal 0.000000 0.000000 1.000000
    outer loop
      vertex 8.000 8.000 36.000
      vertex 4.469 7.298 36.000
      vertex 4.674 6.622 36.000
    endloop
  endfacet
  facet normal -0.881921 -0.471397 0.000000
    outer loop
      vertex 4.674 6.622 2.400
      vertex 5.007 6.000 2.400
      vertex 5.007 6.000 36.000
    endloop
  endfacet
  facet normal -0.881921 -0.471397 0.000000
    outer loop
      vertex 4.674 6.622 2.400
      vertex 5.007 6.000 36.000
      vertex 4.674 6.622 36.000
    endloop
  endfacet
  facet normal 0.000000 0.000000 -1.000000
    outer loop
      vertex 8.000 8.000 2.400
      vertex 5.007 6.000 2.400
      vertex 4.674 6.622 2.400
    endloop
  endfacet
  facet normal 0.000000 0.000000 1.000000
    outer loop
      vertex 8.000 8.000 36.000
      vertex 4.674 6.622 36.000
      vertex 5.007 6.000 36.000
    endloop
  endfacet
  facet normal -0.773010 -0.634393 0.000000
    outer loop
      vertex 5.007 6.000 2.400
      vertex 5.454 5.454 2.400
      vertex 5.454 5.454 36.000
    endloop
  endfacet
  facet normal -0.773010 -0.634393 0.000000
    outer loop
      vertex 5.007 6.000 2.400
      vertex 5.454 5.454 36.000
      vertex 5.007 6.000 36.000
    endloop
  endfacet
  facet normal 0.000000 0.000000 -1.000000
    outer loop
      vertex 8.000 8.000 2.400
      vertex 5.454 5.454 2.400
      vertex 5.007 6.000 2.400
    endloop
  endfacet
  facet normal 0.000000 0.000000 1.000000
    outer loop
      vertex 8.000 8.000 36.000
      vertex 5.007 6.000 36.000
      vertex 5.454 5.454 36.000
    endloop
  endfacet
  facet normal -0.634393 -0.773010 0.000000
    outer loop
      vertex 5.454 5.454 2.400
      vertex 6.000 5.007 2.400
      vertex 6.000 5.007 36.000
    endloop
  endfacet
  facet normal -0.634393 -0.773010 0.000000
    outer loop
      vertex 5.454 5.454 2.400
      vertex 6.000 5.007 36.000
      vertex 5.454 5.454 36.000
    endloop
  endfacet
  facet normal 0.000000 0.000000 -1.000000
    outer loop
      vertex 8.000 8.000 2.400
      vertex 6.000 5.007 2.400
      vertex 5.454 5.454 2.400
    endloop
  endfacet
  facet normal 0.000000 0.000000 1.000000
    outer loop
      vertex 8.000 8.000 36.000
      vertex 5.454 5.454 36.000
      vertex 6.000 5.007 36.000
    endloop
  endfacet
  facet normal -0.471397 -0.881921 0.000000
    outer loop
      vertex 6.000 5.007 2.400
      vertex 6.622 4.674 2.400
      vertex 6.622 4.674 36.000
    endloop
  endfacet
  facet normal -0.471397 -0.881921 0.000000
    outer loop
      vertex 6.000 5.007 2.400
      vertex 6.622 4.674 36.000
      vertex 6.000 5.007 36.000
    endloop
  endfacet
  facet normal 0.000000 0.000000 -1.000000
    outer loop
      vertex 8.000 8.000 2.400
      vertex 6.622 4.674 2.400
      vertex 6.000 5.007 2.400
    endloop
  endfacet
  facet normal 0.000000 0.000000 1.000000
    outer loop
      vertex 8.000 8.000 36.000
      vertex 6.000 5.007 36.000
      vertex 6.622 4.674 36.000
    endloop
  endfacet
  facet normal -0.290285 -0.956940 0.000000
    outer loop
      vertex 6.622 4.674 2.400
      vertex 7.298 4.469 2.400
      vertex 7.298 4.469 36.000
    endloop
  endfacet
  facet normal -0.290285 -0.956940 0.000000
    outer loop
      vertex 6.622 4.674 2.400
      vertex 7.298 4.469 36.000
      vertex 6.622 4.674 36.000
    endloop
  endfacet
  facet normal 0.000000 0.000000 -1.000000
    outer loop
      vertex 8.000 8.000 2.400
      vertex 7.298 4.469 2.400
      vertex 6.622 4.674 2.400
    endloop
  endfacet
  facet normal 0.000000 0.000000 1.000000
    outer loop
      vertex 8.000 8.000 36.000
      vertex 6.622 4.674 36.000
      vertex 7.298 4.469 36.000
    endloop
  endfacet
  facet normal -0.098017 -0.995185 0.000000
    outer loop
      vertex 7.298 4.469 2.400
      vertex 8.000 4.400 2.400
      vertex 8.000 4.400 36.000
    endloop
  endfacet
  facet normal -0.098017 -0.995185 0.000000
    outer loop
      vertex 7.298 4.469 2.400
      vertex 8.000 4.400 36.000
      vertex 7.298 4.469 36.000
    endloop
  endfacet
  facet normal 0.000000 0.000000 -1.000000
    outer loop
      vertex 8.000 8.000 2.400
      vertex 8.000 4.400 2.400
      vertex 7.298 4.469 2.400
    endloop
  endfacet
  facet normal 0.000000 0.000000 1.000000
    outer loop
      vertex 8.000 8.000 36.000
      vertex 7.298 4.469 36.000
      vertex 8.000 4.400 36.000
    endloop
  endfacet
  facet normal 0.098017 -0.995185 0.000000
    outer loop
      vertex 8.000 4.400 2.400
      vertex 8.702 4.469 2.400
      vertex 8.702 4.469 36.000
    endloop
  endfacet
  facet normal 0.098017 -0.995185 0.000000
    outer loop
      vertex 8.000 4.400 2.400
      vertex 8.702 4.469 36.000
      vertex 8.000 4.400 36.000
    endloop
  endfacet
  facet normal 0.000000 -0.000000 -1.000000
    outer loop
      vertex 8.000 8.000 2.400
      vertex 8.702 4.469 2.400
      vertex 8.000 4.400 2.400
    endloop
  endfacet
  facet normal 0.000000 0.000000 1.000000
    outer loop
      vertex 8.000 8.000 36.000
      vertex 8.000 4.400 36.000
      vertex 8.702 4.469 36.000
    endloop
  endfacet
  facet normal 0.290285 -0.956940 0.000000
    outer loop
      vertex 8.702 4.469 2.400
      vertex 9.378 4.674 2.400
      vertex 9.378 4.674 36.000
    endloop
  endfacet
  facet normal 0.290285 -0.956940 0.000000
    outer loop
      vertex 8.702 4.469 2.400
      vertex 9.378 4.674 36.000
      vertex 8.702 4.469 36.000
    endloop
  endfacet
  facet normal 0.000000 0.000000 -1.000000
    outer loop
      vertex 8.000 8.000 2.400
      vertex 9.378 4.674 2.400
      vertex 8.702 4.469 2.400
    endloop
  endfacet
  facet normal 0.000000 0.000000 1.000000
    outer loop
      vertex 8.000 8.000 36.000
      vertex 8.702 4.469 36.000
      vertex 9.378 4.674 36.000
    endloop
  endfacet
  facet normal 0.471397 -0.881921 0.000000
    outer loop
      vertex 9.378 4.674 2.400
      vertex 10.000 5.007 2.400
      vertex 10.000 5.007 36.000
    endloop
  endfacet
  facet normal 0.471397 -0.881921 0.000000
    outer loop
      vertex 9.378 4.674 2.400
      vertex 10.000 5.007 36.000
      vertex 9.378 4.674 36.000
    endloop
  endfacet
  facet normal 0.000000 0.000000 -1.000000
    outer loop
      vertex 8.000 8.000 2.400
      vertex 10.000 5.007 2.400
      vertex 9.378 4.674 2.400
    endloop
  endfacet
  facet normal 0.000000 0.000000 1.000000
    outer loop
      vertex 8.000 8.000 36.000
      vertex 9.378 4.674 36.000
      vertex 10.000 5.007 36.000
    endloop
  endfacet
  facet normal 0.634393 -0.773010 0.000000
    outer loop
      vertex 10.000 5.007 2.400
      vertex 10.546 5.454 2.400
      vertex 10.546 5.454 36.000
    endloop
  endfacet
  facet normal 0.634393 -0.773010 0.000000
    outer loop
      vertex 10.000 5.007 2.400
      vertex 10.546 5.454 36.000
      vertex 10.000 5.007 36.000
    endloop
  endfacet
  facet normal 0.000000 0.000000 -1.000000
    outer loop
      vertex 8.000 8.000 2.400
      vertex 10.546 5.454 2.400
      vertex 10.000 5.007 2.400
    endloop
  endfacet
  facet normal 0.000000 0.000000 1.000000
    outer loop
      vertex 8.000 8.000 36.000
      vertex 10.000 5.007 36.000
      vertex 10.546 5.454 36.000
    endloop
  endfacet
  facet normal 0.773010 -0.634393 0.000000
    outer loop
      vertex 10.546 5.454 2.400
      vertex 10.993 6.000 2.400
      vertex 10.993 6.000 36.000
    endloop
  endfacet
  facet normal 0.773010 -0.634393 0.000000
    outer loop
      vertex 10.546 5.454 2.400
      vertex 10.993 6.000 36.000
      vertex 10.546 5.454 36.000
    endloop
  endfacet
  facet normal 0.000000 0.000000 -1.000000
    outer loop
      vertex 8.000 8.000 2.400
      vertex 10.993 6.000 2.400
      vertex 10.546 5.454 2.400
    endloop
  endfacet
  facet normal 0.000000 0.000000 1.000000
    outer loop
      vertex 8.000 8.000 36.000
      vertex 10.546 5.454 36.000
      vertex 10.993 6.000 36.000
    endloop
  endfacet
  facet normal 0.881921 -0.471397 0.000000
    outer loop
      vertex 10.993 6.000 2.400
      vertex 11.326 6.622 2.400
      vertex 11.326 6.622 36.000
    endloop
  endfacet
  facet normal 0.881921 -0.471397 0.000000
    outer loop
      vertex 10.993 6.000 2.400
      vertex 11.326 6.622 36.000
      vertex 10.993 6.000 36.000
    endloop
  endfacet
  facet normal 0.000000 0.000000 -1.000000
    outer loop
      vertex 8.000 8.000 2.400
      vertex 11.326 6.622 2.400
      vertex 10.993 6.000 2.400
    endloop
  endfacet
  facet normal 0.000000 0.000000 1.000000
    outer loop
      vertex 8.000 8.000 36.000
      vertex 10.993 6.000 36.000
      vertex 11.326 6.622 36.000
    endloop
  endfacet
  facet normal 0.956940 -0.290285 0.000000
    outer loop
      vertex 11.326 6.622 2.400
      vertex 11.531 7.298 2.400
      vertex 11.531 7.298 36.000
    endloop
  endfacet
  facet normal 0.956940 -0.290285 0.000000
    outer loop
      vertex 11.326 6.622 2.400
      vertex 11.531 7.298 36.000
      vertex 11.326 6.622 36.000
    endloop
  endfacet
  facet normal 0.000000 0.000000 -1.000000
    outer loop
      vertex 8.000 8.000 2.400
      vertex 11.531 7.298 2.400
      vertex 11.326 6.622 2.400
    endloop
  endfacet
  facet normal 0.000000 0.000000 1.000000
    outer loop
      vertex 8.000 8.000 36.000
      vertex 11.326 6.622 36.000
      vertex 11.531 7.298 36.000
    endloop
  endfacet
  facet normal 0.995185 -0.098017 0.000000
    outer loop
      vertex 11.531 7.298 2.400
      vertex 11.600 8.000 2.400
      vertex 11.600 8.000 36.000
    endloop
  endfacet
  facet normal 0.995185 -0.098017 0.000000
    outer loop
      vertex 11.531 7.298 2.400
      vertex 11.600 8.000 36.000
      vertex 11.531 7.298 36.000
    endloop
  endfacet
  facet normal 0.000000 0.000000 -1.000000
    outer loop
      vertex 8.000 8.000 2.400
      vertex 11.600 8.000 2.400
      vertex 11.531 7.298 2.400
    endloop
  endfacet
  facet normal 0.000000 0.000000 1.000000
    outer loop
      vertex 8.000 8.000 36.000
      vertex 11.531 7.298 36.000
      vertex 11.600 8.000 36.000
    endloop
  endfacet
  facet normal 0.995185 0.098017 0.000000
    outer loop
      vertex 9.100 8.000 32.000
      vertex 9.079 8.215 32.000
      vertex 9.079 8.215 36.000
    endloop
  endfacet
  facet normal 0.995185 0.098017 -0.000000
    outer loop
      vertex 9.100 8.000 32.000
      vertex 9.079 8.215 36.000
      vertex 9.100 8.000 36.000
    endloop
  endfacet
  facet normal 0.000000 0.000000 -1.000000
    outer loop
      vertex 8.000 8.000 32.000
      vertex 9.079 8.215 32.000
      vertex 9.100 8.000 32.000
    endloop
  endfacet
  facet normal 0.000000 0.000000 1.000000
    outer loop
      vertex 8.000 8.000 36.000
      vertex 9.100 8.000 36.000
      vertex 9.079 8.215 36.000
    endloop
  endfacet
  facet normal 0.956940 0.290285 0.000000
    outer loop
      vertex 9.079 8.215 32.000
      vertex 9.016 8.421 32.000
      vertex 9.016 8.421 36.000
    endloop
  endfacet
  facet normal 0.956940 0.290285 -0.000000
    outer loop
      vertex 9.079 8.215 32.000
      vertex 9.016 8.421 36.000
      vertex 9.079 8.215 36.000
    endloop
  endfacet
  facet normal 0.000000 0.000000 -1.000000
    outer loop
      vertex 8.000 8.000 32.000
      vertex 9.016 8.421 32.000
      vertex 9.079 8.215 32.000
    endloop
  endfacet
  facet normal 0.000000 0.000000 1.000000
    outer loop
      vertex 8.000 8.000 36.000
      vertex 9.079 8.215 36.000
      vertex 9.016 8.421 36.000
    endloop
  endfacet
  facet normal 0.881921 0.471397 0.000000
    outer loop
      vertex 9.016 8.421 32.000
      vertex 8.915 8.611 32.000
      vertex 8.915 8.611 36.000
    endloop
  endfacet
  facet normal 0.881921 0.471397 -0.000000
    outer loop
      vertex 9.016 8.421 32.000
      vertex 8.915 8.611 36.000
      vertex 9.016 8.421 36.000
    endloop
  endfacet
  facet normal 0.000000 0.000000 -1.000000
    outer loop
      vertex 8.000 8.000 32.000
      vertex 8.915 8.611 32.000
      vertex 9.016 8.421 32.000
    endloop
  endfacet
  facet normal 0.000000 0.000000 1.000000
    outer loop
      vertex 8.000 8.000 36.000
      vertex 9.016 8.421 36.000
      vertex 8.915 8.611 36.000
    endloop
  endfacet
  facet normal 0.773010 0.634393 0.000000
    outer loop
      vertex 8.915 8.611 32.000
      vertex 8.778 8.778 32.000
      vertex 8.778 8.778 36.000
    endloop
  endfacet
  facet normal 0.773010 0.634393 -0.000000
    outer loop
      vertex 8.915 8.611 32.000
      vertex 8.778 8.778 36.000
      vertex 8.915 8.611 36.000
    endloop
  endfacet
  facet normal 0.000000 0.000000 -1.000000
    outer loop
      vertex 8.000 8.000 32.000
      vertex 8.778 8.778 32.000
      vertex 8.915 8.611 32.000
    endloop
  endfacet
  facet normal 0.000000 0.000000 1.000000
    outer loop
      vertex 8.000 8.000 36.000
      vertex 8.915 8.611 36.000
      vertex 8.778 8.778 36.000
    endloop
  endfacet
  facet normal 0.634393 0.773010 0.000000
    outer loop
      vertex 8.778 8.778 32.000
      vertex 8.611 8.915 32.000
      vertex 8.611 8.915 36.000
    endloop
  endfacet
  facet normal 0.634393 0.773010 -0.000000
    outer loop
      vertex 8.778 8.778 32.000
      vertex 8.611 8.915 36.000
      vertex 8.778 8.778 36.000
    endloop
  endfacet
  facet normal 0.000000 0.000000 -1.000000
    outer loop
      vertex 8.000 8.000 32.000
      vertex 8.611 8.915 32.000
      vertex 8.778 8.778 32.000
    endloop
  endfacet
  facet normal 0.000000 0.000000 1.000000
    outer loop
      vertex 8.000 8.000 36.000
      vertex 8.778 8.778 36.000
      vertex 8.611 8.915 36.000
    endloop
  endfacet
  facet normal 0.471397 0.881921 0.000000
    outer loop
      vertex 8.611 8.915 32.000
      vertex 8.421 9.016 32.000
      vertex 8.421 9.016 36.000
    endloop
  endfacet
  facet normal 0.471397 0.881921 -0.000000
    outer loop
      vertex 8.611 8.915 32.000
      vertex 8.421 9.016 36.000
      vertex 8.611 8.915 36.000
    endloop
  endfacet
  facet normal 0.000000 0.000000 -1.000000
    outer loop
      vertex 8.000 8.000 32.000
      vertex 8.421 9.016 32.000
      vertex 8.611 8.915 32.000
    endloop
  endfacet
  facet normal 0.000000 0.000000 1.000000
    outer loop
      vertex 8.000 8.000 36.000
      vertex 8.611 8.915 36.000
      vertex 8.421 9.016 36.000
    endloop
  endfacet
  facet normal 0.290285 0.956940 0.000000
    outer loop
      vertex 8.421 9.016 32.000
      vertex 8.215 9.079 32.000
      vertex 8.215 9.079 36.000
    endloop
  endfacet
  facet normal 0.290285 0.956940 -0.000000
    outer loop
      vertex 8.421 9.016 32.000
      vertex 8.215 9.079 36.000
      vertex 8.421 9.016 36.000
    endloop
  endfacet
  facet normal 0.000000 0.000000 -1.000000
    outer loop
      vertex 8.000 8.000 32.000
      vertex 8.215 9.079 32.000
      vertex 8.421 9.016 32.000
    endloop
  endfacet
  facet normal 0.000000 0.000000 1.000000
    outer loop
      vertex 8.000 8.000 36.000
      vertex 8.421 9.016 36.000
      vertex 8.215 9.079 36.000
    endloop
  endfacet
  facet normal 0.098017 0.995185 0.000000
    outer loop
      vertex 8.215 9.079 32.000
      vertex 8.000 9.100 32.000
      vertex 8.000 9.100 36.000
    endloop
  endfacet
  facet normal 0.098017 0.995185 -0.000000
    outer loop
      vertex 8.215 9.079 32.000
      vertex 8.000 9.100 36.000
      vertex 8.215 9.079 36.000
    endloop
  endfacet
  facet normal 0.000000 0.000000 -1.000000
    outer loop
      vertex 8.000 8.000 32.000
      vertex 8.000 9.100 32.000
      vertex 8.215 9.079 32.000
    endloop
  endfacet
  facet normal 0.000000 0.000000 1.000000
    outer loop
      vertex 8.000 8.000 36.000
      vertex 8.215 9.079 36.000
      vertex 8.000 9.100 36.000
    endloop
  endfacet
  facet normal -0.098017 0.995185 0.000000
    outer loop
      vertex 8.000 9.100 32.000
      vertex 7.785 9.079 32.000
      vertex 7.785 9.079 36.000
    endloop
  endfacet
  facet normal -0.098017 0.995185 0.000000
    outer loop
      vertex 8.000 9.100 32.000
      vertex 7.785 9.079 36.000
      vertex 8.000 9.100 36.000
    endloop
  endfacet
  facet normal 0.000000 0.000000 -1.000000
    outer loop
      vertex 8.000 8.000 32.000
      vertex 7.785 9.079 32.000
      vertex 8.000 9.100 32.000
    endloop
  endfacet
  facet normal 0.000000 -0.000000 1.000000
    outer loop
      vertex 8.000 8.000 36.000
      vertex 8.000 9.100 36.000
      vertex 7.785 9.079 36.000
    endloop
  endfacet
  facet normal -0.290285 0.956940 0.000000
    outer loop
      vertex 7.785 9.079 32.000
      vertex 7.579 9.016 32.000
      vertex 7.579 9.016 36.000
    endloop
  endfacet
  facet normal -0.290285 0.956940 0.000000
    outer loop
      vertex 7.785 9.079 32.000
      vertex 7.579 9.016 36.000
      vertex 7.785 9.079 36.000
    endloop
  endfacet
  facet normal 0.000000 0.000000 -1.000000
    outer loop
      vertex 8.000 8.000 32.000
      vertex 7.579 9.016 32.000
      vertex 7.785 9.079 32.000
    endloop
  endfacet
  facet normal 0.000000 0.000000 1.000000
    outer loop
      vertex 8.000 8.000 36.000
      vertex 7.785 9.079 36.000
      vertex 7.579 9.016 36.000
    endloop
  endfacet
  facet normal -0.471397 0.881921 0.000000
    outer loop
      vertex 7.579 9.016 32.000
      vertex 7.389 8.915 32.000
      vertex 7.389 8.915 36.000
    endloop
  endfacet
  facet normal -0.471397 0.881921 0.000000
    outer loop
      vertex 7.579 9.016 32.000
      vertex 7.389 8.915 36.000
      vertex 7.579 9.016 36.000
    endloop
  endfacet
  facet normal 0.000000 0.000000 -1.000000
    outer loop
      vertex 8.000 8.000 32.000
      vertex 7.389 8.915 32.000
      vertex 7.579 9.016 32.000
    endloop
  endfacet
  facet normal 0.000000 0.000000 1.000000
    outer loop
      vertex 8.000 8.000 36.000
      vertex 7.579 9.016 36.000
      vertex 7.389 8.915 36.000
    endloop
  endfacet
  facet normal -0.634393 0.773010 0.000000
    outer loop
      vertex 7.389 8.915 32.000
      vertex 7.222 8.778 32.000
      vertex 7.222 8.778 36.000
    endloop
  endfacet
  facet normal -0.634393 0.773010 0.000000
    outer loop
      vertex 7.389 8.915 32.000
      vertex 7.222 8.778 36.000
      vertex 7.389 8.915 36.000
    endloop
  endfacet
  facet normal 0.000000 0.000000 -1.000000
    outer loop
      vertex 8.000 8.000 32.000
      vertex 7.222 8.778 32.000
      vertex 7.389 8.915 32.000
    endloop
  endfacet
  facet normal 0.000000 0.000000 1.000000
    outer loop
      vertex 8.000 8.000 36.000
      vertex 7.389 8.915 36.000
      vertex 7.222 8.778 36.000
    endloop
  endfacet
  facet normal -0.773010 0.634393 0.000000
    outer loop
      vertex 7.222 8.778 32.000
      vertex 7.085 8.611 32.000
      vertex 7.085 8.611 36.000
    endloop
  endfacet
  facet normal -0.773010 0.634393 0.000000
    outer loop
      vertex 7.222 8.778 32.000
      vertex 7.085 8.611 36.000
      vertex 7.222 8.778 36.000
    endloop
  endfacet
  facet normal 0.000000 0.000000 -1.000000
    outer loop
      vertex 8.000 8.000 32.000
      vertex 7.085 8.611 32.000
      vertex 7.222 8.778 32.000
    endloop
  endfacet
  facet normal 0.000000 0.000000 1.000000
    outer loop
      vertex 8.000 8.000 36.000
      vertex 7.222 8.778 36.000
      vertex 7.085 8.611 36.000
    endloop
  endfacet
  facet normal -0.881921 0.471397 0.000000
    outer loop
      vertex 7.085 8.611 32.000
      vertex 6.984 8.421 32.000
      vertex 6.984 8.421 36.000
    endloop
  endfacet
  facet normal -0.881921 0.471397 0.000000
    outer loop
      vertex 7.085 8.611 32.000
      vertex 6.984 8.421 36.000
      vertex 7.085 8.611 36.000
    endloop
  endfacet
  facet normal 0.000000 0.000000 -1.000000
    outer loop
      vertex 8.000 8.000 32.000
      vertex 6.984 8.421 32.000
      vertex 7.085 8.611 32.000
    endloop
  endfacet
  facet normal 0.000000 0.000000 1.000000
    outer loop
      vertex 8.000 8.000 36.000
      vertex 7.085 8.611 36.000
      vertex 6.984 8.421 36.000
    endloop
  endfacet
  facet normal -0.956940 0.290285 0.000000
    outer loop
      vertex 6.984 8.421 32.000
      vertex 6.921 8.215 32.000
      vertex 6.921 8.215 36.000
    endloop
  endfacet
  facet normal -0.956940 0.290285 0.000000
    outer loop
      vertex 6.984 8.421 32.000
      vertex 6.921 8.215 36.000
      vertex 6.984 8.421 36.000
    endloop
  endfacet
  facet normal 0.000000 0.000000 -1.000000
    outer loop
      vertex 8.000 8.000 32.000
      vertex 6.921 8.215 32.000
      vertex 6.984 8.421 32.000
    endloop
  endfacet
  facet normal 0.000000 0.000000 1.000000
    outer loop
      vertex 8.000 8.000 36.000
      vertex 6.984 8.421 36.000
      vertex 6.921 8.215 36.000
    endloop
  endfacet
  facet normal -0.995185 0.098017 0.000000
    outer loop
      vertex 6.921 8.215 32.000
      vertex 6.900 8.000 32.000
      vertex 6.900 8.000 36.000
    endloop
  endfacet
  facet normal -0.995185 0.098017 0.000000
    outer loop
      vertex 6.921 8.215 32.000
      vertex 6.900 8.000 36.000
      vertex 6.921 8.215 36.000
    endloop
  endfacet
  facet normal 0.000000 0.000000 -1.000000
    outer loop
      vertex 8.000 8.000 32.000
      vertex 6.900 8.000 32.000
      vertex 6.921 8.215 32.000
    endloop
  endfacet
  facet normal 0.000000 0.000000 1.000000
    outer loop
      vertex 8.000 8.000 36.000
      vertex 6.921 8.215 36.000
      vertex 6.900 8.000 36.000
    endloop
  endfacet
  facet normal -0.995185 -0.098017 0.000000
    outer loop
      vertex 6.900 8.000 32.000
      vertex 6.921 7.785 32.000
      vertex 6.921 7.785 36.000
    endloop
  endfacet
  facet normal -0.995185 -0.098017 0.000000
    outer loop
      vertex 6.900 8.000 32.000
      vertex 6.921 7.785 36.000
      vertex 6.900 8.000 36.000
    endloop
  endfacet
  facet normal -0.000000 0.000000 -1.000000
    outer loop
      vertex 8.000 8.000 32.000
      vertex 6.921 7.785 32.000
      vertex 6.900 8.000 32.000
    endloop
  endfacet
  facet normal 0.000000 0.000000 1.000000
    outer loop
      vertex 8.000 8.000 36.000
      vertex 6.900 8.000 36.000
      vertex 6.921 7.785 36.000
    endloop
  endfacet
  facet normal -0.956940 -0.290285 0.000000
    outer loop
      vertex 6.921 7.785 32.000
      vertex 6.984 7.579 32.000
      vertex 6.984 7.579 36.000
    endloop
  endfacet
  facet normal -0.956940 -0.290285 0.000000
    outer loop
      vertex 6.921 7.785 32.000
      vertex 6.984 7.579 36.000
      vertex 6.921 7.785 36.000
    endloop
  endfacet
  facet normal 0.000000 0.000000 -1.000000
    outer loop
      vertex 8.000 8.000 32.000
      vertex 6.984 7.579 32.000
      vertex 6.921 7.785 32.000
    endloop
  endfacet
  facet normal 0.000000 0.000000 1.000000
    outer loop
      vertex 8.000 8.000 36.000
      vertex 6.921 7.785 36.000
      vertex 6.984 7.579 36.000
    endloop
  endfacet
  facet normal -0.881921 -0.471397 0.000000
    outer loop
      vertex 6.984 7.579 32.000
      vertex 7.085 7.389 32.000
      vertex 7.085 7.389 36.000
    endloop
  endfacet
  facet normal -0.881921 -0.471397 0.000000
    outer loop
      vertex 6.984 7.579 32.000
      vertex 7.085 7.389 36.000
      vertex 6.984 7.579 36.000
    endloop
  endfacet
  facet normal 0.000000 0.000000 -1.000000
    outer loop
      vertex 8.000 8.000 32.000
      vertex 7.085 7.389 32.000
      vertex 6.984 7.579 32.000
    endloop
  endfacet
  facet normal 0.000000 0.000000 1.000000
    outer loop
      vertex 8.000 8.000 36.000
      vertex 6.984 7.579 36.000
      vertex 7.085 7.389 36.000
    endloop
  endfacet
  facet normal -0.773010 -0.634393 0.000000
    outer loop
      vertex 7.085 7.389 32.000
      vertex 7.222 7.222 32.000
      vertex 7.222 7.222 36.000
    endloop
  endfacet
  facet normal -0.773010 -0.634393 0.000000
    outer loop
      vertex 7.085 7.389 32.000
      vertex 7.222 7.222 36.000
      vertex 7.085 7.389 36.000
    endloop
  endfacet
  facet normal 0.000000 0.000000 -1.000000
    outer loop
      vertex 8.000 8.000 32.000
      vertex 7.222 7.222 32.000
      vertex 7.085 7.389 32.000
    endloop
  endfacet
  facet normal 0.000000 0.000000 1.000000
    outer loop
      vertex 8.000 8.000 36.000
      vertex 7.085 7.389 36.000
      vertex 7.222 7.222 36.000
    endloop
  endfacet
  facet normal -0.634393 -0.773010 0.000000
    outer loop
      vertex 7.222 7.222 32.000
      vertex 7.389 7.085 32.000
      vertex 7.389 7.085 36.000
    endloop
  endfacet
  facet normal -0.634393 -0.773010 0.000000
    outer loop
      vertex 7.222 7.222 32.000
      vertex 7.389 7.085 36.000
      vertex 7.222 7.222 36.000
    endloop
  endfacet
  facet normal 0.000000 0.000000 -1.000000
    outer loop
      vertex 8.000 8.000 32.000
      vertex 7.389 7.085 32.000
      vertex 7.222 7.222 32.000
    endloop
  endfacet
  facet normal 0.000000 0.000000 1.000000
    outer loop
      vertex 8.000 8.000 36.000
      vertex 7.222 7.222 36.000
      vertex 7.389 7.085 36.000
    endloop
  endfacet
  facet normal -0.471397 -0.881921 0.000000
    outer loop
      vertex 7.389 7.085 32.000
      vertex 7.579 6.984 32.000
      vertex 7.579 6.984 36.000
    endloop
  endfacet
  facet normal -0.471397 -0.881921 0.000000
    outer loop
      vertex 7.389 7.085 32.000
      vertex 7.579 6.984 36.000
      vertex 7.389 7.085 36.000
    endloop
  endfacet
  facet normal 0.000000 0.000000 -1.000000
    outer loop
      vertex 8.000 8.000 32.000
      vertex 7.579 6.984 32.000
      vertex 7.389 7.085 32.000
    endloop
  endfacet
  facet normal 0.000000 0.000000 1.000000
    outer loop
      vertex 8.000 8.000 36.000
      vertex 7.389 7.085 36.000
      vertex 7.579 6.984 36.000
    endloop
  endfacet
  facet normal -0.290285 -0.956940 0.000000
    outer loop
      vertex 7.579 6.984 32.000
      vertex 7.785 6.921 32.000
      vertex 7.785 6.921 36.000
    endloop
  endfacet
  facet normal -0.290285 -0.956940 0.000000
    outer loop
      vertex 7.579 6.984 32.000
      vertex 7.785 6.921 36.000
      vertex 7.579 6.984 36.000
    endloop
  endfacet
  facet normal 0.000000 0.000000 -1.000000
    outer loop
      vertex 8.000 8.000 32.000
      vertex 7.785 6.921 32.000
      vertex 7.579 6.984 32.000
    endloop
  endfacet
  facet normal 0.000000 0.000000 1.000000
    outer loop
      vertex 8.000 8.000 36.000
      vertex 7.579 6.984 36.000
      vertex 7.785 6.921 36.000
    endloop
  endfacet
  facet normal -0.098017 -0.995185 0.000000
    outer loop
      vertex 7.785 6.921 32.000
      vertex 8.000 6.900 32.000
      vertex 8.000 6.900 36.000
    endloop
  endfacet
  facet normal -0.098017 -0.995185 0.000000
    outer loop
      vertex 7.785 6.921 32.000
      vertex 8.000 6.900 36.000
      vertex 7.785 6.921 36.000
    endloop
  endfacet
  facet normal 0.000000 -0.000000 -1.000000
    outer loop
      vertex 8.000 8.000 32.000
      vertex 8.000 6.900 32.000
      vertex 7.785 6.921 32.000
    endloop
  endfacet
  facet normal 0.000000 0.000000 1.000000
    outer loop
      vertex 8.000 8.000 36.000
      vertex 7.785 6.921 36.000
      vertex 8.000 6.900 36.000
    endloop
  endfacet
  facet normal 0.098017 -0.995185 0.000000
    outer loop
      vertex 8.000 6.900 32.000
      vertex 8.215 6.921 32.000
      vertex 8.215 6.921 36.000
    endloop
  endfacet
  facet normal 0.098017 -0.995185 0.000000
    outer loop
      vertex 8.000 6.900 32.000
      vertex 8.215 6.921 36.000
      vertex 8.000 6.900 36.000
    endloop
  endfacet
  facet normal 0.000000 0.000000 -1.000000
    outer loop
      vertex 8.000 8.000 32.000
      vertex 8.215 6.921 32.000
      vertex 8.000 6.900 32.000
    endloop
  endfacet
  facet normal 0.000000 0.000000 1.000000
    outer loop
      vertex 8.000 8.000 36.000
      vertex 8.000 6.900 36.000
      vertex 8.215 6.921 36.000
    endloop
  endfacet
  facet normal 0.290285 -0.956940 0.000000
    outer loop
      vertex 8.215 6.921 32.000
      vertex 8.421 6.984 32.000
      vertex 8.421 6.984 36.000
    endloop
  endfacet
  facet normal 0.290285 -0.956940 0.000000
    outer loop
      vertex 8.215 6.921 32.000
      vertex 8.421 6.984 36.000
      vertex 8.215 6.921 36.000
    endloop
  endfacet
  facet normal 0.000000 0.000000 -1.000000
    outer loop
      vertex 8.000 8.000 32.000
      vertex 8.421 6.984 32.000
      vertex 8.215 6.921 32.000
    endloop
  endfacet
  facet normal 0.000000 0.000000 1.000000
    outer loop
      vertex 8.000 8.000 36.000
      vertex 8.215 6.921 36.000
      vertex 8.421 6.984 36.000
    endloop
  endfacet
  facet normal 0.471397 -0.881921 0.000000
    outer loop
      vertex 8.421 6.984 32.000
      vertex 8.611 7.085 32.000
      vertex 8.611 7.085 36.000
    endloop
  endfacet
  facet normal 0.471397 -0.881921 0.000000
    outer loop
      vertex 8.421 6.984 32.000
      vertex 8.611 7.085 36.000
      vertex 8.421 6.984 36.000
    endloop
  endfacet
  facet normal 0.000000 0.000000 -1.000000
    outer loop
      vertex 8.000 8.000 32.000
      vertex 8.611 7.085 32.000
      vertex 8.421 6.984 32.000
    endloop
  endfacet
  facet normal 0.000000 0.000000 1.000000
    outer loop
      vertex 8.000 8.000 36.000
      vertex 8.421 6.984 36.000
      vertex 8.611 7.085 36.000
    endloop
  endfacet
  facet normal 0.634393 -0.773010 0.000000
    outer loop
      vertex 8.611 7.085 32.000
      vertex 8.778 7.222 32.000
      vertex 8.778 7.222 36.000
    endloop
  endfacet
  facet normal 0.634393 -0.773010 0.000000
    outer loop
      vertex 8.611 7.085 32.000
      vertex 8.778 7.222 36.000
      vertex 8.611 7.085 36.000
    endloop
  endfacet
  facet normal 0.000000 0.000000 -1.000000
    outer loop
      vertex 8.000 8.000 32.000
      vertex 8.778 7.222 32.000
      vertex 8.611 7.085 32.000
    endloop
  endfacet
  facet normal 0.000000 0.000000 1.000000
    outer loop
      vertex 8.000 8.000 36.000
      vertex 8.611 7.085 36.000
      vertex 8.778 7.222 36.000
    endloop
  endfacet
  facet normal 0.773010 -0.634393 0.000000
    outer loop
      vertex 8.778 7.222 32.000
      vertex 8.915 7.389 32.000
      vertex 8.915 7.389 36.000
    endloop
  endfacet
  facet normal 0.773010 -0.634393 0.000000
    outer loop
      vertex 8.778 7.222 32.000
      vertex 8.915 7.389 36.000
      vertex 8.778 7.222 36.000
    endloop
  endfacet
  facet normal 0.000000 0.000000 -1.000000
    outer loop
      vertex 8.000 8.000 32.000
      vertex 8.915 7.389 32.000
      vertex 8.778 7.222 32.000
    endloop
  endfacet
  facet normal 0.000000 0.000000 1.000000
    outer loop
      vertex 8.000 8.000 36.000
      vertex 8.778 7.222 36.000
      vertex 8.915 7.389 36.000
    endloop
  endfacet
  facet normal 0.881921 -0.471397 0.000000
    outer loop
      vertex 8.915 7.389 32.000
      vertex 9.016 7.579 32.000
      vertex 9.016 7.579 36.000
    endloop
  endfacet
  facet normal 0.881921 -0.471397 0.000000
    outer loop
      vertex 8.915 7.389 32.000
      vertex 9.016 7.579 36.000
      vertex 8.915 7.389 36.000
    endloop
  endfacet
  facet normal 0.000000 0.000000 -1.000000
    outer loop
      vertex 8.000 8.000 32.000
      vertex 9.016 7.579 32.000
      vertex 8.915 7.389 32.000
    endloop
  endfacet
  facet normal 0.000000 0.000000 1.000000
    outer loop
      vertex 8.000 8.000 36.000
      vertex 8.915 7.389 36.000
      vertex 9.016 7.579 36.000
    endloop
  endfacet
  facet normal 0.956940 -0.290285 0.000000
    outer loop
      vertex 9.016 7.579 32.000
      vertex 9.079 7.785 32.000
      vertex 9.079 7.785 36.000
    endloop
  endfacet
  facet normal 0.956940 -0.290285 0.000000
    outer loop
      vertex 9.016 7.579 32.000
      vertex 9.079 7.785 36.000
      vertex 9.016 7.579 36.000
    endloop
  endfacet
  facet normal 0.000000 0.000000 -1.000000
    outer loop
      vertex 8.000 8.000 32.000
      vertex 9.079 7.785 32.000
      vertex 9.016 7.579 32.000
    endloop
  endfacet
  facet normal 0.000000 0.000000 1.000000
    outer loop
      vertex 8.000 8.000 36.000
      vertex 9.016 7.579 36.000
      vertex 9.079 7.785 36.000
    endloop
  endfacet
  facet normal 0.995185 -0.098017 0.000000
    outer loop
      vertex 9.079 7.785 32.000
      vertex 9.100 8.000 32.000
      vertex 9.100 8.000 36.000
    endloop
  endfacet
  facet normal 0.995185 -0.098017 0.000000
    outer loop
      vertex 9.079 7.785 32.000
      vertex 9.100 8.000 36.000
      vertex 9.079 7.785 36.000
    endloop
  endfacet
  facet normal 0.000000 0.000000 -1.000000
    outer loop
      vertex 8.000 8.000 32.000
      vertex 9.100 8.000 32.000
      vertex 9.079 7.785 32.000
    endloop
  endfacet
  facet normal -0.000000 0.000000 1.000000
    outer loop
      vertex 8.000 8.000 36.000
      vertex 9.079 7.785 36.000
      vertex 9.100 8.000 36.000
    endloop
  endfacet
  facet normal 0.995185 0.098017 0.000000
    outer loop
      vertex 90.600 8.000 2.400
      vertex 90.531 8.702 2.400
      vertex 90.531 8.702 36.000
    endloop
  endfacet
  facet normal 0.995185 0.098017 -0.000000
    outer loop
      vertex 90.600 8.000 2.400
      vertex 90.531 8.702 36.000
      vertex 90.600 8.000 36.000
    endloop
  endfacet
  facet normal 0.000000 0.000000 -1.000000
    outer loop
      vertex 87.000 8.000 2.400
      vertex 90.531 8.702 2.400
      vertex 90.600 8.000 2.400
    endloop
  endfacet
  facet normal 0.000000 0.000000 1.000000
    outer loop
      vertex 87.000 8.000 36.000
      vertex 90.600 8.000 36.000
      vertex 90.531 8.702 36.000
    endloop
  endfacet
  facet normal 0.956940 0.290285 0.000000
    outer loop
      vertex 90.531 8.702 2.400
      vertex 90.326 9.378 2.400
      vertex 90.326 9.378 36.000
    endloop
  endfacet
  facet normal 0.956940 0.290285 -0.000000
    outer loop
      vertex 90.531 8.702 2.400
      vertex 90.326 9.378 36.000
      vertex 90.531 8.702 36.000
    endloop
  endfacet
  facet normal 0.000000 0.000000 -1.000000
    outer loop
      vertex 87.000 8.000 2.400
      vertex 90.326 9.378 2.400
      vertex 90.531 8.702 2.400
    endloop
  endfacet
  facet normal 0.000000 0.000000 1.000000
    outer loop
      vertex 87.000 8.000 36.000
      vertex 90.531 8.702 36.000
      vertex 90.326 9.378 36.000
    endloop
  endfacet
  facet normal 0.881921 0.471397 0.000000
    outer loop
      vertex 90.326 9.378 2.400
      vertex 89.993 10.000 2.400
      vertex 89.993 10.000 36.000
    endloop
  endfacet
  facet normal 0.881921 0.471397 -0.000000
    outer loop
      vertex 90.326 9.378 2.400
      vertex 89.993 10.000 36.000
      vertex 90.326 9.378 36.000
    endloop
  endfacet
  facet normal 0.000000 0.000000 -1.000000
    outer loop
      vertex 87.000 8.000 2.400
      vertex 89.993 10.000 2.400
      vertex 90.326 9.378 2.400
    endloop
  endfacet
  facet normal 0.000000 0.000000 1.000000
    outer loop
      vertex 87.000 8.000 36.000
      vertex 90.326 9.378 36.000
      vertex 89.993 10.000 36.000
    endloop
  endfacet
  facet normal 0.773010 0.634393 0.000000
    outer loop
      vertex 89.993 10.000 2.400
      vertex 89.546 10.546 2.400
      vertex 89.546 10.546 36.000
    endloop
  endfacet
  facet normal 0.773010 0.634393 -0.000000
    outer loop
      vertex 89.993 10.000 2.400
      vertex 89.546 10.546 36.000
      vertex 89.993 10.000 36.000
    endloop
  endfacet
  facet normal 0.000000 0.000000 -1.000000
    outer loop
      vertex 87.000 8.000 2.400
      vertex 89.546 10.546 2.400
      vertex 89.993 10.000 2.400
    endloop
  endfacet
  facet normal 0.000000 0.000000 1.000000
    outer loop
      vertex 87.000 8.000 36.000
      vertex 89.993 10.000 36.000
      vertex 89.546 10.546 36.000
    endloop
  endfacet
  facet normal 0.634393 0.773010 0.000000
    outer loop
      vertex 89.546 10.546 2.400
      vertex 89.000 10.993 2.400
      vertex 89.000 10.993 36.000
    endloop
  endfacet
  facet normal 0.634393 0.773010 -0.000000
    outer loop
      vertex 89.546 10.546 2.400
      vertex 89.000 10.993 36.000
      vertex 89.546 10.546 36.000
    endloop
  endfacet
  facet normal 0.000000 0.000000 -1.000000
    outer loop
      vertex 87.000 8.000 2.400
      vertex 89.000 10.993 2.400
      vertex 89.546 10.546 2.400
    endloop
  endfacet
  facet normal 0.000000 0.000000 1.000000
    outer loop
      vertex 87.000 8.000 36.000
      vertex 89.546 10.546 36.000
      vertex 89.000 10.993 36.000
    endloop
  endfacet
  facet normal 0.471397 0.881921 0.000000
    outer loop
      vertex 89.000 10.993 2.400
      vertex 88.378 11.326 2.400
      vertex 88.378 11.326 36.000
    endloop
  endfacet
  facet normal 0.471397 0.881921 -0.000000
    outer loop
      vertex 89.000 10.993 2.400
      vertex 88.378 11.326 36.000
      vertex 89.000 10.993 36.000
    endloop
  endfacet
  facet normal 0.000000 0.000000 -1.000000
    outer loop
      vertex 87.000 8.000 2.400
      vertex 88.378 11.326 2.400
      vertex 89.000 10.993 2.400
    endloop
  endfacet
  facet normal 0.000000 0.000000 1.000000
    outer loop
      vertex 87.000 8.000 36.000
      vertex 89.000 10.993 36.000
      vertex 88.378 11.326 36.000
    endloop
  endfacet
  facet normal 0.290285 0.956940 0.000000
    outer loop
      vertex 88.378 11.326 2.400
      vertex 87.702 11.531 2.400
      vertex 87.702 11.531 36.000
    endloop
  endfacet
  facet normal 0.290285 0.956940 -0.000000
    outer loop
      vertex 88.378 11.326 2.400
      vertex 87.702 11.531 36.000
      vertex 88.378 11.326 36.000
    endloop
  endfacet
  facet normal 0.000000 0.000000 -1.000000
    outer loop
      vertex 87.000 8.000 2.400
      vertex 87.702 11.531 2.400
      vertex 88.378 11.326 2.400
    endloop
  endfacet
  facet normal 0.000000 0.000000 1.000000
    outer loop
      vertex 87.000 8.000 36.000
      vertex 88.378 11.326 36.000
      vertex 87.702 11.531 36.000
    endloop
  endfacet
  facet normal 0.098017 0.995185 0.000000
    outer loop
      vertex 87.702 11.531 2.400
      vertex 87.000 11.600 2.400
      vertex 87.000 11.600 36.000
    endloop
  endfacet
  facet normal 0.098017 0.995185 -0.000000
    outer loop
      vertex 87.702 11.531 2.400
      vertex 87.000 11.600 36.000
      vertex 87.702 11.531 36.000
    endloop
  endfacet
  facet normal 0.000000 0.000000 -1.000000
    outer loop
      vertex 87.000 8.000 2.400
      vertex 87.000 11.600 2.400
      vertex 87.702 11.531 2.400
    endloop
  endfacet
  facet normal 0.000000 0.000000 1.000000
    outer loop
      vertex 87.000 8.000 36.000
      vertex 87.702 11.531 36.000
      vertex 87.000 11.600 36.000
    endloop
  endfacet
  facet normal -0.098017 0.995185 0.000000
    outer loop
      vertex 87.000 11.600 2.400
      vertex 86.298 11.531 2.400
      vertex 86.298 11.531 36.000
    endloop
  endfacet
  facet normal -0.098017 0.995185 0.000000
    outer loop
      vertex 87.000 11.600 2.400
      vertex 86.298 11.531 36.000
      vertex 87.000 11.600 36.000
    endloop
  endfacet
  facet normal 0.000000 0.000000 -1.000000
    outer loop
      vertex 87.000 8.000 2.400
      vertex 86.298 11.531 2.400
      vertex 87.000 11.600 2.400
    endloop
  endfacet
  facet normal 0.000000 -0.000000 1.000000
    outer loop
      vertex 87.000 8.000 36.000
      vertex 87.000 11.600 36.000
      vertex 86.298 11.531 36.000
    endloop
  endfacet
  facet normal -0.290285 0.956940 0.000000
    outer loop
      vertex 86.298 11.531 2.400
      vertex 85.622 11.326 2.400
      vertex 85.622 11.326 36.000
    endloop
  endfacet
  facet normal -0.290285 0.956940 0.000000
    outer loop
      vertex 86.298 11.531 2.400
      vertex 85.622 11.326 36.000
      vertex 86.298 11.531 36.000
    endloop
  endfacet
  facet normal 0.000000 0.000000 -1.000000
    outer loop
      vertex 87.000 8.000 2.400
      vertex 85.622 11.326 2.400
      vertex 86.298 11.531 2.400
    endloop
  endfacet
  facet normal 0.000000 0.000000 1.000000
    outer loop
      vertex 87.000 8.000 36.000
      vertex 86.298 11.531 36.000
      vertex 85.622 11.326 36.000
    endloop
  endfacet
  facet normal -0.471397 0.881921 0.000000
    outer loop
      vertex 85.622 11.326 2.400
      vertex 85.000 10.993 2.400
      vertex 85.000 10.993 36.000
    endloop
  endfacet
  facet normal -0.471397 0.881921 0.000000
    outer loop
      vertex 85.622 11.326 2.400
      vertex 85.000 10.993 36.000
      vertex 85.622 11.326 36.000
    endloop
  endfacet
  facet normal 0.000000 0.000000 -1.000000
    outer loop
      vertex 87.000 8.000 2.400
      vertex 85.000 10.993 2.400
      vertex 85.622 11.326 2.400
    endloop
  endfacet
  facet normal 0.000000 0.000000 1.000000
    outer loop
      vertex 87.000 8.000 36.000
      vertex 85.622 11.326 36.000
      vertex 85.000 10.993 36.000
    endloop
  endfacet
  facet normal -0.634393 0.773010 0.000000
    outer loop
      vertex 85.000 10.993 2.400
      vertex 84.454 10.546 2.400
      vertex 84.454 10.546 36.000
    endloop
  endfacet
  facet normal -0.634393 0.773010 0.000000
    outer loop
      vertex 85.000 10.993 2.400
      vertex 84.454 10.546 36.000
      vertex 85.000 10.993 36.000
    endloop
  endfacet
  facet normal 0.000000 0.000000 -1.000000
    outer loop
      vertex 87.000 8.000 2.400
      vertex 84.454 10.546 2.400
      vertex 85.000 10.993 2.400
    endloop
  endfacet
  facet normal 0.000000 0.000000 1.000000
    outer loop
      vertex 87.000 8.000 36.000
      vertex 85.000 10.993 36.000
      vertex 84.454 10.546 36.000
    endloop
  endfacet
  facet normal -0.773010 0.634393 0.000000
    outer loop
      vertex 84.454 10.546 2.400
      vertex 84.007 10.000 2.400
      vertex 84.007 10.000 36.000
    endloop
  endfacet
  facet normal -0.773010 0.634393 0.000000
    outer loop
      vertex 84.454 10.546 2.400
      vertex 84.007 10.000 36.000
      vertex 84.454 10.546 36.000
    endloop
  endfacet
  facet normal 0.000000 0.000000 -1.000000
    outer loop
      vertex 87.000 8.000 2.400
      vertex 84.007 10.000 2.400
      vertex 84.454 10.546 2.400
    endloop
  endfacet
  facet normal 0.000000 0.000000 1.000000
    outer loop
      vertex 87.000 8.000 36.000
      vertex 84.454 10.546 36.000
      vertex 84.007 10.000 36.000
    endloop
  endfacet
  facet normal -0.881921 0.471397 0.000000
    outer loop
      vertex 84.007 10.000 2.400
      vertex 83.674 9.378 2.400
      vertex 83.674 9.378 36.000
    endloop
  endfacet
  facet normal -0.881921 0.471397 0.000000
    outer loop
      vertex 84.007 10.000 2.400
      vertex 83.674 9.378 36.000
      vertex 84.007 10.000 36.000
    endloop
  endfacet
  facet normal 0.000000 0.000000 -1.000000
    outer loop
      vertex 87.000 8.000 2.400
      vertex 83.674 9.378 2.400
      vertex 84.007 10.000 2.400
    endloop
  endfacet
  facet normal 0.000000 0.000000 1.000000
    outer loop
      vertex 87.000 8.000 36.000
      vertex 84.007 10.000 36.000
      vertex 83.674 9.378 36.000
    endloop
  endfacet
  facet normal -0.956940 0.290285 0.000000
    outer loop
      vertex 83.674 9.378 2.400
      vertex 83.469 8.702 2.400
      vertex 83.469 8.702 36.000
    endloop
  endfacet
  facet normal -0.956940 0.290285 0.000000
    outer loop
      vertex 83.674 9.378 2.400
      vertex 83.469 8.702 36.000
      vertex 83.674 9.378 36.000
    endloop
  endfacet
  facet normal 0.000000 0.000000 -1.000000
    outer loop
      vertex 87.000 8.000 2.400
      vertex 83.469 8.702 2.400
      vertex 83.674 9.378 2.400
    endloop
  endfacet
  facet normal 0.000000 0.000000 1.000000
    outer loop
      vertex 87.000 8.000 36.000
      vertex 83.674 9.378 36.000
      vertex 83.469 8.702 36.000
    endloop
  endfacet
  facet normal -0.995185 0.098017 0.000000
    outer loop
      vertex 83.469 8.702 2.400
      vertex 83.400 8.000 2.400
      vertex 83.400 8.000 36.000
    endloop
  endfacet
  facet normal -0.995185 0.098017 0.000000
    outer loop
      vertex 83.469 8.702 2.400
      vertex 83.400 8.000 36.000
      vertex 83.469 8.702 36.000
    endloop
  endfacet
  facet normal 0.000000 0.000000 -1.000000
    outer loop
      vertex 87.000 8.000 2.400
      vertex 83.400 8.000 2.400
      vertex 83.469 8.702 2.400
    endloop
  endfacet
  facet normal 0.000000 0.000000 1.000000
    outer loop
      vertex 87.000 8.000 36.000
      vertex 83.469 8.702 36.000
      vertex 83.400 8.000 36.000
    endloop
  endfacet
  facet normal -0.995185 -0.098017 0.000000
    outer loop
      vertex 83.400 8.000 2.400
      vertex 83.469 7.298 2.400
      vertex 83.469 7.298 36.000
    endloop
  endfacet
  facet normal -0.995185 -0.098017 0.000000
    outer loop
      vertex 83.400 8.000 2.400
      vertex 83.469 7.298 36.000
      vertex 83.400 8.000 36.000
    endloop
  endfacet
  facet normal -0.000000 0.000000 -1.000000
    outer loop
      vertex 87.000 8.000 2.400
      vertex 83.469 7.298 2.400
      vertex 83.400 8.000 2.400
    endloop
  endfacet
  facet normal 0.000000 0.000000 1.000000
    outer loop
      vertex 87.000 8.000 36.000
      vertex 83.400 8.000 36.000
      vertex 83.469 7.298 36.000
    endloop
  endfacet
  facet normal -0.956940 -0.290285 0.000000
    outer loop
      vertex 83.469 7.298 2.400
      vertex 83.674 6.622 2.400
      vertex 83.674 6.622 36.000
    endloop
  endfacet
  facet normal -0.956940 -0.290285 0.000000
    outer loop
      vertex 83.469 7.298 2.400
      vertex 83.674 6.622 36.000
      vertex 83.469 7.298 36.000
    endloop
  endfacet
  facet normal 0.000000 0.000000 -1.000000
    outer loop
      vertex 87.000 8.000 2.400
      vertex 83.674 6.622 2.400
      vertex 83.469 7.298 2.400
    endloop
  endfacet
  facet normal 0.000000 0.000000 1.000000
    outer loop
      vertex 87.000 8.000 36.000
      vertex 83.469 7.298 36.000
      vertex 83.674 6.622 36.000
    endloop
  endfacet
  facet normal -0.881921 -0.471397 0.000000
    outer loop
      vertex 83.674 6.622 2.400
      vertex 84.007 6.000 2.400
      vertex 84.007 6.000 36.000
    endloop
  endfacet
  facet normal -0.881921 -0.471397 0.000000
    outer loop
      vertex 83.674 6.622 2.400
      vertex 84.007 6.000 36.000
      vertex 83.674 6.622 36.000
    endloop
  endfacet
  facet normal 0.000000 0.000000 -1.000000
    outer loop
      vertex 87.000 8.000 2.400
      vertex 84.007 6.000 2.400
      vertex 83.674 6.622 2.400
    endloop
  endfacet
  facet normal 0.000000 0.000000 1.000000
    outer loop
      vertex 87.000 8.000 36.000
      vertex 83.674 6.622 36.000
      vertex 84.007 6.000 36.000
    endloop
  endfacet
  facet normal -0.773010 -0.634393 0.000000
    outer loop
      vertex 84.007 6.000 2.400
      vertex 84.454 5.454 2.400
      vertex 84.454 5.454 36.000
    endloop
  endfacet
  facet normal -0.773010 -0.634393 0.000000
    outer loop
      vertex 84.007 6.000 2.400
      vertex 84.454 5.454 36.000
      vertex 84.007 6.000 36.000
    endloop
  endfacet
  facet normal 0.000000 0.000000 -1.000000
    outer loop
      vertex 87.000 8.000 2.400
      vertex 84.454 5.454 2.400
      vertex 84.007 6.000 2.400
    endloop
  endfacet
  facet normal 0.000000 0.000000 1.000000
    outer loop
      vertex 87.000 8.000 36.000
      vertex 84.007 6.000 36.000
      vertex 84.454 5.454 36.000
    endloop
  endfacet
  facet normal -0.634393 -0.773010 0.000000
    outer loop
      vertex 84.454 5.454 2.400
      vertex 85.000 5.007 2.400
      vertex 85.000 5.007 36.000
    endloop
  endfacet
  facet normal -0.634393 -0.773010 0.000000
    outer loop
      vertex 84.454 5.454 2.400
      vertex 85.000 5.007 36.000
      vertex 84.454 5.454 36.000
    endloop
  endfacet
  facet normal 0.000000 0.000000 -1.000000
    outer loop
      vertex 87.000 8.000 2.400
      vertex 85.000 5.007 2.400
      vertex 84.454 5.454 2.400
    endloop
  endfacet
  facet normal 0.000000 0.000000 1.000000
    outer loop
      vertex 87.000 8.000 36.000
      vertex 84.454 5.454 36.000
      vertex 85.000 5.007 36.000
    endloop
  endfacet
  facet normal -0.471397 -0.881921 0.000000
    outer loop
      vertex 85.000 5.007 2.400
      vertex 85.622 4.674 2.400
      vertex 85.622 4.674 36.000
    endloop
  endfacet
  facet normal -0.471397 -0.881921 0.000000
    outer loop
      vertex 85.000 5.007 2.400
      vertex 85.622 4.674 36.000
      vertex 85.000 5.007 36.000
    endloop
  endfacet
  facet normal 0.000000 0.000000 -1.000000
    outer loop
      vertex 87.000 8.000 2.400
      vertex 85.622 4.674 2.400
      vertex 85.000 5.007 2.400
    endloop
  endfacet
  facet normal 0.000000 0.000000 1.000000
    outer loop
      vertex 87.000 8.000 36.000
      vertex 85.000 5.007 36.000
      vertex 85.622 4.674 36.000
    endloop
  endfacet
  facet normal -0.290285 -0.956940 0.000000
    outer loop
      vertex 85.622 4.674 2.400
      vertex 86.298 4.469 2.400
      vertex 86.298 4.469 36.000
    endloop
  endfacet
  facet normal -0.290285 -0.956940 0.000000
    outer loop
      vertex 85.622 4.674 2.400
      vertex 86.298 4.469 36.000
      vertex 85.622 4.674 36.000
    endloop
  endfacet
  facet normal 0.000000 0.000000 -1.000000
    outer loop
      vertex 87.000 8.000 2.400
      vertex 86.298 4.469 2.400
      vertex 85.622 4.674 2.400
    endloop
  endfacet
  facet normal 0.000000 0.000000 1.000000
    outer loop
      vertex 87.000 8.000 36.000
      vertex 85.622 4.674 36.000
      vertex 86.298 4.469 36.000
    endloop
  endfacet
  facet normal -0.098017 -0.995185 0.000000
    outer loop
      vertex 86.298 4.469 2.400
      vertex 87.000 4.400 2.400
      vertex 87.000 4.400 36.000
    endloop
  endfacet
  facet normal -0.098017 -0.995185 0.000000
    outer loop
      vertex 86.298 4.469 2.400
      vertex 87.000 4.400 36.000
      vertex 86.298 4.469 36.000
    endloop
  endfacet
  facet normal 0.000000 -0.000000 -1.000000
    outer loop
      vertex 87.000 8.000 2.400
      vertex 87.000 4.400 2.400
      vertex 86.298 4.469 2.400
    endloop
  endfacet
  facet normal 0.000000 0.000000 1.000000
    outer loop
      vertex 87.000 8.000 36.000
      vertex 86.298 4.469 36.000
      vertex 87.000 4.400 36.000
    endloop
  endfacet
  facet normal 0.098017 -0.995185 0.000000
    outer loop
      vertex 87.000 4.400 2.400
      vertex 87.702 4.469 2.400
      vertex 87.702 4.469 36.000
    endloop
  endfacet
  facet normal 0.098017 -0.995185 0.000000
    outer loop
      vertex 87.000 4.400 2.400
      vertex 87.702 4.469 36.000
      vertex 87.000 4.400 36.000
    endloop
  endfacet
  facet normal 0.000000 0.000000 -1.000000
    outer loop
      vertex 87.000 8.000 2.400
      vertex 87.702 4.469 2.400
      vertex 87.000 4.400 2.400
    endloop
  endfacet
  facet normal 0.000000 0.000000 1.000000
    outer loop
      vertex 87.000 8.000 36.000
      vertex 87.000 4.400 36.000
      vertex 87.702 4.469 36.000
    endloop
  endfacet
  facet normal 0.290285 -0.956940 0.000000
    outer loop
      vertex 87.702 4.469 2.400
      vertex 88.378 4.674 2.400
      vertex 88.378 4.674 36.000
    endloop
  endfacet
  facet normal 0.290285 -0.956940 0.000000
    outer loop
      vertex 87.702 4.469 2.400
      vertex 88.378 4.674 36.000
      vertex 87.702 4.469 36.000
    endloop
  endfacet
  facet normal 0.000000 0.000000 -1.000000
    outer loop
      vertex 87.000 8.000 2.400
      vertex 88.378 4.674 2.400
      vertex 87.702 4.469 2.400
    endloop
  endfacet
  facet normal 0.000000 0.000000 1.000000
    outer loop
      vertex 87.000 8.000 36.000
      vertex 87.702 4.469 36.000
      vertex 88.378 4.674 36.000
    endloop
  endfacet
  facet normal 0.471397 -0.881921 0.000000
    outer loop
      vertex 88.378 4.674 2.400
      vertex 89.000 5.007 2.400
      vertex 89.000 5.007 36.000
    endloop
  endfacet
  facet normal 0.471397 -0.881921 0.000000
    outer loop
      vertex 88.378 4.674 2.400
      vertex 89.000 5.007 36.000
      vertex 88.378 4.674 36.000
    endloop
  endfacet
  facet normal 0.000000 0.000000 -1.000000
    outer loop
      vertex 87.000 8.000 2.400
      vertex 89.000 5.007 2.400
      vertex 88.378 4.674 2.400
    endloop
  endfacet
  facet normal 0.000000 0.000000 1.000000
    outer loop
      vertex 87.000 8.000 36.000
      vertex 88.378 4.674 36.000
      vertex 89.000 5.007 36.000
    endloop
  endfacet
  facet normal 0.634393 -0.773010 0.000000
    outer loop
      vertex 89.000 5.007 2.400
      vertex 89.546 5.454 2.400
      vertex 89.546 5.454 36.000
    endloop
  endfacet
  facet normal 0.634393 -0.773010 0.000000
    outer loop
      vertex 89.000 5.007 2.400
      vertex 89.546 5.454 36.000
      vertex 89.000 5.007 36.000
    endloop
  endfacet
  facet normal 0.000000 0.000000 -1.000000
    outer loop
      vertex 87.000 8.000 2.400
      vertex 89.546 5.454 2.400
      vertex 89.000 5.007 2.400
    endloop
  endfacet
  facet normal 0.000000 0.000000 1.000000
    outer loop
      vertex 87.000 8.000 36.000
      vertex 89.000 5.007 36.000
      vertex 89.546 5.454 36.000
    endloop
  endfacet
  facet normal 0.773010 -0.634393 0.000000
    outer loop
      vertex 89.546 5.454 2.400
      vertex 89.993 6.000 2.400
      vertex 89.993 6.000 36.000
    endloop
  endfacet
  facet normal 0.773010 -0.634393 0.000000
    outer loop
      vertex 89.546 5.454 2.400
      vertex 89.993 6.000 36.000
      vertex 89.546 5.454 36.000
    endloop
  endfacet
  facet normal 0.000000 0.000000 -1.000000
    outer loop
      vertex 87.000 8.000 2.400
      vertex 89.993 6.000 2.400
      vertex 89.546 5.454 2.400
    endloop
  endfacet
  facet normal 0.000000 0.000000 1.000000
    outer loop
      vertex 87.000 8.000 36.000
      vertex 89.546 5.454 36.000
      vertex 89.993 6.000 36.000
    endloop
  endfacet
  facet normal 0.881921 -0.471397 0.000000
    outer loop
      vertex 89.993 6.000 2.400
      vertex 90.326 6.622 2.400
      vertex 90.326 6.622 36.000
    endloop
  endfacet
  facet normal 0.881921 -0.471397 0.000000
    outer loop
      vertex 89.993 6.000 2.400
      vertex 90.326 6.622 36.000
      vertex 89.993 6.000 36.000
    endloop
  endfacet
  facet normal 0.000000 0.000000 -1.000000
    outer loop
      vertex 87.000 8.000 2.400
      vertex 90.326 6.622 2.400
      vertex 89.993 6.000 2.400
    endloop
  endfacet
  facet normal 0.000000 0.000000 1.000000
    outer loop
      vertex 87.000 8.000 36.000
      vertex 89.993 6.000 36.000
      vertex 90.326 6.622 36.000
    endloop
  endfacet
  facet normal 0.956940 -0.290285 0.000000
    outer loop
      vertex 90.326 6.622 2.400
      vertex 90.531 7.298 2.400
      vertex 90.531 7.298 36.000
    endloop
  endfacet
  facet normal 0.956940 -0.290285 0.000000
    outer loop
      vertex 90.326 6.622 2.400
      vertex 90.531 7.298 36.000
      vertex 90.326 6.622 36.000
    endloop
  endfacet
  facet normal 0.000000 0.000000 -1.000000
    outer loop
      vertex 87.000 8.000 2.400
      vertex 90.531 7.298 2.400
      vertex 90.326 6.622 2.400
    endloop
  endfacet
  facet normal 0.000000 0.000000 1.000000
    outer loop
      vertex 87.000 8.000 36.000
      vertex 90.326 6.622 36.000
      vertex 90.531 7.298 36.000
    endloop
  endfacet
  facet normal 0.995185 -0.098017 0.000000
    outer loop
      vertex 90.531 7.298 2.400
      vertex 90.600 8.000 2.400
      vertex 90.600 8.000 36.000
    endloop
  endfacet
  facet normal 0.995185 -0.098017 0.000000
    outer loop
      vertex 90.531 7.298 2.400
      vertex 90.600 8.000 36.000
      vertex 90.531 7.298 36.000
    endloop
  endfacet
  facet normal 0.000000 0.000000 -1.000000
    outer loop
      vertex 87.000 8.000 2.400
      vertex 90.600 8.000 2.400
      vertex 90.531 7.298 2.400
    endloop
  endfacet
  facet normal 0.000000 0.000000 1.000000
    outer loop
      vertex 87.000 8.000 36.000
      vertex 90.531 7.298 36.000
      vertex 90.600 8.000 36.000
    endloop
  endfacet
  facet normal 0.995185 0.098017 0.000000
    outer loop
      vertex 88.100 8.000 32.000
      vertex 88.079 8.215 32.000
      vertex 88.079 8.215 36.000
    endloop
  endfacet
  facet normal 0.995185 0.098017 -0.000000
    outer loop
      vertex 88.100 8.000 32.000
      vertex 88.079 8.215 36.000
      vertex 88.100 8.000 36.000
    endloop
  endfacet
  facet normal 0.000000 0.000000 -1.000000
    outer loop
      vertex 87.000 8.000 32.000
      vertex 88.079 8.215 32.000
      vertex 88.100 8.000 32.000
    endloop
  endfacet
  facet normal 0.000000 0.000000 1.000000
    outer loop
      vertex 87.000 8.000 36.000
      vertex 88.100 8.000 36.000
      vertex 88.079 8.215 36.000
    endloop
  endfacet
  facet normal 0.956940 0.290285 0.000000
    outer loop
      vertex 88.079 8.215 32.000
      vertex 88.016 8.421 32.000
      vertex 88.016 8.421 36.000
    endloop
  endfacet
  facet normal 0.956940 0.290285 -0.000000
    outer loop
      vertex 88.079 8.215 32.000
      vertex 88.016 8.421 36.000
      vertex 88.079 8.215 36.000
    endloop
  endfacet
  facet normal 0.000000 0.000000 -1.000000
    outer loop
      vertex 87.000 8.000 32.000
      vertex 88.016 8.421 32.000
      vertex 88.079 8.215 32.000
    endloop
  endfacet
  facet normal 0.000000 0.000000 1.000000
    outer loop
      vertex 87.000 8.000 36.000
      vertex 88.079 8.215 36.000
      vertex 88.016 8.421 36.000
    endloop
  endfacet
  facet normal 0.881921 0.471397 0.000000
    outer loop
      vertex 88.016 8.421 32.000
      vertex 87.915 8.611 32.000
      vertex 87.915 8.611 36.000
    endloop
  endfacet
  facet normal 0.881921 0.471397 -0.000000
    outer loop
      vertex 88.016 8.421 32.000
      vertex 87.915 8.611 36.000
      vertex 88.016 8.421 36.000
    endloop
  endfacet
  facet normal 0.000000 0.000000 -1.000000
    outer loop
      vertex 87.000 8.000 32.000
      vertex 87.915 8.611 32.000
      vertex 88.016 8.421 32.000
    endloop
  endfacet
  facet normal 0.000000 0.000000 1.000000
    outer loop
      vertex 87.000 8.000 36.000
      vertex 88.016 8.421 36.000
      vertex 87.915 8.611 36.000
    endloop
  endfacet
  facet normal 0.773010 0.634393 0.000000
    outer loop
      vertex 87.915 8.611 32.000
      vertex 87.778 8.778 32.000
      vertex 87.778 8.778 36.000
    endloop
  endfacet
  facet normal 0.773010 0.634393 -0.000000
    outer loop
      vertex 87.915 8.611 32.000
      vertex 87.778 8.778 36.000
      vertex 87.915 8.611 36.000
    endloop
  endfacet
  facet normal 0.000000 0.000000 -1.000000
    outer loop
      vertex 87.000 8.000 32.000
      vertex 87.778 8.778 32.000
      vertex 87.915 8.611 32.000
    endloop
  endfacet
  facet normal 0.000000 0.000000 1.000000
    outer loop
      vertex 87.000 8.000 36.000
      vertex 87.915 8.611 36.000
      vertex 87.778 8.778 36.000
    endloop
  endfacet
  facet normal 0.634393 0.773010 0.000000
    outer loop
      vertex 87.778 8.778 32.000
      vertex 87.611 8.915 32.000
      vertex 87.611 8.915 36.000
    endloop
  endfacet
  facet normal 0.634393 0.773010 -0.000000
    outer loop
      vertex 87.778 8.778 32.000
      vertex 87.611 8.915 36.000
      vertex 87.778 8.778 36.000
    endloop
  endfacet
  facet normal 0.000000 0.000000 -1.000000
    outer loop
      vertex 87.000 8.000 32.000
      vertex 87.611 8.915 32.000
      vertex 87.778 8.778 32.000
    endloop
  endfacet
  facet normal 0.000000 0.000000 1.000000
    outer loop
      vertex 87.000 8.000 36.000
      vertex 87.778 8.778 36.000
      vertex 87.611 8.915 36.000
    endloop
  endfacet
  facet normal 0.471397 0.881921 0.000000
    outer loop
      vertex 87.611 8.915 32.000
      vertex 87.421 9.016 32.000
      vertex 87.421 9.016 36.000
    endloop
  endfacet
  facet normal 0.471397 0.881921 -0.000000
    outer loop
      vertex 87.611 8.915 32.000
      vertex 87.421 9.016 36.000
      vertex 87.611 8.915 36.000
    endloop
  endfacet
  facet normal 0.000000 0.000000 -1.000000
    outer loop
      vertex 87.000 8.000 32.000
      vertex 87.421 9.016 32.000
      vertex 87.611 8.915 32.000
    endloop
  endfacet
  facet normal 0.000000 0.000000 1.000000
    outer loop
      vertex 87.000 8.000 36.000
      vertex 87.611 8.915 36.000
      vertex 87.421 9.016 36.000
    endloop
  endfacet
  facet normal 0.290285 0.956940 0.000000
    outer loop
      vertex 87.421 9.016 32.000
      vertex 87.215 9.079 32.000
      vertex 87.215 9.079 36.000
    endloop
  endfacet
  facet normal 0.290285 0.956940 -0.000000
    outer loop
      vertex 87.421 9.016 32.000
      vertex 87.215 9.079 36.000
      vertex 87.421 9.016 36.000
    endloop
  endfacet
  facet normal 0.000000 0.000000 -1.000000
    outer loop
      vertex 87.000 8.000 32.000
      vertex 87.215 9.079 32.000
      vertex 87.421 9.016 32.000
    endloop
  endfacet
  facet normal 0.000000 0.000000 1.000000
    outer loop
      vertex 87.000 8.000 36.000
      vertex 87.421 9.016 36.000
      vertex 87.215 9.079 36.000
    endloop
  endfacet
  facet normal 0.098017 0.995185 0.000000
    outer loop
      vertex 87.215 9.079 32.000
      vertex 87.000 9.100 32.000
      vertex 87.000 9.100 36.000
    endloop
  endfacet
  facet normal 0.098017 0.995185 -0.000000
    outer loop
      vertex 87.215 9.079 32.000
      vertex 87.000 9.100 36.000
      vertex 87.215 9.079 36.000
    endloop
  endfacet
  facet normal 0.000000 0.000000 -1.000000
    outer loop
      vertex 87.000 8.000 32.000
      vertex 87.000 9.100 32.000
      vertex 87.215 9.079 32.000
    endloop
  endfacet
  facet normal 0.000000 0.000000 1.000000
    outer loop
      vertex 87.000 8.000 36.000
      vertex 87.215 9.079 36.000
      vertex 87.000 9.100 36.000
    endloop
  endfacet
  facet normal -0.098017 0.995185 0.000000
    outer loop
      vertex 87.000 9.100 32.000
      vertex 86.785 9.079 32.000
      vertex 86.785 9.079 36.000
    endloop
  endfacet
  facet normal -0.098017 0.995185 0.000000
    outer loop
      vertex 87.000 9.100 32.000
      vertex 86.785 9.079 36.000
      vertex 87.000 9.100 36.000
    endloop
  endfacet
  facet normal 0.000000 0.000000 -1.000000
    outer loop
      vertex 87.000 8.000 32.000
      vertex 86.785 9.079 32.000
      vertex 87.000 9.100 32.000
    endloop
  endfacet
  facet normal 0.000000 -0.000000 1.000000
    outer loop
      vertex 87.000 8.000 36.000
      vertex 87.000 9.100 36.000
      vertex 86.785 9.079 36.000
    endloop
  endfacet
  facet normal -0.290285 0.956940 0.000000
    outer loop
      vertex 86.785 9.079 32.000
      vertex 86.579 9.016 32.000
      vertex 86.579 9.016 36.000
    endloop
  endfacet
  facet normal -0.290285 0.956940 0.000000
    outer loop
      vertex 86.785 9.079 32.000
      vertex 86.579 9.016 36.000
      vertex 86.785 9.079 36.000
    endloop
  endfacet
  facet normal 0.000000 0.000000 -1.000000
    outer loop
      vertex 87.000 8.000 32.000
      vertex 86.579 9.016 32.000
      vertex 86.785 9.079 32.000
    endloop
  endfacet
  facet normal 0.000000 0.000000 1.000000
    outer loop
      vertex 87.000 8.000 36.000
      vertex 86.785 9.079 36.000
      vertex 86.579 9.016 36.000
    endloop
  endfacet
  facet normal -0.471397 0.881921 0.000000
    outer loop
      vertex 86.579 9.016 32.000
      vertex 86.389 8.915 32.000
      vertex 86.389 8.915 36.000
    endloop
  endfacet
  facet normal -0.471397 0.881921 0.000000
    outer loop
      vertex 86.579 9.016 32.000
      vertex 86.389 8.915 36.000
      vertex 86.579 9.016 36.000
    endloop
  endfacet
  facet normal 0.000000 0.000000 -1.000000
    outer loop
      vertex 87.000 8.000 32.000
      vertex 86.389 8.915 32.000
      vertex 86.579 9.016 32.000
    endloop
  endfacet
  facet normal 0.000000 0.000000 1.000000
    outer loop
      vertex 87.000 8.000 36.000
      vertex 86.579 9.016 36.000
      vertex 86.389 8.915 36.000
    endloop
  endfacet
  facet normal -0.634393 0.773010 0.000000
    outer loop
      vertex 86.389 8.915 32.000
      vertex 86.222 8.778 32.000
      vertex 86.222 8.778 36.000
    endloop
  endfacet
  facet normal -0.634393 0.773010 0.000000
    outer loop
      vertex 86.389 8.915 32.000
      vertex 86.222 8.778 36.000
      vertex 86.389 8.915 36.000
    endloop
  endfacet
  facet normal 0.000000 0.000000 -1.000000
    outer loop
      vertex 87.000 8.000 32.000
      vertex 86.222 8.778 32.000
      vertex 86.389 8.915 32.000
    endloop
  endfacet
  facet normal 0.000000 0.000000 1.000000
    outer loop
      vertex 87.000 8.000 36.000
      vertex 86.389 8.915 36.000
      vertex 86.222 8.778 36.000
    endloop
  endfacet
  facet normal -0.773010 0.634393 0.000000
    outer loop
      vertex 86.222 8.778 32.000
      vertex 86.085 8.611 32.000
      vertex 86.085 8.611 36.000
    endloop
  endfacet
  facet normal -0.773010 0.634393 0.000000
    outer loop
      vertex 86.222 8.778 32.000
      vertex 86.085 8.611 36.000
      vertex 86.222 8.778 36.000
    endloop
  endfacet
  facet normal 0.000000 0.000000 -1.000000
    outer loop
      vertex 87.000 8.000 32.000
      vertex 86.085 8.611 32.000
      vertex 86.222 8.778 32.000
    endloop
  endfacet
  facet normal 0.000000 0.000000 1.000000
    outer loop
      vertex 87.000 8.000 36.000
      vertex 86.222 8.778 36.000
      vertex 86.085 8.611 36.000
    endloop
  endfacet
  facet normal -0.881921 0.471397 0.000000
    outer loop
      vertex 86.085 8.611 32.000
      vertex 85.984 8.421 32.000
      vertex 85.984 8.421 36.000
    endloop
  endfacet
  facet normal -0.881921 0.471397 0.000000
    outer loop
      vertex 86.085 8.611 32.000
      vertex 85.984 8.421 36.000
      vertex 86.085 8.611 36.000
    endloop
  endfacet
  facet normal 0.000000 0.000000 -1.000000
    outer loop
      vertex 87.000 8.000 32.000
      vertex 85.984 8.421 32.000
      vertex 86.085 8.611 32.000
    endloop
  endfacet
  facet normal 0.000000 0.000000 1.000000
    outer loop
      vertex 87.000 8.000 36.000
      vertex 86.085 8.611 36.000
      vertex 85.984 8.421 36.000
    endloop
  endfacet
  facet normal -0.956940 0.290285 0.000000
    outer loop
      vertex 85.984 8.421 32.000
      vertex 85.921 8.215 32.000
      vertex 85.921 8.215 36.000
    endloop
  endfacet
  facet normal -0.956940 0.290285 0.000000
    outer loop
      vertex 85.984 8.421 32.000
      vertex 85.921 8.215 36.000
      vertex 85.984 8.421 36.000
    endloop
  endfacet
  facet normal 0.000000 0.000000 -1.000000
    outer loop
      vertex 87.000 8.000 32.000
      vertex 85.921 8.215 32.000
      vertex 85.984 8.421 32.000
    endloop
  endfacet
  facet normal 0.000000 0.000000 1.000000
    outer loop
      vertex 87.000 8.000 36.000
      vertex 85.984 8.421 36.000
      vertex 85.921 8.215 36.000
    endloop
  endfacet
  facet normal -0.995185 0.098017 0.000000
    outer loop
      vertex 85.921 8.215 32.000
      vertex 85.900 8.000 32.000
      vertex 85.900 8.000 36.000
    endloop
  endfacet
  facet normal -0.995185 0.098017 0.000000
    outer loop
      vertex 85.921 8.215 32.000
      vertex 85.900 8.000 36.000
      vertex 85.921 8.215 36.000
    endloop
  endfacet
  facet normal 0.000000 0.000000 -1.000000
    outer loop
      vertex 87.000 8.000 32.000
      vertex 85.900 8.000 32.000
      vertex 85.921 8.215 32.000
    endloop
  endfacet
  facet normal 0.000000 0.000000 1.000000
    outer loop
      vertex 87.000 8.000 36.000
      vertex 85.921 8.215 36.000
      vertex 85.900 8.000 36.000
    endloop
  endfacet
  facet normal -0.995185 -0.098017 0.000000
    outer loop
      vertex 85.900 8.000 32.000
      vertex 85.921 7.785 32.000
      vertex 85.921 7.785 36.000
    endloop
  endfacet
  facet normal -0.995185 -0.098017 0.000000
    outer loop
      vertex 85.900 8.000 32.000
      vertex 85.921 7.785 36.000
      vertex 85.900 8.000 36.000
    endloop
  endfacet
  facet normal -0.000000 0.000000 -1.000000
    outer loop
      vertex 87.000 8.000 32.000
      vertex 85.921 7.785 32.000
      vertex 85.900 8.000 32.000
    endloop
  endfacet
  facet normal 0.000000 0.000000 1.000000
    outer loop
      vertex 87.000 8.000 36.000
      vertex 85.900 8.000 36.000
      vertex 85.921 7.785 36.000
    endloop
  endfacet
  facet normal -0.956940 -0.290285 0.000000
    outer loop
      vertex 85.921 7.785 32.000
      vertex 85.984 7.579 32.000
      vertex 85.984 7.579 36.000
    endloop
  endfacet
  facet normal -0.956940 -0.290285 0.000000
    outer loop
      vertex 85.921 7.785 32.000
      vertex 85.984 7.579 36.000
      vertex 85.921 7.785 36.000
    endloop
  endfacet
  facet normal 0.000000 0.000000 -1.000000
    outer loop
      vertex 87.000 8.000 32.000
      vertex 85.984 7.579 32.000
      vertex 85.921 7.785 32.000
    endloop
  endfacet
  facet normal 0.000000 0.000000 1.000000
    outer loop
      vertex 87.000 8.000 36.000
      vertex 85.921 7.785 36.000
      vertex 85.984 7.579 36.000
    endloop
  endfacet
  facet normal -0.881921 -0.471397 0.000000
    outer loop
      vertex 85.984 7.579 32.000
      vertex 86.085 7.389 32.000
      vertex 86.085 7.389 36.000
    endloop
  endfacet
  facet normal -0.881921 -0.471397 0.000000
    outer loop
      vertex 85.984 7.579 32.000
      vertex 86.085 7.389 36.000
      vertex 85.984 7.579 36.000
    endloop
  endfacet
  facet normal 0.000000 0.000000 -1.000000
    outer loop
      vertex 87.000 8.000 32.000
      vertex 86.085 7.389 32.000
      vertex 85.984 7.579 32.000
    endloop
  endfacet
  facet normal 0.000000 0.000000 1.000000
    outer loop
      vertex 87.000 8.000 36.000
      vertex 85.984 7.579 36.000
      vertex 86.085 7.389 36.000
    endloop
  endfacet
  facet normal -0.773010 -0.634393 0.000000
    outer loop
      vertex 86.085 7.389 32.000
      vertex 86.222 7.222 32.000
      vertex 86.222 7.222 36.000
    endloop
  endfacet
  facet normal -0.773010 -0.634393 0.000000
    outer loop
      vertex 86.085 7.389 32.000
      vertex 86.222 7.222 36.000
      vertex 86.085 7.389 36.000
    endloop
  endfacet
  facet normal 0.000000 0.000000 -1.000000
    outer loop
      vertex 87.000 8.000 32.000
      vertex 86.222 7.222 32.000
      vertex 86.085 7.389 32.000
    endloop
  endfacet
  facet normal 0.000000 0.000000 1.000000
    outer loop
      vertex 87.000 8.000 36.000
      vertex 86.085 7.389 36.000
      vertex 86.222 7.222 36.000
    endloop
  endfacet
  facet normal -0.634393 -0.773010 0.000000
    outer loop
      vertex 86.222 7.222 32.000
      vertex 86.389 7.085 32.000
      vertex 86.389 7.085 36.000
    endloop
  endfacet
  facet normal -0.634393 -0.773010 0.000000
    outer loop
      vertex 86.222 7.222 32.000
      vertex 86.389 7.085 36.000
      vertex 86.222 7.222 36.000
    endloop
  endfacet
  facet normal 0.000000 0.000000 -1.000000
    outer loop
      vertex 87.000 8.000 32.000
      vertex 86.389 7.085 32.000
      vertex 86.222 7.222 32.000
    endloop
  endfacet
  facet normal 0.000000 0.000000 1.000000
    outer loop
      vertex 87.000 8.000 36.000
      vertex 86.222 7.222 36.000
      vertex 86.389 7.085 36.000
    endloop
  endfacet
  facet normal -0.471397 -0.881921 0.000000
    outer loop
      vertex 86.389 7.085 32.000
      vertex 86.579 6.984 32.000
      vertex 86.579 6.984 36.000
    endloop
  endfacet
  facet normal -0.471397 -0.881921 0.000000
    outer loop
      vertex 86.389 7.085 32.000
      vertex 86.579 6.984 36.000
      vertex 86.389 7.085 36.000
    endloop
  endfacet
  facet normal 0.000000 0.000000 -1.000000
    outer loop
      vertex 87.000 8.000 32.000
      vertex 86.579 6.984 32.000
      vertex 86.389 7.085 32.000
    endloop
  endfacet
  facet normal 0.000000 0.000000 1.000000
    outer loop
      vertex 87.000 8.000 36.000
      vertex 86.389 7.085 36.000
      vertex 86.579 6.984 36.000
    endloop
  endfacet
  facet normal -0.290285 -0.956940 0.000000
    outer loop
      vertex 86.579 6.984 32.000
      vertex 86.785 6.921 32.000
      vertex 86.785 6.921 36.000
    endloop
  endfacet
  facet normal -0.290285 -0.956940 0.000000
    outer loop
      vertex 86.579 6.984 32.000
      vertex 86.785 6.921 36.000
      vertex 86.579 6.984 36.000
    endloop
  endfacet
  facet normal 0.000000 0.000000 -1.000000
    outer loop
      vertex 87.000 8.000 32.000
      vertex 86.785 6.921 32.000
      vertex 86.579 6.984 32.000
    endloop
  endfacet
  facet normal 0.000000 0.000000 1.000000
    outer loop
      vertex 87.000 8.000 36.000
      vertex 86.579 6.984 36.000
      vertex 86.785 6.921 36.000
    endloop
  endfacet
  facet normal -0.098017 -0.995185 0.000000
    outer loop
      vertex 86.785 6.921 32.000
      vertex 87.000 6.900 32.000
      vertex 87.000 6.900 36.000
    endloop
  endfacet
  facet normal -0.098017 -0.995185 0.000000
    outer loop
      vertex 86.785 6.921 32.000
      vertex 87.000 6.900 36.000
      vertex 86.785 6.921 36.000
    endloop
  endfacet
  facet normal 0.000000 -0.000000 -1.000000
    outer loop
      vertex 87.000 8.000 32.000
      vertex 87.000 6.900 32.000
      vertex 86.785 6.921 32.000
    endloop
  endfacet
  facet normal 0.000000 0.000000 1.000000
    outer loop
      vertex 87.000 8.000 36.000
      vertex 86.785 6.921 36.000
      vertex 87.000 6.900 36.000
    endloop
  endfacet
  facet normal 0.098017 -0.995185 0.000000
    outer loop
      vertex 87.000 6.900 32.000
      vertex 87.215 6.921 32.000
      vertex 87.215 6.921 36.000
    endloop
  endfacet
  facet normal 0.098017 -0.995185 0.000000
    outer loop
      vertex 87.000 6.900 32.000
      vertex 87.215 6.921 36.000
      vertex 87.000 6.900 36.000
    endloop
  endfacet
  facet normal 0.000000 0.000000 -1.000000
    outer loop
      vertex 87.000 8.000 32.000
      vertex 87.215 6.921 32.000
      vertex 87.000 6.900 32.000
    endloop
  endfacet
  facet normal 0.000000 0.000000 1.000000
    outer loop
      vertex 87.000 8.000 36.000
      vertex 87.000 6.900 36.000
      vertex 87.215 6.921 36.000
    endloop
  endfacet
  facet normal 0.290285 -0.956940 0.000000
    outer loop
      vertex 87.215 6.921 32.000
      vertex 87.421 6.984 32.000
      vertex 87.421 6.984 36.000
    endloop
  endfacet
  facet normal 0.290285 -0.956940 0.000000
    outer loop
      vertex 87.215 6.921 32.000
      vertex 87.421 6.984 36.000
      vertex 87.215 6.921 36.000
    endloop
  endfacet
  facet normal 0.000000 0.000000 -1.000000
    outer loop
      vertex 87.000 8.000 32.000
      vertex 87.421 6.984 32.000
      vertex 87.215 6.921 32.000
    endloop
  endfacet
  facet normal 0.000000 0.000000 1.000000
    outer loop
      vertex 87.000 8.000 36.000
      vertex 87.215 6.921 36.000
      vertex 87.421 6.984 36.000
    endloop
  endfacet
  facet normal 0.471397 -0.881921 0.000000
    outer loop
      vertex 87.421 6.984 32.000
      vertex 87.611 7.085 32.000
      vertex 87.611 7.085 36.000
    endloop
  endfacet
  facet normal 0.471397 -0.881921 0.000000
    outer loop
      vertex 87.421 6.984 32.000
      vertex 87.611 7.085 36.000
      vertex 87.421 6.984 36.000
    endloop
  endfacet
  facet normal 0.000000 0.000000 -1.000000
    outer loop
      vertex 87.000 8.000 32.000
      vertex 87.611 7.085 32.000
      vertex 87.421 6.984 32.000
    endloop
  endfacet
  facet normal 0.000000 0.000000 1.000000
    outer loop
      vertex 87.000 8.000 36.000
      vertex 87.421 6.984 36.000
      vertex 87.611 7.085 36.000
    endloop
  endfacet
  facet normal 0.634393 -0.773010 0.000000
    outer loop
      vertex 87.611 7.085 32.000
      vertex 87.778 7.222 32.000
      vertex 87.778 7.222 36.000
    endloop
  endfacet
  facet normal 0.634393 -0.773010 0.000000
    outer loop
      vertex 87.611 7.085 32.000
      vertex 87.778 7.222 36.000
      vertex 87.611 7.085 36.000
    endloop
  endfacet
  facet normal 0.000000 0.000000 -1.000000
    outer loop
      vertex 87.000 8.000 32.000
      vertex 87.778 7.222 32.000
      vertex 87.611 7.085 32.000
    endloop
  endfacet
  facet normal 0.000000 0.000000 1.000000
    outer loop
      vertex 87.000 8.000 36.000
      vertex 87.611 7.085 36.000
      vertex 87.778 7.222 36.000
    endloop
  endfacet
  facet normal 0.773010 -0.634393 0.000000
    outer loop
      vertex 87.778 7.222 32.000
      vertex 87.915 7.389 32.000
      vertex 87.915 7.389 36.000
    endloop
  endfacet
  facet normal 0.773010 -0.634393 0.000000
    outer loop
      vertex 87.778 7.222 32.000
      vertex 87.915 7.389 36.000
      vertex 87.778 7.222 36.000
    endloop
  endfacet
  facet normal 0.000000 0.000000 -1.000000
    outer loop
      vertex 87.000 8.000 32.000
      vertex 87.915 7.389 32.000
      vertex 87.778 7.222 32.000
    endloop
  endfacet
  facet normal 0.000000 0.000000 1.000000
    outer loop
      vertex 87.000 8.000 36.000
      vertex 87.778 7.222 36.000
      vertex 87.915 7.389 36.000
    endloop
  endfacet
  facet normal 0.881921 -0.471397 0.000000
    outer loop
      vertex 87.915 7.389 32.000
      vertex 88.016 7.579 32.000
      vertex 88.016 7.579 36.000
    endloop
  endfacet
  facet normal 0.881921 -0.471397 0.000000
    outer loop
      vertex 87.915 7.389 32.000
      vertex 88.016 7.579 36.000
      vertex 87.915 7.389 36.000
    endloop
  endfacet
  facet normal 0.000000 0.000000 -1.000000
    outer loop
      vertex 87.000 8.000 32.000
      vertex 88.016 7.579 32.000
      vertex 87.915 7.389 32.000
    endloop
  endfacet
  facet normal 0.000000 0.000000 1.000000
    outer loop
      vertex 87.000 8.000 36.000
      vertex 87.915 7.389 36.000
      vertex 88.016 7.579 36.000
    endloop
  endfacet
  facet normal 0.956940 -0.290285 0.000000
    outer loop
      vertex 88.016 7.579 32.000
      vertex 88.079 7.785 32.000
      vertex 88.079 7.785 36.000
    endloop
  endfacet
  facet normal 0.956940 -0.290285 0.000000
    outer loop
      vertex 88.016 7.579 32.000
      vertex 88.079 7.785 36.000
      vertex 88.016 7.579 36.000
    endloop
  endfacet
  facet normal 0.000000 0.000000 -1.000000
    outer loop
      vertex 87.000 8.000 32.000
      vertex 88.079 7.785 32.000
      vertex 88.016 7.579 32.000
    endloop
  endfacet
  facet normal 0.000000 0.000000 1.000000
    outer loop
      vertex 87.000 8.000 36.000
      vertex 88.016 7.579 36.000
      vertex 88.079 7.785 36.000
    endloop
  endfacet
  facet normal 0.995185 -0.098017 0.000000
    outer loop
      vertex 88.079 7.785 32.000
      vertex 88.100 8.000 32.000
      vertex 88.100 8.000 36.000
    endloop
  endfacet
  facet normal 0.995185 -0.098017 0.000000
    outer loop
      vertex 88.079 7.785 32.000
      vertex 88.100 8.000 36.000
      vertex 88.079 7.785 36.000
    endloop
  endfacet
  facet normal 0.000000 0.000000 -1.000000
    outer loop
      vertex 87.000 8.000 32.000
      vertex 88.100 8.000 32.000
      vertex 88.079 7.785 32.000
    endloop
  endfacet
  facet normal -0.000000 0.000000 1.000000
    outer loop
      vertex 87.000 8.000 36.000
      vertex 88.079 7.785 36.000
      vertex 88.100 8.000 36.000
    endloop
  endfacet
  facet normal 0.995185 0.098017 0.000000
    outer loop
      vertex 11.600 117.000 2.400
      vertex 11.531 117.702 2.400
      vertex 11.531 117.702 36.000
    endloop
  endfacet
  facet normal 0.995185 0.098017 -0.000000
    outer loop
      vertex 11.600 117.000 2.400
      vertex 11.531 117.702 36.000
      vertex 11.600 117.000 36.000
    endloop
  endfacet
  facet normal 0.000000 0.000000 -1.000000
    outer loop
      vertex 8.000 117.000 2.400
      vertex 11.531 117.702 2.400
      vertex 11.600 117.000 2.400
    endloop
  endfacet
  facet normal 0.000000 0.000000 1.000000
    outer loop
      vertex 8.000 117.000 36.000
      vertex 11.600 117.000 36.000
      vertex 11.531 117.702 36.000
    endloop
  endfacet
  facet normal 0.956940 0.290285 0.000000
    outer loop
      vertex 11.531 117.702 2.400
      vertex 11.326 118.378 2.400
      vertex 11.326 118.378 36.000
    endloop
  endfacet
  facet normal 0.956940 0.290285 -0.000000
    outer loop
      vertex 11.531 117.702 2.400
      vertex 11.326 118.378 36.000
      vertex 11.531 117.702 36.000
    endloop
  endfacet
  facet normal 0.000000 0.000000 -1.000000
    outer loop
      vertex 8.000 117.000 2.400
      vertex 11.326 118.378 2.400
      vertex 11.531 117.702 2.400
    endloop
  endfacet
  facet normal 0.000000 0.000000 1.000000
    outer loop
      vertex 8.000 117.000 36.000
      vertex 11.531 117.702 36.000
      vertex 11.326 118.378 36.000
    endloop
  endfacet
  facet normal 0.881921 0.471397 0.000000
    outer loop
      vertex 11.326 118.378 2.400
      vertex 10.993 119.000 2.400
      vertex 10.993 119.000 36.000
    endloop
  endfacet
  facet normal 0.881921 0.471397 -0.000000
    outer loop
      vertex 11.326 118.378 2.400
      vertex 10.993 119.000 36.000
      vertex 11.326 118.378 36.000
    endloop
  endfacet
  facet normal 0.000000 0.000000 -1.000000
    outer loop
      vertex 8.000 117.000 2.400
      vertex 10.993 119.000 2.400
      vertex 11.326 118.378 2.400
    endloop
  endfacet
  facet normal 0.000000 0.000000 1.000000
    outer loop
      vertex 8.000 117.000 36.000
      vertex 11.326 118.378 36.000
      vertex 10.993 119.000 36.000
    endloop
  endfacet
  facet normal 0.773010 0.634393 0.000000
    outer loop
      vertex 10.993 119.000 2.400
      vertex 10.546 119.546 2.400
      vertex 10.546 119.546 36.000
    endloop
  endfacet
  facet normal 0.773010 0.634393 -0.000000
    outer loop
      vertex 10.993 119.000 2.400
      vertex 10.546 119.546 36.000
      vertex 10.993 119.000 36.000
    endloop
  endfacet
  facet normal 0.000000 0.000000 -1.000000
    outer loop
      vertex 8.000 117.000 2.400
      vertex 10.546 119.546 2.400
      vertex 10.993 119.000 2.400
    endloop
  endfacet
  facet normal 0.000000 0.000000 1.000000
    outer loop
      vertex 8.000 117.000 36.000
      vertex 10.993 119.000 36.000
      vertex 10.546 119.546 36.000
    endloop
  endfacet
  facet normal 0.634393 0.773010 0.000000
    outer loop
      vertex 10.546 119.546 2.400
      vertex 10.000 119.993 2.400
      vertex 10.000 119.993 36.000
    endloop
  endfacet
  facet normal 0.634393 0.773010 -0.000000
    outer loop
      vertex 10.546 119.546 2.400
      vertex 10.000 119.993 36.000
      vertex 10.546 119.546 36.000
    endloop
  endfacet
  facet normal 0.000000 0.000000 -1.000000
    outer loop
      vertex 8.000 117.000 2.400
      vertex 10.000 119.993 2.400
      vertex 10.546 119.546 2.400
    endloop
  endfacet
  facet normal 0.000000 0.000000 1.000000
    outer loop
      vertex 8.000 117.000 36.000
      vertex 10.546 119.546 36.000
      vertex 10.000 119.993 36.000
    endloop
  endfacet
  facet normal 0.471397 0.881921 0.000000
    outer loop
      vertex 10.000 119.993 2.400
      vertex 9.378 120.326 2.400
      vertex 9.378 120.326 36.000
    endloop
  endfacet
  facet normal 0.471397 0.881921 -0.000000
    outer loop
      vertex 10.000 119.993 2.400
      vertex 9.378 120.326 36.000
      vertex 10.000 119.993 36.000
    endloop
  endfacet
  facet normal 0.000000 0.000000 -1.000000
    outer loop
      vertex 8.000 117.000 2.400
      vertex 9.378 120.326 2.400
      vertex 10.000 119.993 2.400
    endloop
  endfacet
  facet normal 0.000000 0.000000 1.000000
    outer loop
      vertex 8.000 117.000 36.000
      vertex 10.000 119.993 36.000
      vertex 9.378 120.326 36.000
    endloop
  endfacet
  facet normal 0.290285 0.956940 0.000000
    outer loop
      vertex 9.378 120.326 2.400
      vertex 8.702 120.531 2.400
      vertex 8.702 120.531 36.000
    endloop
  endfacet
  facet normal 0.290285 0.956940 -0.000000
    outer loop
      vertex 9.378 120.326 2.400
      vertex 8.702 120.531 36.000
      vertex 9.378 120.326 36.000
    endloop
  endfacet
  facet normal 0.000000 0.000000 -1.000000
    outer loop
      vertex 8.000 117.000 2.400
      vertex 8.702 120.531 2.400
      vertex 9.378 120.326 2.400
    endloop
  endfacet
  facet normal 0.000000 0.000000 1.000000
    outer loop
      vertex 8.000 117.000 36.000
      vertex 9.378 120.326 36.000
      vertex 8.702 120.531 36.000
    endloop
  endfacet
  facet normal 0.098017 0.995185 0.000000
    outer loop
      vertex 8.702 120.531 2.400
      vertex 8.000 120.600 2.400
      vertex 8.000 120.600 36.000
    endloop
  endfacet
  facet normal 0.098017 0.995185 -0.000000
    outer loop
      vertex 8.702 120.531 2.400
      vertex 8.000 120.600 36.000
      vertex 8.702 120.531 36.000
    endloop
  endfacet
  facet normal 0.000000 0.000000 -1.000000
    outer loop
      vertex 8.000 117.000 2.400
      vertex 8.000 120.600 2.400
      vertex 8.702 120.531 2.400
    endloop
  endfacet
  facet normal 0.000000 0.000000 1.000000
    outer loop
      vertex 8.000 117.000 36.000
      vertex 8.702 120.531 36.000
      vertex 8.000 120.600 36.000
    endloop
  endfacet
  facet normal -0.098017 0.995185 0.000000
    outer loop
      vertex 8.000 120.600 2.400
      vertex 7.298 120.531 2.400
      vertex 7.298 120.531 36.000
    endloop
  endfacet
  facet normal -0.098017 0.995185 0.000000
    outer loop
      vertex 8.000 120.600 2.400
      vertex 7.298 120.531 36.000
      vertex 8.000 120.600 36.000
    endloop
  endfacet
  facet normal 0.000000 0.000000 -1.000000
    outer loop
      vertex 8.000 117.000 2.400
      vertex 7.298 120.531 2.400
      vertex 8.000 120.600 2.400
    endloop
  endfacet
  facet normal 0.000000 -0.000000 1.000000
    outer loop
      vertex 8.000 117.000 36.000
      vertex 8.000 120.600 36.000
      vertex 7.298 120.531 36.000
    endloop
  endfacet
  facet normal -0.290285 0.956940 0.000000
    outer loop
      vertex 7.298 120.531 2.400
      vertex 6.622 120.326 2.400
      vertex 6.622 120.326 36.000
    endloop
  endfacet
  facet normal -0.290285 0.956940 0.000000
    outer loop
      vertex 7.298 120.531 2.400
      vertex 6.622 120.326 36.000
      vertex 7.298 120.531 36.000
    endloop
  endfacet
  facet normal 0.000000 0.000000 -1.000000
    outer loop
      vertex 8.000 117.000 2.400
      vertex 6.622 120.326 2.400
      vertex 7.298 120.531 2.400
    endloop
  endfacet
  facet normal 0.000000 0.000000 1.000000
    outer loop
      vertex 8.000 117.000 36.000
      vertex 7.298 120.531 36.000
      vertex 6.622 120.326 36.000
    endloop
  endfacet
  facet normal -0.471397 0.881921 0.000000
    outer loop
      vertex 6.622 120.326 2.400
      vertex 6.000 119.993 2.400
      vertex 6.000 119.993 36.000
    endloop
  endfacet
  facet normal -0.471397 0.881921 0.000000
    outer loop
      vertex 6.622 120.326 2.400
      vertex 6.000 119.993 36.000
      vertex 6.622 120.326 36.000
    endloop
  endfacet
  facet normal 0.000000 0.000000 -1.000000
    outer loop
      vertex 8.000 117.000 2.400
      vertex 6.000 119.993 2.400
      vertex 6.622 120.326 2.400
    endloop
  endfacet
  facet normal 0.000000 0.000000 1.000000
    outer loop
      vertex 8.000 117.000 36.000
      vertex 6.622 120.326 36.000
      vertex 6.000 119.993 36.000
    endloop
  endfacet
  facet normal -0.634393 0.773010 0.000000
    outer loop
      vertex 6.000 119.993 2.400
      vertex 5.454 119.546 2.400
      vertex 5.454 119.546 36.000
    endloop
  endfacet
  facet normal -0.634393 0.773010 0.000000
    outer loop
      vertex 6.000 119.993 2.400
      vertex 5.454 119.546 36.000
      vertex 6.000 119.993 36.000
    endloop
  endfacet
  facet normal 0.000000 0.000000 -1.000000
    outer loop
      vertex 8.000 117.000 2.400
      vertex 5.454 119.546 2.400
      vertex 6.000 119.993 2.400
    endloop
  endfacet
  facet normal 0.000000 0.000000 1.000000
    outer loop
      vertex 8.000 117.000 36.000
      vertex 6.000 119.993 36.000
      vertex 5.454 119.546 36.000
    endloop
  endfacet
  facet normal -0.773010 0.634393 0.000000
    outer loop
      vertex 5.454 119.546 2.400
      vertex 5.007 119.000 2.400
      vertex 5.007 119.000 36.000
    endloop
  endfacet
  facet normal -0.773010 0.634393 0.000000
    outer loop
      vertex 5.454 119.546 2.400
      vertex 5.007 119.000 36.000
      vertex 5.454 119.546 36.000
    endloop
  endfacet
  facet normal 0.000000 0.000000 -1.000000
    outer loop
      vertex 8.000 117.000 2.400
      vertex 5.007 119.000 2.400
      vertex 5.454 119.546 2.400
    endloop
  endfacet
  facet normal 0.000000 0.000000 1.000000
    outer loop
      vertex 8.000 117.000 36.000
      vertex 5.454 119.546 36.000
      vertex 5.007 119.000 36.000
    endloop
  endfacet
  facet normal -0.881921 0.471397 0.000000
    outer loop
      vertex 5.007 119.000 2.400
      vertex 4.674 118.378 2.400
      vertex 4.674 118.378 36.000
    endloop
  endfacet
  facet normal -0.881921 0.471397 0.000000
    outer loop
      vertex 5.007 119.000 2.400
      vertex 4.674 118.378 36.000
      vertex 5.007 119.000 36.000
    endloop
  endfacet
  facet normal 0.000000 0.000000 -1.000000
    outer loop
      vertex 8.000 117.000 2.400
      vertex 4.674 118.378 2.400
      vertex 5.007 119.000 2.400
    endloop
  endfacet
  facet normal 0.000000 0.000000 1.000000
    outer loop
      vertex 8.000 117.000 36.000
      vertex 5.007 119.000 36.000
      vertex 4.674 118.378 36.000
    endloop
  endfacet
  facet normal -0.956940 0.290285 0.000000
    outer loop
      vertex 4.674 118.378 2.400
      vertex 4.469 117.702 2.400
      vertex 4.469 117.702 36.000
    endloop
  endfacet
  facet normal -0.956940 0.290285 0.000000
    outer loop
      vertex 4.674 118.378 2.400
      vertex 4.469 117.702 36.000
      vertex 4.674 118.378 36.000
    endloop
  endfacet
  facet normal 0.000000 0.000000 -1.000000
    outer loop
      vertex 8.000 117.000 2.400
      vertex 4.469 117.702 2.400
      vertex 4.674 118.378 2.400
    endloop
  endfacet
  facet normal 0.000000 0.000000 1.000000
    outer loop
      vertex 8.000 117.000 36.000
      vertex 4.674 118.378 36.000
      vertex 4.469 117.702 36.000
    endloop
  endfacet
  facet normal -0.995185 0.098017 0.000000
    outer loop
      vertex 4.469 117.702 2.400
      vertex 4.400 117.000 2.400
      vertex 4.400 117.000 36.000
    endloop
  endfacet
  facet normal -0.995185 0.098017 0.000000
    outer loop
      vertex 4.469 117.702 2.400
      vertex 4.400 117.000 36.000
      vertex 4.469 117.702 36.000
    endloop
  endfacet
  facet normal 0.000000 0.000000 -1.000000
    outer loop
      vertex 8.000 117.000 2.400
      vertex 4.400 117.000 2.400
      vertex 4.469 117.702 2.400
    endloop
  endfacet
  facet normal 0.000000 0.000000 1.000000
    outer loop
      vertex 8.000 117.000 36.000
      vertex 4.469 117.702 36.000
      vertex 4.400 117.000 36.000
    endloop
  endfacet
  facet normal -0.995185 -0.098017 0.000000
    outer loop
      vertex 4.400 117.000 2.400
      vertex 4.469 116.298 2.400
      vertex 4.469 116.298 36.000
    endloop
  endfacet
  facet normal -0.995185 -0.098017 0.000000
    outer loop
      vertex 4.400 117.000 2.400
      vertex 4.469 116.298 36.000
      vertex 4.400 117.000 36.000
    endloop
  endfacet
  facet normal -0.000000 0.000000 -1.000000
    outer loop
      vertex 8.000 117.000 2.400
      vertex 4.469 116.298 2.400
      vertex 4.400 117.000 2.400
    endloop
  endfacet
  facet normal 0.000000 0.000000 1.000000
    outer loop
      vertex 8.000 117.000 36.000
      vertex 4.400 117.000 36.000
      vertex 4.469 116.298 36.000
    endloop
  endfacet
  facet normal -0.956940 -0.290285 0.000000
    outer loop
      vertex 4.469 116.298 2.400
      vertex 4.674 115.622 2.400
      vertex 4.674 115.622 36.000
    endloop
  endfacet
  facet normal -0.956940 -0.290285 0.000000
    outer loop
      vertex 4.469 116.298 2.400
      vertex 4.674 115.622 36.000
      vertex 4.469 116.298 36.000
    endloop
  endfacet
  facet normal 0.000000 0.000000 -1.000000
    outer loop
      vertex 8.000 117.000 2.400
      vertex 4.674 115.622 2.400
      vertex 4.469 116.298 2.400
    endloop
  endfacet
  facet normal 0.000000 0.000000 1.000000
    outer loop
      vertex 8.000 117.000 36.000
      vertex 4.469 116.298 36.000
      vertex 4.674 115.622 36.000
    endloop
  endfacet
  facet normal -0.881921 -0.471397 0.000000
    outer loop
      vertex 4.674 115.622 2.400
      vertex 5.007 115.000 2.400
      vertex 5.007 115.000 36.000
    endloop
  endfacet
  facet normal -0.881921 -0.471397 0.000000
    outer loop
      vertex 4.674 115.622 2.400
      vertex 5.007 115.000 36.000
      vertex 4.674 115.622 36.000
    endloop
  endfacet
  facet normal 0.000000 0.000000 -1.000000
    outer loop
      vertex 8.000 117.000 2.400
      vertex 5.007 115.000 2.400
      vertex 4.674 115.622 2.400
    endloop
  endfacet
  facet normal 0.000000 0.000000 1.000000
    outer loop
      vertex 8.000 117.000 36.000
      vertex 4.674 115.622 36.000
      vertex 5.007 115.000 36.000
    endloop
  endfacet
  facet normal -0.773010 -0.634393 0.000000
    outer loop
      vertex 5.007 115.000 2.400
      vertex 5.454 114.454 2.400
      vertex 5.454 114.454 36.000
    endloop
  endfacet
  facet normal -0.773010 -0.634393 0.000000
    outer loop
      vertex 5.007 115.000 2.400
      vertex 5.454 114.454 36.000
      vertex 5.007 115.000 36.000
    endloop
  endfacet
  facet normal 0.000000 0.000000 -1.000000
    outer loop
      vertex 8.000 117.000 2.400
      vertex 5.454 114.454 2.400
      vertex 5.007 115.000 2.400
    endloop
  endfacet
  facet normal 0.000000 0.000000 1.000000
    outer loop
      vertex 8.000 117.000 36.000
      vertex 5.007 115.000 36.000
      vertex 5.454 114.454 36.000
    endloop
  endfacet
  facet normal -0.634393 -0.773010 0.000000
    outer loop
      vertex 5.454 114.454 2.400
      vertex 6.000 114.007 2.400
      vertex 6.000 114.007 36.000
    endloop
  endfacet
  facet normal -0.634393 -0.773010 0.000000
    outer loop
      vertex 5.454 114.454 2.400
      vertex 6.000 114.007 36.000
      vertex 5.454 114.454 36.000
    endloop
  endfacet
  facet normal 0.000000 0.000000 -1.000000
    outer loop
      vertex 8.000 117.000 2.400
      vertex 6.000 114.007 2.400
      vertex 5.454 114.454 2.400
    endloop
  endfacet
  facet normal 0.000000 0.000000 1.000000
    outer loop
      vertex 8.000 117.000 36.000
      vertex 5.454 114.454 36.000
      vertex 6.000 114.007 36.000
    endloop
  endfacet
  facet normal -0.471397 -0.881921 0.000000
    outer loop
      vertex 6.000 114.007 2.400
      vertex 6.622 113.674 2.400
      vertex 6.622 113.674 36.000
    endloop
  endfacet
  facet normal -0.471397 -0.881921 0.000000
    outer loop
      vertex 6.000 114.007 2.400
      vertex 6.622 113.674 36.000
      vertex 6.000 114.007 36.000
    endloop
  endfacet
  facet normal 0.000000 0.000000 -1.000000
    outer loop
      vertex 8.000 117.000 2.400
      vertex 6.622 113.674 2.400
      vertex 6.000 114.007 2.400
    endloop
  endfacet
  facet normal 0.000000 0.000000 1.000000
    outer loop
      vertex 8.000 117.000 36.000
      vertex 6.000 114.007 36.000
      vertex 6.622 113.674 36.000
    endloop
  endfacet
  facet normal -0.290285 -0.956940 0.000000
    outer loop
      vertex 6.622 113.674 2.400
      vertex 7.298 113.469 2.400
      vertex 7.298 113.469 36.000
    endloop
  endfacet
  facet normal -0.290285 -0.956940 0.000000
    outer loop
      vertex 6.622 113.674 2.400
      vertex 7.298 113.469 36.000
      vertex 6.622 113.674 36.000
    endloop
  endfacet
  facet normal 0.000000 0.000000 -1.000000
    outer loop
      vertex 8.000 117.000 2.400
      vertex 7.298 113.469 2.400
      vertex 6.622 113.674 2.400
    endloop
  endfacet
  facet normal 0.000000 0.000000 1.000000
    outer loop
      vertex 8.000 117.000 36.000
      vertex 6.622 113.674 36.000
      vertex 7.298 113.469 36.000
    endloop
  endfacet
  facet normal -0.098017 -0.995185 0.000000
    outer loop
      vertex 7.298 113.469 2.400
      vertex 8.000 113.400 2.400
      vertex 8.000 113.400 36.000
    endloop
  endfacet
  facet normal -0.098017 -0.995185 0.000000
    outer loop
      vertex 7.298 113.469 2.400
      vertex 8.000 113.400 36.000
      vertex 7.298 113.469 36.000
    endloop
  endfacet
  facet normal 0.000000 0.000000 -1.000000
    outer loop
      vertex 8.000 117.000 2.400
      vertex 8.000 113.400 2.400
      vertex 7.298 113.469 2.400
    endloop
  endfacet
  facet normal 0.000000 0.000000 1.000000
    outer loop
      vertex 8.000 117.000 36.000
      vertex 7.298 113.469 36.000
      vertex 8.000 113.400 36.000
    endloop
  endfacet
  facet normal 0.098017 -0.995185 0.000000
    outer loop
      vertex 8.000 113.400 2.400
      vertex 8.702 113.469 2.400
      vertex 8.702 113.469 36.000
    endloop
  endfacet
  facet normal 0.098017 -0.995185 0.000000
    outer loop
      vertex 8.000 113.400 2.400
      vertex 8.702 113.469 36.000
      vertex 8.000 113.400 36.000
    endloop
  endfacet
  facet normal 0.000000 -0.000000 -1.000000
    outer loop
      vertex 8.000 117.000 2.400
      vertex 8.702 113.469 2.400
      vertex 8.000 113.400 2.400
    endloop
  endfacet
  facet normal 0.000000 0.000000 1.000000
    outer loop
      vertex 8.000 117.000 36.000
      vertex 8.000 113.400 36.000
      vertex 8.702 113.469 36.000
    endloop
  endfacet
  facet normal 0.290285 -0.956940 0.000000
    outer loop
      vertex 8.702 113.469 2.400
      vertex 9.378 113.674 2.400
      vertex 9.378 113.674 36.000
    endloop
  endfacet
  facet normal 0.290285 -0.956940 0.000000
    outer loop
      vertex 8.702 113.469 2.400
      vertex 9.378 113.674 36.000
      vertex 8.702 113.469 36.000
    endloop
  endfacet
  facet normal 0.000000 0.000000 -1.000000
    outer loop
      vertex 8.000 117.000 2.400
      vertex 9.378 113.674 2.400
      vertex 8.702 113.469 2.400
    endloop
  endfacet
  facet normal 0.000000 0.000000 1.000000
    outer loop
      vertex 8.000 117.000 36.000
      vertex 8.702 113.469 36.000
      vertex 9.378 113.674 36.000
    endloop
  endfacet
  facet normal 0.471397 -0.881921 0.000000
    outer loop
      vertex 9.378 113.674 2.400
      vertex 10.000 114.007 2.400
      vertex 10.000 114.007 36.000
    endloop
  endfacet
  facet normal 0.471397 -0.881921 0.000000
    outer loop
      vertex 9.378 113.674 2.400
      vertex 10.000 114.007 36.000
      vertex 9.378 113.674 36.000
    endloop
  endfacet
  facet normal 0.000000 0.000000 -1.000000
    outer loop
      vertex 8.000 117.000 2.400
      vertex 10.000 114.007 2.400
      vertex 9.378 113.674 2.400
    endloop
  endfacet
  facet normal 0.000000 0.000000 1.000000
    outer loop
      vertex 8.000 117.000 36.000
      vertex 9.378 113.674 36.000
      vertex 10.000 114.007 36.000
    endloop
  endfacet
  facet normal 0.634393 -0.773010 0.000000
    outer loop
      vertex 10.000 114.007 2.400
      vertex 10.546 114.454 2.400
      vertex 10.546 114.454 36.000
    endloop
  endfacet
  facet normal 0.634393 -0.773010 0.000000
    outer loop
      vertex 10.000 114.007 2.400
      vertex 10.546 114.454 36.000
      vertex 10.000 114.007 36.000
    endloop
  endfacet
  facet normal 0.000000 0.000000 -1.000000
    outer loop
      vertex 8.000 117.000 2.400
      vertex 10.546 114.454 2.400
      vertex 10.000 114.007 2.400
    endloop
  endfacet
  facet normal 0.000000 0.000000 1.000000
    outer loop
      vertex 8.000 117.000 36.000
      vertex 10.000 114.007 36.000
      vertex 10.546 114.454 36.000
    endloop
  endfacet
  facet normal 0.773010 -0.634393 0.000000
    outer loop
      vertex 10.546 114.454 2.400
      vertex 10.993 115.000 2.400
      vertex 10.993 115.000 36.000
    endloop
  endfacet
  facet normal 0.773010 -0.634393 0.000000
    outer loop
      vertex 10.546 114.454 2.400
      vertex 10.993 115.000 36.000
      vertex 10.546 114.454 36.000
    endloop
  endfacet
  facet normal 0.000000 0.000000 -1.000000
    outer loop
      vertex 8.000 117.000 2.400
      vertex 10.993 115.000 2.400
      vertex 10.546 114.454 2.400
    endloop
  endfacet
  facet normal 0.000000 0.000000 1.000000
    outer loop
      vertex 8.000 117.000 36.000
      vertex 10.546 114.454 36.000
      vertex 10.993 115.000 36.000
    endloop
  endfacet
  facet normal 0.881921 -0.471397 0.000000
    outer loop
      vertex 10.993 115.000 2.400
      vertex 11.326 115.622 2.400
      vertex 11.326 115.622 36.000
    endloop
  endfacet
  facet normal 0.881921 -0.471397 0.000000
    outer loop
      vertex 10.993 115.000 2.400
      vertex 11.326 115.622 36.000
      vertex 10.993 115.000 36.000
    endloop
  endfacet
  facet normal 0.000000 0.000000 -1.000000
    outer loop
      vertex 8.000 117.000 2.400
      vertex 11.326 115.622 2.400
      vertex 10.993 115.000 2.400
    endloop
  endfacet
  facet normal 0.000000 0.000000 1.000000
    outer loop
      vertex 8.000 117.000 36.000
      vertex 10.993 115.000 36.000
      vertex 11.326 115.622 36.000
    endloop
  endfacet
  facet normal 0.956940 -0.290285 0.000000
    outer loop
      vertex 11.326 115.622 2.400
      vertex 11.531 116.298 2.400
      vertex 11.531 116.298 36.000
    endloop
  endfacet
  facet normal 0.956940 -0.290285 0.000000
    outer loop
      vertex 11.326 115.622 2.400
      vertex 11.531 116.298 36.000
      vertex 11.326 115.622 36.000
    endloop
  endfacet
  facet normal 0.000000 0.000000 -1.000000
    outer loop
      vertex 8.000 117.000 2.400
      vertex 11.531 116.298 2.400
      vertex 11.326 115.622 2.400
    endloop
  endfacet
  facet normal 0.000000 0.000000 1.000000
    outer loop
      vertex 8.000 117.000 36.000
      vertex 11.326 115.622 36.000
      vertex 11.531 116.298 36.000
    endloop
  endfacet
  facet normal 0.995185 -0.098017 0.000000
    outer loop
      vertex 11.531 116.298 2.400
      vertex 11.600 117.000 2.400
      vertex 11.600 117.000 36.000
    endloop
  endfacet
  facet normal 0.995185 -0.098017 0.000000
    outer loop
      vertex 11.531 116.298 2.400
      vertex 11.600 117.000 36.000
      vertex 11.531 116.298 36.000
    endloop
  endfacet
  facet normal 0.000000 0.000000 -1.000000
    outer loop
      vertex 8.000 117.000 2.400
      vertex 11.600 117.000 2.400
      vertex 11.531 116.298 2.400
    endloop
  endfacet
  facet normal -0.000000 0.000000 1.000000
    outer loop
      vertex 8.000 117.000 36.000
      vertex 11.531 116.298 36.000
      vertex 11.600 117.000 36.000
    endloop
  endfacet
  facet normal 0.995185 0.098017 0.000000
    outer loop
      vertex 9.100 117.000 32.000
      vertex 9.079 117.215 32.000
      vertex 9.079 117.215 36.000
    endloop
  endfacet
  facet normal 0.995185 0.098017 -0.000000
    outer loop
      vertex 9.100 117.000 32.000
      vertex 9.079 117.215 36.000
      vertex 9.100 117.000 36.000
    endloop
  endfacet
  facet normal 0.000000 0.000000 -1.000000
    outer loop
      vertex 8.000 117.000 32.000
      vertex 9.079 117.215 32.000
      vertex 9.100 117.000 32.000
    endloop
  endfacet
  facet normal 0.000000 0.000000 1.000000
    outer loop
      vertex 8.000 117.000 36.000
      vertex 9.100 117.000 36.000
      vertex 9.079 117.215 36.000
    endloop
  endfacet
  facet normal 0.956940 0.290285 0.000000
    outer loop
      vertex 9.079 117.215 32.000
      vertex 9.016 117.421 32.000
      vertex 9.016 117.421 36.000
    endloop
  endfacet
  facet normal 0.956940 0.290285 -0.000000
    outer loop
      vertex 9.079 117.215 32.000
      vertex 9.016 117.421 36.000
      vertex 9.079 117.215 36.000
    endloop
  endfacet
  facet normal 0.000000 0.000000 -1.000000
    outer loop
      vertex 8.000 117.000 32.000
      vertex 9.016 117.421 32.000
      vertex 9.079 117.215 32.000
    endloop
  endfacet
  facet normal 0.000000 0.000000 1.000000
    outer loop
      vertex 8.000 117.000 36.000
      vertex 9.079 117.215 36.000
      vertex 9.016 117.421 36.000
    endloop
  endfacet
  facet normal 0.881921 0.471397 0.000000
    outer loop
      vertex 9.016 117.421 32.000
      vertex 8.915 117.611 32.000
      vertex 8.915 117.611 36.000
    endloop
  endfacet
  facet normal 0.881921 0.471397 -0.000000
    outer loop
      vertex 9.016 117.421 32.000
      vertex 8.915 117.611 36.000
      vertex 9.016 117.421 36.000
    endloop
  endfacet
  facet normal 0.000000 0.000000 -1.000000
    outer loop
      vertex 8.000 117.000 32.000
      vertex 8.915 117.611 32.000
      vertex 9.016 117.421 32.000
    endloop
  endfacet
  facet normal 0.000000 0.000000 1.000000
    outer loop
      vertex 8.000 117.000 36.000
      vertex 9.016 117.421 36.000
      vertex 8.915 117.611 36.000
    endloop
  endfacet
  facet normal 0.773010 0.634393 0.000000
    outer loop
      vertex 8.915 117.611 32.000
      vertex 8.778 117.778 32.000
      vertex 8.778 117.778 36.000
    endloop
  endfacet
  facet normal 0.773010 0.634393 -0.000000
    outer loop
      vertex 8.915 117.611 32.000
      vertex 8.778 117.778 36.000
      vertex 8.915 117.611 36.000
    endloop
  endfacet
  facet normal 0.000000 0.000000 -1.000000
    outer loop
      vertex 8.000 117.000 32.000
      vertex 8.778 117.778 32.000
      vertex 8.915 117.611 32.000
    endloop
  endfacet
  facet normal 0.000000 0.000000 1.000000
    outer loop
      vertex 8.000 117.000 36.000
      vertex 8.915 117.611 36.000
      vertex 8.778 117.778 36.000
    endloop
  endfacet
  facet normal 0.634393 0.773010 0.000000
    outer loop
      vertex 8.778 117.778 32.000
      vertex 8.611 117.915 32.000
      vertex 8.611 117.915 36.000
    endloop
  endfacet
  facet normal 0.634393 0.773010 -0.000000
    outer loop
      vertex 8.778 117.778 32.000
      vertex 8.611 117.915 36.000
      vertex 8.778 117.778 36.000
    endloop
  endfacet
  facet normal 0.000000 0.000000 -1.000000
    outer loop
      vertex 8.000 117.000 32.000
      vertex 8.611 117.915 32.000
      vertex 8.778 117.778 32.000
    endloop
  endfacet
  facet normal 0.000000 0.000000 1.000000
    outer loop
      vertex 8.000 117.000 36.000
      vertex 8.778 117.778 36.000
      vertex 8.611 117.915 36.000
    endloop
  endfacet
  facet normal 0.471397 0.881921 0.000000
    outer loop
      vertex 8.611 117.915 32.000
      vertex 8.421 118.016 32.000
      vertex 8.421 118.016 36.000
    endloop
  endfacet
  facet normal 0.471397 0.881921 -0.000000
    outer loop
      vertex 8.611 117.915 32.000
      vertex 8.421 118.016 36.000
      vertex 8.611 117.915 36.000
    endloop
  endfacet
  facet normal 0.000000 0.000000 -1.000000
    outer loop
      vertex 8.000 117.000 32.000
      vertex 8.421 118.016 32.000
      vertex 8.611 117.915 32.000
    endloop
  endfacet
  facet normal 0.000000 0.000000 1.000000
    outer loop
      vertex 8.000 117.000 36.000
      vertex 8.611 117.915 36.000
      vertex 8.421 118.016 36.000
    endloop
  endfacet
  facet normal 0.290285 0.956940 0.000000
    outer loop
      vertex 8.421 118.016 32.000
      vertex 8.215 118.079 32.000
      vertex 8.215 118.079 36.000
    endloop
  endfacet
  facet normal 0.290285 0.956940 -0.000000
    outer loop
      vertex 8.421 118.016 32.000
      vertex 8.215 118.079 36.000
      vertex 8.421 118.016 36.000
    endloop
  endfacet
  facet normal 0.000000 0.000000 -1.000000
    outer loop
      vertex 8.000 117.000 32.000
      vertex 8.215 118.079 32.000
      vertex 8.421 118.016 32.000
    endloop
  endfacet
  facet normal 0.000000 0.000000 1.000000
    outer loop
      vertex 8.000 117.000 36.000
      vertex 8.421 118.016 36.000
      vertex 8.215 118.079 36.000
    endloop
  endfacet
  facet normal 0.098017 0.995185 0.000000
    outer loop
      vertex 8.215 118.079 32.000
      vertex 8.000 118.100 32.000
      vertex 8.000 118.100 36.000
    endloop
  endfacet
  facet normal 0.098017 0.995185 -0.000000
    outer loop
      vertex 8.215 118.079 32.000
      vertex 8.000 118.100 36.000
      vertex 8.215 118.079 36.000
    endloop
  endfacet
  facet normal 0.000000 0.000000 -1.000000
    outer loop
      vertex 8.000 117.000 32.000
      vertex 8.000 118.100 32.000
      vertex 8.215 118.079 32.000
    endloop
  endfacet
  facet normal 0.000000 0.000000 1.000000
    outer loop
      vertex 8.000 117.000 36.000
      vertex 8.215 118.079 36.000
      vertex 8.000 118.100 36.000
    endloop
  endfacet
  facet normal -0.098017 0.995185 0.000000
    outer loop
      vertex 8.000 118.100 32.000
      vertex 7.785 118.079 32.000
      vertex 7.785 118.079 36.000
    endloop
  endfacet
  facet normal -0.098017 0.995185 0.000000
    outer loop
      vertex 8.000 118.100 32.000
      vertex 7.785 118.079 36.000
      vertex 8.000 118.100 36.000
    endloop
  endfacet
  facet normal 0.000000 0.000000 -1.000000
    outer loop
      vertex 8.000 117.000 32.000
      vertex 7.785 118.079 32.000
      vertex 8.000 118.100 32.000
    endloop
  endfacet
  facet normal 0.000000 -0.000000 1.000000
    outer loop
      vertex 8.000 117.000 36.000
      vertex 8.000 118.100 36.000
      vertex 7.785 118.079 36.000
    endloop
  endfacet
  facet normal -0.290285 0.956940 0.000000
    outer loop
      vertex 7.785 118.079 32.000
      vertex 7.579 118.016 32.000
      vertex 7.579 118.016 36.000
    endloop
  endfacet
  facet normal -0.290285 0.956940 0.000000
    outer loop
      vertex 7.785 118.079 32.000
      vertex 7.579 118.016 36.000
      vertex 7.785 118.079 36.000
    endloop
  endfacet
  facet normal 0.000000 0.000000 -1.000000
    outer loop
      vertex 8.000 117.000 32.000
      vertex 7.579 118.016 32.000
      vertex 7.785 118.079 32.000
    endloop
  endfacet
  facet normal 0.000000 0.000000 1.000000
    outer loop
      vertex 8.000 117.000 36.000
      vertex 7.785 118.079 36.000
      vertex 7.579 118.016 36.000
    endloop
  endfacet
  facet normal -0.471397 0.881921 0.000000
    outer loop
      vertex 7.579 118.016 32.000
      vertex 7.389 117.915 32.000
      vertex 7.389 117.915 36.000
    endloop
  endfacet
  facet normal -0.471397 0.881921 0.000000
    outer loop
      vertex 7.579 118.016 32.000
      vertex 7.389 117.915 36.000
      vertex 7.579 118.016 36.000
    endloop
  endfacet
  facet normal 0.000000 0.000000 -1.000000
    outer loop
      vertex 8.000 117.000 32.000
      vertex 7.389 117.915 32.000
      vertex 7.579 118.016 32.000
    endloop
  endfacet
  facet normal 0.000000 0.000000 1.000000
    outer loop
      vertex 8.000 117.000 36.000
      vertex 7.579 118.016 36.000
      vertex 7.389 117.915 36.000
    endloop
  endfacet
  facet normal -0.634393 0.773010 0.000000
    outer loop
      vertex 7.389 117.915 32.000
      vertex 7.222 117.778 32.000
      vertex 7.222 117.778 36.000
    endloop
  endfacet
  facet normal -0.634393 0.773010 0.000000
    outer loop
      vertex 7.389 117.915 32.000
      vertex 7.222 117.778 36.000
      vertex 7.389 117.915 36.000
    endloop
  endfacet
  facet normal 0.000000 0.000000 -1.000000
    outer loop
      vertex 8.000 117.000 32.000
      vertex 7.222 117.778 32.000
      vertex 7.389 117.915 32.000
    endloop
  endfacet
  facet normal 0.000000 0.000000 1.000000
    outer loop
      vertex 8.000 117.000 36.000
      vertex 7.389 117.915 36.000
      vertex 7.222 117.778 36.000
    endloop
  endfacet
  facet normal -0.773010 0.634393 0.000000
    outer loop
      vertex 7.222 117.778 32.000
      vertex 7.085 117.611 32.000
      vertex 7.085 117.611 36.000
    endloop
  endfacet
  facet normal -0.773010 0.634393 0.000000
    outer loop
      vertex 7.222 117.778 32.000
      vertex 7.085 117.611 36.000
      vertex 7.222 117.778 36.000
    endloop
  endfacet
  facet normal 0.000000 0.000000 -1.000000
    outer loop
      vertex 8.000 117.000 32.000
      vertex 7.085 117.611 32.000
      vertex 7.222 117.778 32.000
    endloop
  endfacet
  facet normal 0.000000 0.000000 1.000000
    outer loop
      vertex 8.000 117.000 36.000
      vertex 7.222 117.778 36.000
      vertex 7.085 117.611 36.000
    endloop
  endfacet
  facet normal -0.881921 0.471397 0.000000
    outer loop
      vertex 7.085 117.611 32.000
      vertex 6.984 117.421 32.000
      vertex 6.984 117.421 36.000
    endloop
  endfacet
  facet normal -0.881921 0.471397 0.000000
    outer loop
      vertex 7.085 117.611 32.000
      vertex 6.984 117.421 36.000
      vertex 7.085 117.611 36.000
    endloop
  endfacet
  facet normal 0.000000 0.000000 -1.000000
    outer loop
      vertex 8.000 117.000 32.000
      vertex 6.984 117.421 32.000
      vertex 7.085 117.611 32.000
    endloop
  endfacet
  facet normal 0.000000 0.000000 1.000000
    outer loop
      vertex 8.000 117.000 36.000
      vertex 7.085 117.611 36.000
      vertex 6.984 117.421 36.000
    endloop
  endfacet
  facet normal -0.956940 0.290285 0.000000
    outer loop
      vertex 6.984 117.421 32.000
      vertex 6.921 117.215 32.000
      vertex 6.921 117.215 36.000
    endloop
  endfacet
  facet normal -0.956940 0.290285 0.000000
    outer loop
      vertex 6.984 117.421 32.000
      vertex 6.921 117.215 36.000
      vertex 6.984 117.421 36.000
    endloop
  endfacet
  facet normal 0.000000 0.000000 -1.000000
    outer loop
      vertex 8.000 117.000 32.000
      vertex 6.921 117.215 32.000
      vertex 6.984 117.421 32.000
    endloop
  endfacet
  facet normal 0.000000 0.000000 1.000000
    outer loop
      vertex 8.000 117.000 36.000
      vertex 6.984 117.421 36.000
      vertex 6.921 117.215 36.000
    endloop
  endfacet
  facet normal -0.995185 0.098017 0.000000
    outer loop
      vertex 6.921 117.215 32.000
      vertex 6.900 117.000 32.000
      vertex 6.900 117.000 36.000
    endloop
  endfacet
  facet normal -0.995185 0.098017 0.000000
    outer loop
      vertex 6.921 117.215 32.000
      vertex 6.900 117.000 36.000
      vertex 6.921 117.215 36.000
    endloop
  endfacet
  facet normal 0.000000 0.000000 -1.000000
    outer loop
      vertex 8.000 117.000 32.000
      vertex 6.900 117.000 32.000
      vertex 6.921 117.215 32.000
    endloop
  endfacet
  facet normal 0.000000 0.000000 1.000000
    outer loop
      vertex 8.000 117.000 36.000
      vertex 6.921 117.215 36.000
      vertex 6.900 117.000 36.000
    endloop
  endfacet
  facet normal -0.995185 -0.098017 0.000000
    outer loop
      vertex 6.900 117.000 32.000
      vertex 6.921 116.785 32.000
      vertex 6.921 116.785 36.000
    endloop
  endfacet
  facet normal -0.995185 -0.098017 0.000000
    outer loop
      vertex 6.900 117.000 32.000
      vertex 6.921 116.785 36.000
      vertex 6.900 117.000 36.000
    endloop
  endfacet
  facet normal -0.000000 0.000000 -1.000000
    outer loop
      vertex 8.000 117.000 32.000
      vertex 6.921 116.785 32.000
      vertex 6.900 117.000 32.000
    endloop
  endfacet
  facet normal 0.000000 0.000000 1.000000
    outer loop
      vertex 8.000 117.000 36.000
      vertex 6.900 117.000 36.000
      vertex 6.921 116.785 36.000
    endloop
  endfacet
  facet normal -0.956940 -0.290285 0.000000
    outer loop
      vertex 6.921 116.785 32.000
      vertex 6.984 116.579 32.000
      vertex 6.984 116.579 36.000
    endloop
  endfacet
  facet normal -0.956940 -0.290285 0.000000
    outer loop
      vertex 6.921 116.785 32.000
      vertex 6.984 116.579 36.000
      vertex 6.921 116.785 36.000
    endloop
  endfacet
  facet normal 0.000000 0.000000 -1.000000
    outer loop
      vertex 8.000 117.000 32.000
      vertex 6.984 116.579 32.000
      vertex 6.921 116.785 32.000
    endloop
  endfacet
  facet normal 0.000000 0.000000 1.000000
    outer loop
      vertex 8.000 117.000 36.000
      vertex 6.921 116.785 36.000
      vertex 6.984 116.579 36.000
    endloop
  endfacet
  facet normal -0.881921 -0.471397 0.000000
    outer loop
      vertex 6.984 116.579 32.000
      vertex 7.085 116.389 32.000
      vertex 7.085 116.389 36.000
    endloop
  endfacet
  facet normal -0.881921 -0.471397 0.000000
    outer loop
      vertex 6.984 116.579 32.000
      vertex 7.085 116.389 36.000
      vertex 6.984 116.579 36.000
    endloop
  endfacet
  facet normal 0.000000 0.000000 -1.000000
    outer loop
      vertex 8.000 117.000 32.000
      vertex 7.085 116.389 32.000
      vertex 6.984 116.579 32.000
    endloop
  endfacet
  facet normal 0.000000 0.000000 1.000000
    outer loop
      vertex 8.000 117.000 36.000
      vertex 6.984 116.579 36.000
      vertex 7.085 116.389 36.000
    endloop
  endfacet
  facet normal -0.773010 -0.634393 0.000000
    outer loop
      vertex 7.085 116.389 32.000
      vertex 7.222 116.222 32.000
      vertex 7.222 116.222 36.000
    endloop
  endfacet
  facet normal -0.773010 -0.634393 0.000000
    outer loop
      vertex 7.085 116.389 32.000
      vertex 7.222 116.222 36.000
      vertex 7.085 116.389 36.000
    endloop
  endfacet
  facet normal 0.000000 0.000000 -1.000000
    outer loop
      vertex 8.000 117.000 32.000
      vertex 7.222 116.222 32.000
      vertex 7.085 116.389 32.000
    endloop
  endfacet
  facet normal 0.000000 0.000000 1.000000
    outer loop
      vertex 8.000 117.000 36.000
      vertex 7.085 116.389 36.000
      vertex 7.222 116.222 36.000
    endloop
  endfacet
  facet normal -0.634393 -0.773010 0.000000
    outer loop
      vertex 7.222 116.222 32.000
      vertex 7.389 116.085 32.000
      vertex 7.389 116.085 36.000
    endloop
  endfacet
  facet normal -0.634393 -0.773010 0.000000
    outer loop
      vertex 7.222 116.222 32.000
      vertex 7.389 116.085 36.000
      vertex 7.222 116.222 36.000
    endloop
  endfacet
  facet normal 0.000000 0.000000 -1.000000
    outer loop
      vertex 8.000 117.000 32.000
      vertex 7.389 116.085 32.000
      vertex 7.222 116.222 32.000
    endloop
  endfacet
  facet normal 0.000000 0.000000 1.000000
    outer loop
      vertex 8.000 117.000 36.000
      vertex 7.222 116.222 36.000
      vertex 7.389 116.085 36.000
    endloop
  endfacet
  facet normal -0.471397 -0.881921 0.000000
    outer loop
      vertex 7.389 116.085 32.000
      vertex 7.579 115.984 32.000
      vertex 7.579 115.984 36.000
    endloop
  endfacet
  facet normal -0.471397 -0.881921 0.000000
    outer loop
      vertex 7.389 116.085 32.000
      vertex 7.579 115.984 36.000
      vertex 7.389 116.085 36.000
    endloop
  endfacet
  facet normal 0.000000 0.000000 -1.000000
    outer loop
      vertex 8.000 117.000 32.000
      vertex 7.579 115.984 32.000
      vertex 7.389 116.085 32.000
    endloop
  endfacet
  facet normal 0.000000 0.000000 1.000000
    outer loop
      vertex 8.000 117.000 36.000
      vertex 7.389 116.085 36.000
      vertex 7.579 115.984 36.000
    endloop
  endfacet
  facet normal -0.290285 -0.956940 0.000000
    outer loop
      vertex 7.579 115.984 32.000
      vertex 7.785 115.921 32.000
      vertex 7.785 115.921 36.000
    endloop
  endfacet
  facet normal -0.290285 -0.956940 0.000000
    outer loop
      vertex 7.579 115.984 32.000
      vertex 7.785 115.921 36.000
      vertex 7.579 115.984 36.000
    endloop
  endfacet
  facet normal 0.000000 0.000000 -1.000000
    outer loop
      vertex 8.000 117.000 32.000
      vertex 7.785 115.921 32.000
      vertex 7.579 115.984 32.000
    endloop
  endfacet
  facet normal 0.000000 0.000000 1.000000
    outer loop
      vertex 8.000 117.000 36.000
      vertex 7.579 115.984 36.000
      vertex 7.785 115.921 36.000
    endloop
  endfacet
  facet normal -0.098017 -0.995185 0.000000
    outer loop
      vertex 7.785 115.921 32.000
      vertex 8.000 115.900 32.000
      vertex 8.000 115.900 36.000
    endloop
  endfacet
  facet normal -0.098017 -0.995185 0.000000
    outer loop
      vertex 7.785 115.921 32.000
      vertex 8.000 115.900 36.000
      vertex 7.785 115.921 36.000
    endloop
  endfacet
  facet normal 0.000000 -0.000000 -1.000000
    outer loop
      vertex 8.000 117.000 32.000
      vertex 8.000 115.900 32.000
      vertex 7.785 115.921 32.000
    endloop
  endfacet
  facet normal 0.000000 0.000000 1.000000
    outer loop
      vertex 8.000 117.000 36.000
      vertex 7.785 115.921 36.000
      vertex 8.000 115.900 36.000
    endloop
  endfacet
  facet normal 0.098017 -0.995185 0.000000
    outer loop
      vertex 8.000 115.900 32.000
      vertex 8.215 115.921 32.000
      vertex 8.215 115.921 36.000
    endloop
  endfacet
  facet normal 0.098017 -0.995185 0.000000
    outer loop
      vertex 8.000 115.900 32.000
      vertex 8.215 115.921 36.000
      vertex 8.000 115.900 36.000
    endloop
  endfacet
  facet normal 0.000000 0.000000 -1.000000
    outer loop
      vertex 8.000 117.000 32.000
      vertex 8.215 115.921 32.000
      vertex 8.000 115.900 32.000
    endloop
  endfacet
  facet normal 0.000000 0.000000 1.000000
    outer loop
      vertex 8.000 117.000 36.000
      vertex 8.000 115.900 36.000
      vertex 8.215 115.921 36.000
    endloop
  endfacet
  facet normal 0.290285 -0.956940 0.000000
    outer loop
      vertex 8.215 115.921 32.000
      vertex 8.421 115.984 32.000
      vertex 8.421 115.984 36.000
    endloop
  endfacet
  facet normal 0.290285 -0.956940 0.000000
    outer loop
      vertex 8.215 115.921 32.000
      vertex 8.421 115.984 36.000
      vertex 8.215 115.921 36.000
    endloop
  endfacet
  facet normal 0.000000 0.000000 -1.000000
    outer loop
      vertex 8.000 117.000 32.000
      vertex 8.421 115.984 32.000
      vertex 8.215 115.921 32.000
    endloop
  endfacet
  facet normal 0.000000 0.000000 1.000000
    outer loop
      vertex 8.000 117.000 36.000
      vertex 8.215 115.921 36.000
      vertex 8.421 115.984 36.000
    endloop
  endfacet
  facet normal 0.471397 -0.881921 0.000000
    outer loop
      vertex 8.421 115.984 32.000
      vertex 8.611 116.085 32.000
      vertex 8.611 116.085 36.000
    endloop
  endfacet
  facet normal 0.471397 -0.881921 0.000000
    outer loop
      vertex 8.421 115.984 32.000
      vertex 8.611 116.085 36.000
      vertex 8.421 115.984 36.000
    endloop
  endfacet
  facet normal 0.000000 0.000000 -1.000000
    outer loop
      vertex 8.000 117.000 32.000
      vertex 8.611 116.085 32.000
      vertex 8.421 115.984 32.000
    endloop
  endfacet
  facet normal 0.000000 0.000000 1.000000
    outer loop
      vertex 8.000 117.000 36.000
      vertex 8.421 115.984 36.000
      vertex 8.611 116.085 36.000
    endloop
  endfacet
  facet normal 0.634393 -0.773010 0.000000
    outer loop
      vertex 8.611 116.085 32.000
      vertex 8.778 116.222 32.000
      vertex 8.778 116.222 36.000
    endloop
  endfacet
  facet normal 0.634393 -0.773010 0.000000
    outer loop
      vertex 8.611 116.085 32.000
      vertex 8.778 116.222 36.000
      vertex 8.611 116.085 36.000
    endloop
  endfacet
  facet normal 0.000000 0.000000 -1.000000
    outer loop
      vertex 8.000 117.000 32.000
      vertex 8.778 116.222 32.000
      vertex 8.611 116.085 32.000
    endloop
  endfacet
  facet normal 0.000000 0.000000 1.000000
    outer loop
      vertex 8.000 117.000 36.000
      vertex 8.611 116.085 36.000
      vertex 8.778 116.222 36.000
    endloop
  endfacet
  facet normal 0.773010 -0.634393 0.000000
    outer loop
      vertex 8.778 116.222 32.000
      vertex 8.915 116.389 32.000
      vertex 8.915 116.389 36.000
    endloop
  endfacet
  facet normal 0.773010 -0.634393 0.000000
    outer loop
      vertex 8.778 116.222 32.000
      vertex 8.915 116.389 36.000
      vertex 8.778 116.222 36.000
    endloop
  endfacet
  facet normal 0.000000 0.000000 -1.000000
    outer loop
      vertex 8.000 117.000 32.000
      vertex 8.915 116.389 32.000
      vertex 8.778 116.222 32.000
    endloop
  endfacet
  facet normal 0.000000 0.000000 1.000000
    outer loop
      vertex 8.000 117.000 36.000
      vertex 8.778 116.222 36.000
      vertex 8.915 116.389 36.000
    endloop
  endfacet
  facet normal 0.881921 -0.471397 0.000000
    outer loop
      vertex 8.915 116.389 32.000
      vertex 9.016 116.579 32.000
      vertex 9.016 116.579 36.000
    endloop
  endfacet
  facet normal 0.881921 -0.471397 0.000000
    outer loop
      vertex 8.915 116.389 32.000
      vertex 9.016 116.579 36.000
      vertex 8.915 116.389 36.000
    endloop
  endfacet
  facet normal 0.000000 0.000000 -1.000000
    outer loop
      vertex 8.000 117.000 32.000
      vertex 9.016 116.579 32.000
      vertex 8.915 116.389 32.000
    endloop
  endfacet
  facet normal 0.000000 0.000000 1.000000
    outer loop
      vertex 8.000 117.000 36.000
      vertex 8.915 116.389 36.000
      vertex 9.016 116.579 36.000
    endloop
  endfacet
  facet normal 0.956940 -0.290285 0.000000
    outer loop
      vertex 9.016 116.579 32.000
      vertex 9.079 116.785 32.000
      vertex 9.079 116.785 36.000
    endloop
  endfacet
  facet normal 0.956940 -0.290285 0.000000
    outer loop
      vertex 9.016 116.579 32.000
      vertex 9.079 116.785 36.000
      vertex 9.016 116.579 36.000
    endloop
  endfacet
  facet normal 0.000000 0.000000 -1.000000
    outer loop
      vertex 8.000 117.000 32.000
      vertex 9.079 116.785 32.000
      vertex 9.016 116.579 32.000
    endloop
  endfacet
  facet normal 0.000000 0.000000 1.000000
    outer loop
      vertex 8.000 117.000 36.000
      vertex 9.016 116.579 36.000
      vertex 9.079 116.785 36.000
    endloop
  endfacet
  facet normal 0.995185 -0.098017 0.000000
    outer loop
      vertex 9.079 116.785 32.000
      vertex 9.100 117.000 32.000
      vertex 9.100 117.000 36.000
    endloop
  endfacet
  facet normal 0.995185 -0.098017 0.000000
    outer loop
      vertex 9.079 116.785 32.000
      vertex 9.100 117.000 36.000
      vertex 9.079 116.785 36.000
    endloop
  endfacet
  facet normal 0.000000 0.000000 -1.000000
    outer loop
      vertex 8.000 117.000 32.000
      vertex 9.100 117.000 32.000
      vertex 9.079 116.785 32.000
    endloop
  endfacet
  facet normal -0.000000 0.000000 1.000000
    outer loop
      vertex 8.000 117.000 36.000
      vertex 9.079 116.785 36.000
      vertex 9.100 117.000 36.000
    endloop
  endfacet
  facet normal 0.995185 0.098017 0.000000
    outer loop
      vertex 90.600 117.000 2.400
      vertex 90.531 117.702 2.400
      vertex 90.531 117.702 36.000
    endloop
  endfacet
  facet normal 0.995185 0.098017 -0.000000
    outer loop
      vertex 90.600 117.000 2.400
      vertex 90.531 117.702 36.000
      vertex 90.600 117.000 36.000
    endloop
  endfacet
  facet normal 0.000000 0.000000 -1.000000
    outer loop
      vertex 87.000 117.000 2.400
      vertex 90.531 117.702 2.400
      vertex 90.600 117.000 2.400
    endloop
  endfacet
  facet normal 0.000000 0.000000 1.000000
    outer loop
      vertex 87.000 117.000 36.000
      vertex 90.600 117.000 36.000
      vertex 90.531 117.702 36.000
    endloop
  endfacet
  facet normal 0.956940 0.290285 0.000000
    outer loop
      vertex 90.531 117.702 2.400
      vertex 90.326 118.378 2.400
      vertex 90.326 118.378 36.000
    endloop
  endfacet
  facet normal 0.956940 0.290285 -0.000000
    outer loop
      vertex 90.531 117.702 2.400
      vertex 90.326 118.378 36.000
      vertex 90.531 117.702 36.000
    endloop
  endfacet
  facet normal 0.000000 0.000000 -1.000000
    outer loop
      vertex 87.000 117.000 2.400
      vertex 90.326 118.378 2.400
      vertex 90.531 117.702 2.400
    endloop
  endfacet
  facet normal 0.000000 0.000000 1.000000
    outer loop
      vertex 87.000 117.000 36.000
      vertex 90.531 117.702 36.000
      vertex 90.326 118.378 36.000
    endloop
  endfacet
  facet normal 0.881921 0.471397 0.000000
    outer loop
      vertex 90.326 118.378 2.400
      vertex 89.993 119.000 2.400
      vertex 89.993 119.000 36.000
    endloop
  endfacet
  facet normal 0.881921 0.471397 -0.000000
    outer loop
      vertex 90.326 118.378 2.400
      vertex 89.993 119.000 36.000
      vertex 90.326 118.378 36.000
    endloop
  endfacet
  facet normal 0.000000 0.000000 -1.000000
    outer loop
      vertex 87.000 117.000 2.400
      vertex 89.993 119.000 2.400
      vertex 90.326 118.378 2.400
    endloop
  endfacet
  facet normal 0.000000 0.000000 1.000000
    outer loop
      vertex 87.000 117.000 36.000
      vertex 90.326 118.378 36.000
      vertex 89.993 119.000 36.000
    endloop
  endfacet
  facet normal 0.773010 0.634393 0.000000
    outer loop
      vertex 89.993 119.000 2.400
      vertex 89.546 119.546 2.400
      vertex 89.546 119.546 36.000
    endloop
  endfacet
  facet normal 0.773010 0.634393 -0.000000
    outer loop
      vertex 89.993 119.000 2.400
      vertex 89.546 119.546 36.000
      vertex 89.993 119.000 36.000
    endloop
  endfacet
  facet normal 0.000000 0.000000 -1.000000
    outer loop
      vertex 87.000 117.000 2.400
      vertex 89.546 119.546 2.400
      vertex 89.993 119.000 2.400
    endloop
  endfacet
  facet normal 0.000000 0.000000 1.000000
    outer loop
      vertex 87.000 117.000 36.000
      vertex 89.993 119.000 36.000
      vertex 89.546 119.546 36.000
    endloop
  endfacet
  facet normal 0.634393 0.773010 0.000000
    outer loop
      vertex 89.546 119.546 2.400
      vertex 89.000 119.993 2.400
      vertex 89.000 119.993 36.000
    endloop
  endfacet
  facet normal 0.634393 0.773010 -0.000000
    outer loop
      vertex 89.546 119.546 2.400
      vertex 89.000 119.993 36.000
      vertex 89.546 119.546 36.000
    endloop
  endfacet
  facet normal 0.000000 0.000000 -1.000000
    outer loop
      vertex 87.000 117.000 2.400
      vertex 89.000 119.993 2.400
      vertex 89.546 119.546 2.400
    endloop
  endfacet
  facet normal 0.000000 0.000000 1.000000
    outer loop
      vertex 87.000 117.000 36.000
      vertex 89.546 119.546 36.000
      vertex 89.000 119.993 36.000
    endloop
  endfacet
  facet normal 0.471397 0.881921 0.000000
    outer loop
      vertex 89.000 119.993 2.400
      vertex 88.378 120.326 2.400
      vertex 88.378 120.326 36.000
    endloop
  endfacet
  facet normal 0.471397 0.881921 -0.000000
    outer loop
      vertex 89.000 119.993 2.400
      vertex 88.378 120.326 36.000
      vertex 89.000 119.993 36.000
    endloop
  endfacet
  facet normal 0.000000 0.000000 -1.000000
    outer loop
      vertex 87.000 117.000 2.400
      vertex 88.378 120.326 2.400
      vertex 89.000 119.993 2.400
    endloop
  endfacet
  facet normal 0.000000 0.000000 1.000000
    outer loop
      vertex 87.000 117.000 36.000
      vertex 89.000 119.993 36.000
      vertex 88.378 120.326 36.000
    endloop
  endfacet
  facet normal 0.290285 0.956940 0.000000
    outer loop
      vertex 88.378 120.326 2.400
      vertex 87.702 120.531 2.400
      vertex 87.702 120.531 36.000
    endloop
  endfacet
  facet normal 0.290285 0.956940 -0.000000
    outer loop
      vertex 88.378 120.326 2.400
      vertex 87.702 120.531 36.000
      vertex 88.378 120.326 36.000
    endloop
  endfacet
  facet normal 0.000000 0.000000 -1.000000
    outer loop
      vertex 87.000 117.000 2.400
      vertex 87.702 120.531 2.400
      vertex 88.378 120.326 2.400
    endloop
  endfacet
  facet normal 0.000000 0.000000 1.000000
    outer loop
      vertex 87.000 117.000 36.000
      vertex 88.378 120.326 36.000
      vertex 87.702 120.531 36.000
    endloop
  endfacet
  facet normal 0.098017 0.995185 0.000000
    outer loop
      vertex 87.702 120.531 2.400
      vertex 87.000 120.600 2.400
      vertex 87.000 120.600 36.000
    endloop
  endfacet
  facet normal 0.098017 0.995185 -0.000000
    outer loop
      vertex 87.702 120.531 2.400
      vertex 87.000 120.600 36.000
      vertex 87.702 120.531 36.000
    endloop
  endfacet
  facet normal 0.000000 0.000000 -1.000000
    outer loop
      vertex 87.000 117.000 2.400
      vertex 87.000 120.600 2.400
      vertex 87.702 120.531 2.400
    endloop
  endfacet
  facet normal 0.000000 0.000000 1.000000
    outer loop
      vertex 87.000 117.000 36.000
      vertex 87.702 120.531 36.000
      vertex 87.000 120.600 36.000
    endloop
  endfacet
  facet normal -0.098017 0.995185 0.000000
    outer loop
      vertex 87.000 120.600 2.400
      vertex 86.298 120.531 2.400
      vertex 86.298 120.531 36.000
    endloop
  endfacet
  facet normal -0.098017 0.995185 0.000000
    outer loop
      vertex 87.000 120.600 2.400
      vertex 86.298 120.531 36.000
      vertex 87.000 120.600 36.000
    endloop
  endfacet
  facet normal 0.000000 0.000000 -1.000000
    outer loop
      vertex 87.000 117.000 2.400
      vertex 86.298 120.531 2.400
      vertex 87.000 120.600 2.400
    endloop
  endfacet
  facet normal 0.000000 -0.000000 1.000000
    outer loop
      vertex 87.000 117.000 36.000
      vertex 87.000 120.600 36.000
      vertex 86.298 120.531 36.000
    endloop
  endfacet
  facet normal -0.290285 0.956940 0.000000
    outer loop
      vertex 86.298 120.531 2.400
      vertex 85.622 120.326 2.400
      vertex 85.622 120.326 36.000
    endloop
  endfacet
  facet normal -0.290285 0.956940 0.000000
    outer loop
      vertex 86.298 120.531 2.400
      vertex 85.622 120.326 36.000
      vertex 86.298 120.531 36.000
    endloop
  endfacet
  facet normal 0.000000 0.000000 -1.000000
    outer loop
      vertex 87.000 117.000 2.400
      vertex 85.622 120.326 2.400
      vertex 86.298 120.531 2.400
    endloop
  endfacet
  facet normal 0.000000 0.000000 1.000000
    outer loop
      vertex 87.000 117.000 36.000
      vertex 86.298 120.531 36.000
      vertex 85.622 120.326 36.000
    endloop
  endfacet
  facet normal -0.471397 0.881921 0.000000
    outer loop
      vertex 85.622 120.326 2.400
      vertex 85.000 119.993 2.400
      vertex 85.000 119.993 36.000
    endloop
  endfacet
  facet normal -0.471397 0.881921 0.000000
    outer loop
      vertex 85.622 120.326 2.400
      vertex 85.000 119.993 36.000
      vertex 85.622 120.326 36.000
    endloop
  endfacet
  facet normal 0.000000 0.000000 -1.000000
    outer loop
      vertex 87.000 117.000 2.400
      vertex 85.000 119.993 2.400
      vertex 85.622 120.326 2.400
    endloop
  endfacet
  facet normal 0.000000 0.000000 1.000000
    outer loop
      vertex 87.000 117.000 36.000
      vertex 85.622 120.326 36.000
      vertex 85.000 119.993 36.000
    endloop
  endfacet
  facet normal -0.634393 0.773010 0.000000
    outer loop
      vertex 85.000 119.993 2.400
      vertex 84.454 119.546 2.400
      vertex 84.454 119.546 36.000
    endloop
  endfacet
  facet normal -0.634393 0.773010 0.000000
    outer loop
      vertex 85.000 119.993 2.400
      vertex 84.454 119.546 36.000
      vertex 85.000 119.993 36.000
    endloop
  endfacet
  facet normal 0.000000 0.000000 -1.000000
    outer loop
      vertex 87.000 117.000 2.400
      vertex 84.454 119.546 2.400
      vertex 85.000 119.993 2.400
    endloop
  endfacet
  facet normal 0.000000 0.000000 1.000000
    outer loop
      vertex 87.000 117.000 36.000
      vertex 85.000 119.993 36.000
      vertex 84.454 119.546 36.000
    endloop
  endfacet
  facet normal -0.773010 0.634393 0.000000
    outer loop
      vertex 84.454 119.546 2.400
      vertex 84.007 119.000 2.400
      vertex 84.007 119.000 36.000
    endloop
  endfacet
  facet normal -0.773010 0.634393 0.000000
    outer loop
      vertex 84.454 119.546 2.400
      vertex 84.007 119.000 36.000
      vertex 84.454 119.546 36.000
    endloop
  endfacet
  facet normal 0.000000 0.000000 -1.000000
    outer loop
      vertex 87.000 117.000 2.400
      vertex 84.007 119.000 2.400
      vertex 84.454 119.546 2.400
    endloop
  endfacet
  facet normal 0.000000 0.000000 1.000000
    outer loop
      vertex 87.000 117.000 36.000
      vertex 84.454 119.546 36.000
      vertex 84.007 119.000 36.000
    endloop
  endfacet
  facet normal -0.881921 0.471397 0.000000
    outer loop
      vertex 84.007 119.000 2.400
      vertex 83.674 118.378 2.400
      vertex 83.674 118.378 36.000
    endloop
  endfacet
  facet normal -0.881921 0.471397 0.000000
    outer loop
      vertex 84.007 119.000 2.400
      vertex 83.674 118.378 36.000
      vertex 84.007 119.000 36.000
    endloop
  endfacet
  facet normal 0.000000 0.000000 -1.000000
    outer loop
      vertex 87.000 117.000 2.400
      vertex 83.674 118.378 2.400
      vertex 84.007 119.000 2.400
    endloop
  endfacet
  facet normal 0.000000 0.000000 1.000000
    outer loop
      vertex 87.000 117.000 36.000
      vertex 84.007 119.000 36.000
      vertex 83.674 118.378 36.000
    endloop
  endfacet
  facet normal -0.956940 0.290285 0.000000
    outer loop
      vertex 83.674 118.378 2.400
      vertex 83.469 117.702 2.400
      vertex 83.469 117.702 36.000
    endloop
  endfacet
  facet normal -0.956940 0.290285 0.000000
    outer loop
      vertex 83.674 118.378 2.400
      vertex 83.469 117.702 36.000
      vertex 83.674 118.378 36.000
    endloop
  endfacet
  facet normal 0.000000 0.000000 -1.000000
    outer loop
      vertex 87.000 117.000 2.400
      vertex 83.469 117.702 2.400
      vertex 83.674 118.378 2.400
    endloop
  endfacet
  facet normal 0.000000 0.000000 1.000000
    outer loop
      vertex 87.000 117.000 36.000
      vertex 83.674 118.378 36.000
      vertex 83.469 117.702 36.000
    endloop
  endfacet
  facet normal -0.995185 0.098017 0.000000
    outer loop
      vertex 83.469 117.702 2.400
      vertex 83.400 117.000 2.400
      vertex 83.400 117.000 36.000
    endloop
  endfacet
  facet normal -0.995185 0.098017 0.000000
    outer loop
      vertex 83.469 117.702 2.400
      vertex 83.400 117.000 36.000
      vertex 83.469 117.702 36.000
    endloop
  endfacet
  facet normal 0.000000 0.000000 -1.000000
    outer loop
      vertex 87.000 117.000 2.400
      vertex 83.400 117.000 2.400
      vertex 83.469 117.702 2.400
    endloop
  endfacet
  facet normal 0.000000 0.000000 1.000000
    outer loop
      vertex 87.000 117.000 36.000
      vertex 83.469 117.702 36.000
      vertex 83.400 117.000 36.000
    endloop
  endfacet
  facet normal -0.995185 -0.098017 0.000000
    outer loop
      vertex 83.400 117.000 2.400
      vertex 83.469 116.298 2.400
      vertex 83.469 116.298 36.000
    endloop
  endfacet
  facet normal -0.995185 -0.098017 0.000000
    outer loop
      vertex 83.400 117.000 2.400
      vertex 83.469 116.298 36.000
      vertex 83.400 117.000 36.000
    endloop
  endfacet
  facet normal -0.000000 0.000000 -1.000000
    outer loop
      vertex 87.000 117.000 2.400
      vertex 83.469 116.298 2.400
      vertex 83.400 117.000 2.400
    endloop
  endfacet
  facet normal 0.000000 0.000000 1.000000
    outer loop
      vertex 87.000 117.000 36.000
      vertex 83.400 117.000 36.000
      vertex 83.469 116.298 36.000
    endloop
  endfacet
  facet normal -0.956940 -0.290285 0.000000
    outer loop
      vertex 83.469 116.298 2.400
      vertex 83.674 115.622 2.400
      vertex 83.674 115.622 36.000
    endloop
  endfacet
  facet normal -0.956940 -0.290285 0.000000
    outer loop
      vertex 83.469 116.298 2.400
      vertex 83.674 115.622 36.000
      vertex 83.469 116.298 36.000
    endloop
  endfacet
  facet normal 0.000000 0.000000 -1.000000
    outer loop
      vertex 87.000 117.000 2.400
      vertex 83.674 115.622 2.400
      vertex 83.469 116.298 2.400
    endloop
  endfacet
  facet normal 0.000000 0.000000 1.000000
    outer loop
      vertex 87.000 117.000 36.000
      vertex 83.469 116.298 36.000
      vertex 83.674 115.622 36.000
    endloop
  endfacet
  facet normal -0.881921 -0.471397 0.000000
    outer loop
      vertex 83.674 115.622 2.400
      vertex 84.007 115.000 2.400
      vertex 84.007 115.000 36.000
    endloop
  endfacet
  facet normal -0.881921 -0.471397 0.000000
    outer loop
      vertex 83.674 115.622 2.400
      vertex 84.007 115.000 36.000
      vertex 83.674 115.622 36.000
    endloop
  endfacet
  facet normal 0.000000 0.000000 -1.000000
    outer loop
      vertex 87.000 117.000 2.400
      vertex 84.007 115.000 2.400
      vertex 83.674 115.622 2.400
    endloop
  endfacet
  facet normal 0.000000 0.000000 1.000000
    outer loop
      vertex 87.000 117.000 36.000
      vertex 83.674 115.622 36.000
      vertex 84.007 115.000 36.000
    endloop
  endfacet
  facet normal -0.773010 -0.634393 0.000000
    outer loop
      vertex 84.007 115.000 2.400
      vertex 84.454 114.454 2.400
      vertex 84.454 114.454 36.000
    endloop
  endfacet
  facet normal -0.773010 -0.634393 0.000000
    outer loop
      vertex 84.007 115.000 2.400
      vertex 84.454 114.454 36.000
      vertex 84.007 115.000 36.000
    endloop
  endfacet
  facet normal 0.000000 0.000000 -1.000000
    outer loop
      vertex 87.000 117.000 2.400
      vertex 84.454 114.454 2.400
      vertex 84.007 115.000 2.400
    endloop
  endfacet
  facet normal 0.000000 0.000000 1.000000
    outer loop
      vertex 87.000 117.000 36.000
      vertex 84.007 115.000 36.000
      vertex 84.454 114.454 36.000
    endloop
  endfacet
  facet normal -0.634393 -0.773010 0.000000
    outer loop
      vertex 84.454 114.454 2.400
      vertex 85.000 114.007 2.400
      vertex 85.000 114.007 36.000
    endloop
  endfacet
  facet normal -0.634393 -0.773010 0.000000
    outer loop
      vertex 84.454 114.454 2.400
      vertex 85.000 114.007 36.000
      vertex 84.454 114.454 36.000
    endloop
  endfacet
  facet normal 0.000000 0.000000 -1.000000
    outer loop
      vertex 87.000 117.000 2.400
      vertex 85.000 114.007 2.400
      vertex 84.454 114.454 2.400
    endloop
  endfacet
  facet normal 0.000000 0.000000 1.000000
    outer loop
      vertex 87.000 117.000 36.000
      vertex 84.454 114.454 36.000
      vertex 85.000 114.007 36.000
    endloop
  endfacet
  facet normal -0.471397 -0.881921 0.000000
    outer loop
      vertex 85.000 114.007 2.400
      vertex 85.622 113.674 2.400
      vertex 85.622 113.674 36.000
    endloop
  endfacet
  facet normal -0.471397 -0.881921 0.000000
    outer loop
      vertex 85.000 114.007 2.400
      vertex 85.622 113.674 36.000
      vertex 85.000 114.007 36.000
    endloop
  endfacet
  facet normal 0.000000 0.000000 -1.000000
    outer loop
      vertex 87.000 117.000 2.400
      vertex 85.622 113.674 2.400
      vertex 85.000 114.007 2.400
    endloop
  endfacet
  facet normal 0.000000 0.000000 1.000000
    outer loop
      vertex 87.000 117.000 36.000
      vertex 85.000 114.007 36.000
      vertex 85.622 113.674 36.000
    endloop
  endfacet
  facet normal -0.290285 -0.956940 0.000000
    outer loop
      vertex 85.622 113.674 2.400
      vertex 86.298 113.469 2.400
      vertex 86.298 113.469 36.000
    endloop
  endfacet
  facet normal -0.290285 -0.956940 0.000000
    outer loop
      vertex 85.622 113.674 2.400
      vertex 86.298 113.469 36.000
      vertex 85.622 113.674 36.000
    endloop
  endfacet
  facet normal 0.000000 0.000000 -1.000000
    outer loop
      vertex 87.000 117.000 2.400
      vertex 86.298 113.469 2.400
      vertex 85.622 113.674 2.400
    endloop
  endfacet
  facet normal 0.000000 0.000000 1.000000
    outer loop
      vertex 87.000 117.000 36.000
      vertex 85.622 113.674 36.000
      vertex 86.298 113.469 36.000
    endloop
  endfacet
  facet normal -0.098017 -0.995185 0.000000
    outer loop
      vertex 86.298 113.469 2.400
      vertex 87.000 113.400 2.400
      vertex 87.000 113.400 36.000
    endloop
  endfacet
  facet normal -0.098017 -0.995185 0.000000
    outer loop
      vertex 86.298 113.469 2.400
      vertex 87.000 113.400 36.000
      vertex 86.298 113.469 36.000
    endloop
  endfacet
  facet normal 0.000000 -0.000000 -1.000000
    outer loop
      vertex 87.000 117.000 2.400
      vertex 87.000 113.400 2.400
      vertex 86.298 113.469 2.400
    endloop
  endfacet
  facet normal 0.000000 0.000000 1.000000
    outer loop
      vertex 87.000 117.000 36.000
      vertex 86.298 113.469 36.000
      vertex 87.000 113.400 36.000
    endloop
  endfacet
  facet normal 0.098017 -0.995185 0.000000
    outer loop
      vertex 87.000 113.400 2.400
      vertex 87.702 113.469 2.400
      vertex 87.702 113.469 36.000
    endloop
  endfacet
  facet normal 0.098017 -0.995185 0.000000
    outer loop
      vertex 87.000 113.400 2.400
      vertex 87.702 113.469 36.000
      vertex 87.000 113.400 36.000
    endloop
  endfacet
  facet normal 0.000000 0.000000 -1.000000
    outer loop
      vertex 87.000 117.000 2.400
      vertex 87.702 113.469 2.400
      vertex 87.000 113.400 2.400
    endloop
  endfacet
  facet normal 0.000000 0.000000 1.000000
    outer loop
      vertex 87.000 117.000 36.000
      vertex 87.000 113.400 36.000
      vertex 87.702 113.469 36.000
    endloop
  endfacet
  facet normal 0.290285 -0.956940 0.000000
    outer loop
      vertex 87.702 113.469 2.400
      vertex 88.378 113.674 2.400
      vertex 88.378 113.674 36.000
    endloop
  endfacet
  facet normal 0.290285 -0.956940 0.000000
    outer loop
      vertex 87.702 113.469 2.400
      vertex 88.378 113.674 36.000
      vertex 87.702 113.469 36.000
    endloop
  endfacet
  facet normal 0.000000 0.000000 -1.000000
    outer loop
      vertex 87.000 117.000 2.400
      vertex 88.378 113.674 2.400
      vertex 87.702 113.469 2.400
    endloop
  endfacet
  facet normal 0.000000 0.000000 1.000000
    outer loop
      vertex 87.000 117.000 36.000
      vertex 87.702 113.469 36.000
      vertex 88.378 113.674 36.000
    endloop
  endfacet
  facet normal 0.471397 -0.881921 0.000000
    outer loop
      vertex 88.378 113.674 2.400
      vertex 89.000 114.007 2.400
      vertex 89.000 114.007 36.000
    endloop
  endfacet
  facet normal 0.471397 -0.881921 0.000000
    outer loop
      vertex 88.378 113.674 2.400
      vertex 89.000 114.007 36.000
      vertex 88.378 113.674 36.000
    endloop
  endfacet
  facet normal 0.000000 0.000000 -1.000000
    outer loop
      vertex 87.000 117.000 2.400
      vertex 89.000 114.007 2.400
      vertex 88.378 113.674 2.400
    endloop
  endfacet
  facet normal 0.000000 0.000000 1.000000
    outer loop
      vertex 87.000 117.000 36.000
      vertex 88.378 113.674 36.000
      vertex 89.000 114.007 36.000
    endloop
  endfacet
  facet normal 0.634393 -0.773010 0.000000
    outer loop
      vertex 89.000 114.007 2.400
      vertex 89.546 114.454 2.400
      vertex 89.546 114.454 36.000
    endloop
  endfacet
  facet normal 0.634393 -0.773010 0.000000
    outer loop
      vertex 89.000 114.007 2.400
      vertex 89.546 114.454 36.000
      vertex 89.000 114.007 36.000
    endloop
  endfacet
  facet normal 0.000000 0.000000 -1.000000
    outer loop
      vertex 87.000 117.000 2.400
      vertex 89.546 114.454 2.400
      vertex 89.000 114.007 2.400
    endloop
  endfacet
  facet normal 0.000000 0.000000 1.000000
    outer loop
      vertex 87.000 117.000 36.000
      vertex 89.000 114.007 36.000
      vertex 89.546 114.454 36.000
    endloop
  endfacet
  facet normal 0.773010 -0.634393 0.000000
    outer loop
      vertex 89.546 114.454 2.400
      vertex 89.993 115.000 2.400
      vertex 89.993 115.000 36.000
    endloop
  endfacet
  facet normal 0.773010 -0.634393 0.000000
    outer loop
      vertex 89.546 114.454 2.400
      vertex 89.993 115.000 36.000
      vertex 89.546 114.454 36.000
    endloop
  endfacet
  facet normal 0.000000 0.000000 -1.000000
    outer loop
      vertex 87.000 117.000 2.400
      vertex 89.993 115.000 2.400
      vertex 89.546 114.454 2.400
    endloop
  endfacet
  facet normal 0.000000 0.000000 1.000000
    outer loop
      vertex 87.000 117.000 36.000
      vertex 89.546 114.454 36.000
      vertex 89.993 115.000 36.000
    endloop
  endfacet
  facet normal 0.881921 -0.471397 0.000000
    outer loop
      vertex 89.993 115.000 2.400
      vertex 90.326 115.622 2.400
      vertex 90.326 115.622 36.000
    endloop
  endfacet
  facet normal 0.881921 -0.471397 0.000000
    outer loop
      vertex 89.993 115.000 2.400
      vertex 90.326 115.622 36.000
      vertex 89.993 115.000 36.000
    endloop
  endfacet
  facet normal 0.000000 0.000000 -1.000000
    outer loop
      vertex 87.000 117.000 2.400
      vertex 90.326 115.622 2.400
      vertex 89.993 115.000 2.400
    endloop
  endfacet
  facet normal 0.000000 0.000000 1.000000
    outer loop
      vertex 87.000 117.000 36.000
      vertex 89.993 115.000 36.000
      vertex 90.326 115.622 36.000
    endloop
  endfacet
  facet normal 0.956940 -0.290285 0.000000
    outer loop
      vertex 90.326 115.622 2.400
      vertex 90.531 116.298 2.400
      vertex 90.531 116.298 36.000
    endloop
  endfacet
  facet normal 0.956940 -0.290285 0.000000
    outer loop
      vertex 90.326 115.622 2.400
      vertex 90.531 116.298 36.000
      vertex 90.326 115.622 36.000
    endloop
  endfacet
  facet normal 0.000000 0.000000 -1.000000
    outer loop
      vertex 87.000 117.000 2.400
      vertex 90.531 116.298 2.400
      vertex 90.326 115.622 2.400
    endloop
  endfacet
  facet normal 0.000000 0.000000 1.000000
    outer loop
      vertex 87.000 117.000 36.000
      vertex 90.326 115.622 36.000
      vertex 90.531 116.298 36.000
    endloop
  endfacet
  facet normal 0.995185 -0.098017 0.000000
    outer loop
      vertex 90.531 116.298 2.400
      vertex 90.600 117.000 2.400
      vertex 90.600 117.000 36.000
    endloop
  endfacet
  facet normal 0.995185 -0.098017 0.000000
    outer loop
      vertex 90.531 116.298 2.400
      vertex 90.600 117.000 36.000
      vertex 90.531 116.298 36.000
    endloop
  endfacet
  facet normal 0.000000 0.000000 -1.000000
    outer loop
      vertex 87.000 117.000 2.400
      vertex 90.600 117.000 2.400
      vertex 90.531 116.298 2.400
    endloop
  endfacet
  facet normal -0.000000 0.000000 1.000000
    outer loop
      vertex 87.000 117.000 36.000
      vertex 90.531 116.298 36.000
      vertex 90.600 117.000 36.000
    endloop
  endfacet
  facet normal 0.995185 0.098017 0.000000
    outer loop
      vertex 88.100 117.000 32.000
      vertex 88.079 117.215 32.000
      vertex 88.079 117.215 36.000
    endloop
  endfacet
  facet normal 0.995185 0.098017 -0.000000
    outer loop
      vertex 88.100 117.000 32.000
      vertex 88.079 117.215 36.000
      vertex 88.100 117.000 36.000
    endloop
  endfacet
  facet normal 0.000000 0.000000 -1.000000
    outer loop
      vertex 87.000 117.000 32.000
      vertex 88.079 117.215 32.000
      vertex 88.100 117.000 32.000
    endloop
  endfacet
  facet normal 0.000000 0.000000 1.000000
    outer loop
      vertex 87.000 117.000 36.000
      vertex 88.100 117.000 36.000
      vertex 88.079 117.215 36.000
    endloop
  endfacet
  facet normal 0.956940 0.290285 0.000000
    outer loop
      vertex 88.079 117.215 32.000
      vertex 88.016 117.421 32.000
      vertex 88.016 117.421 36.000
    endloop
  endfacet
  facet normal 0.956940 0.290285 -0.000000
    outer loop
      vertex 88.079 117.215 32.000
      vertex 88.016 117.421 36.000
      vertex 88.079 117.215 36.000
    endloop
  endfacet
  facet normal 0.000000 0.000000 -1.000000
    outer loop
      vertex 87.000 117.000 32.000
      vertex 88.016 117.421 32.000
      vertex 88.079 117.215 32.000
    endloop
  endfacet
  facet normal 0.000000 0.000000 1.000000
    outer loop
      vertex 87.000 117.000 36.000
      vertex 88.079 117.215 36.000
      vertex 88.016 117.421 36.000
    endloop
  endfacet
  facet normal 0.881921 0.471397 0.000000
    outer loop
      vertex 88.016 117.421 32.000
      vertex 87.915 117.611 32.000
      vertex 87.915 117.611 36.000
    endloop
  endfacet
  facet normal 0.881921 0.471397 -0.000000
    outer loop
      vertex 88.016 117.421 32.000
      vertex 87.915 117.611 36.000
      vertex 88.016 117.421 36.000
    endloop
  endfacet
  facet normal 0.000000 0.000000 -1.000000
    outer loop
      vertex 87.000 117.000 32.000
      vertex 87.915 117.611 32.000
      vertex 88.016 117.421 32.000
    endloop
  endfacet
  facet normal 0.000000 0.000000 1.000000
    outer loop
      vertex 87.000 117.000 36.000
      vertex 88.016 117.421 36.000
      vertex 87.915 117.611 36.000
    endloop
  endfacet
  facet normal 0.773010 0.634393 0.000000
    outer loop
      vertex 87.915 117.611 32.000
      vertex 87.778 117.778 32.000
      vertex 87.778 117.778 36.000
    endloop
  endfacet
  facet normal 0.773010 0.634393 -0.000000
    outer loop
      vertex 87.915 117.611 32.000
      vertex 87.778 117.778 36.000
      vertex 87.915 117.611 36.000
    endloop
  endfacet
  facet normal 0.000000 0.000000 -1.000000
    outer loop
      vertex 87.000 117.000 32.000
      vertex 87.778 117.778 32.000
      vertex 87.915 117.611 32.000
    endloop
  endfacet
  facet normal 0.000000 0.000000 1.000000
    outer loop
      vertex 87.000 117.000 36.000
      vertex 87.915 117.611 36.000
      vertex 87.778 117.778 36.000
    endloop
  endfacet
  facet normal 0.634393 0.773010 0.000000
    outer loop
      vertex 87.778 117.778 32.000
      vertex 87.611 117.915 32.000
      vertex 87.611 117.915 36.000
    endloop
  endfacet
  facet normal 0.634393 0.773010 -0.000000
    outer loop
      vertex 87.778 117.778 32.000
      vertex 87.611 117.915 36.000
      vertex 87.778 117.778 36.000
    endloop
  endfacet
  facet normal 0.000000 0.000000 -1.000000
    outer loop
      vertex 87.000 117.000 32.000
      vertex 87.611 117.915 32.000
      vertex 87.778 117.778 32.000
    endloop
  endfacet
  facet normal 0.000000 0.000000 1.000000
    outer loop
      vertex 87.000 117.000 36.000
      vertex 87.778 117.778 36.000
      vertex 87.611 117.915 36.000
    endloop
  endfacet
  facet normal 0.471397 0.881921 0.000000
    outer loop
      vertex 87.611 117.915 32.000
      vertex 87.421 118.016 32.000
      vertex 87.421 118.016 36.000
    endloop
  endfacet
  facet normal 0.471397 0.881921 -0.000000
    outer loop
      vertex 87.611 117.915 32.000
      vertex 87.421 118.016 36.000
      vertex 87.611 117.915 36.000
    endloop
  endfacet
  facet normal 0.000000 0.000000 -1.000000
    outer loop
      vertex 87.000 117.000 32.000
      vertex 87.421 118.016 32.000
      vertex 87.611 117.915 32.000
    endloop
  endfacet
  facet normal 0.000000 0.000000 1.000000
    outer loop
      vertex 87.000 117.000 36.000
      vertex 87.611 117.915 36.000
      vertex 87.421 118.016 36.000
    endloop
  endfacet
  facet normal 0.290285 0.956940 0.000000
    outer loop
      vertex 87.421 118.016 32.000
      vertex 87.215 118.079 32.000
      vertex 87.215 118.079 36.000
    endloop
  endfacet
  facet normal 0.290285 0.956940 -0.000000
    outer loop
      vertex 87.421 118.016 32.000
      vertex 87.215 118.079 36.000
      vertex 87.421 118.016 36.000
    endloop
  endfacet
  facet normal 0.000000 0.000000 -1.000000
    outer loop
      vertex 87.000 117.000 32.000
      vertex 87.215 118.079 32.000
      vertex 87.421 118.016 32.000
    endloop
  endfacet
  facet normal 0.000000 0.000000 1.000000
    outer loop
      vertex 87.000 117.000 36.000
      vertex 87.421 118.016 36.000
      vertex 87.215 118.079 36.000
    endloop
  endfacet
  facet normal 0.098017 0.995185 0.000000
    outer loop
      vertex 87.215 118.079 32.000
      vertex 87.000 118.100 32.000
      vertex 87.000 118.100 36.000
    endloop
  endfacet
  facet normal 0.098017 0.995185 -0.000000
    outer loop
      vertex 87.215 118.079 32.000
      vertex 87.000 118.100 36.000
      vertex 87.215 118.079 36.000
    endloop
  endfacet
  facet normal 0.000000 0.000000 -1.000000
    outer loop
      vertex 87.000 117.000 32.000
      vertex 87.000 118.100 32.000
      vertex 87.215 118.079 32.000
    endloop
  endfacet
  facet normal 0.000000 0.000000 1.000000
    outer loop
      vertex 87.000 117.000 36.000
      vertex 87.215 118.079 36.000
      vertex 87.000 118.100 36.000
    endloop
  endfacet
  facet normal -0.098017 0.995185 0.000000
    outer loop
      vertex 87.000 118.100 32.000
      vertex 86.785 118.079 32.000
      vertex 86.785 118.079 36.000
    endloop
  endfacet
  facet normal -0.098017 0.995185 0.000000
    outer loop
      vertex 87.000 118.100 32.000
      vertex 86.785 118.079 36.000
      vertex 87.000 118.100 36.000
    endloop
  endfacet
  facet normal 0.000000 0.000000 -1.000000
    outer loop
      vertex 87.000 117.000 32.000
      vertex 86.785 118.079 32.000
      vertex 87.000 118.100 32.000
    endloop
  endfacet
  facet normal 0.000000 -0.000000 1.000000
    outer loop
      vertex 87.000 117.000 36.000
      vertex 87.000 118.100 36.000
      vertex 86.785 118.079 36.000
    endloop
  endfacet
  facet normal -0.290285 0.956940 0.000000
    outer loop
      vertex 86.785 118.079 32.000
      vertex 86.579 118.016 32.000
      vertex 86.579 118.016 36.000
    endloop
  endfacet
  facet normal -0.290285 0.956940 0.000000
    outer loop
      vertex 86.785 118.079 32.000
      vertex 86.579 118.016 36.000
      vertex 86.785 118.079 36.000
    endloop
  endfacet
  facet normal 0.000000 0.000000 -1.000000
    outer loop
      vertex 87.000 117.000 32.000
      vertex 86.579 118.016 32.000
      vertex 86.785 118.079 32.000
    endloop
  endfacet
  facet normal 0.000000 0.000000 1.000000
    outer loop
      vertex 87.000 117.000 36.000
      vertex 86.785 118.079 36.000
      vertex 86.579 118.016 36.000
    endloop
  endfacet
  facet normal -0.471397 0.881921 0.000000
    outer loop
      vertex 86.579 118.016 32.000
      vertex 86.389 117.915 32.000
      vertex 86.389 117.915 36.000
    endloop
  endfacet
  facet normal -0.471397 0.881921 0.000000
    outer loop
      vertex 86.579 118.016 32.000
      vertex 86.389 117.915 36.000
      vertex 86.579 118.016 36.000
    endloop
  endfacet
  facet normal 0.000000 0.000000 -1.000000
    outer loop
      vertex 87.000 117.000 32.000
      vertex 86.389 117.915 32.000
      vertex 86.579 118.016 32.000
    endloop
  endfacet
  facet normal 0.000000 0.000000 1.000000
    outer loop
      vertex 87.000 117.000 36.000
      vertex 86.579 118.016 36.000
      vertex 86.389 117.915 36.000
    endloop
  endfacet
  facet normal -0.634393 0.773010 0.000000
    outer loop
      vertex 86.389 117.915 32.000
      vertex 86.222 117.778 32.000
      vertex 86.222 117.778 36.000
    endloop
  endfacet
  facet normal -0.634393 0.773010 0.000000
    outer loop
      vertex 86.389 117.915 32.000
      vertex 86.222 117.778 36.000
      vertex 86.389 117.915 36.000
    endloop
  endfacet
  facet normal 0.000000 0.000000 -1.000000
    outer loop
      vertex 87.000 117.000 32.000
      vertex 86.222 117.778 32.000
      vertex 86.389 117.915 32.000
    endloop
  endfacet
  facet normal 0.000000 0.000000 1.000000
    outer loop
      vertex 87.000 117.000 36.000
      vertex 86.389 117.915 36.000
      vertex 86.222 117.778 36.000
    endloop
  endfacet
  facet normal -0.773010 0.634393 0.000000
    outer loop
      vertex 86.222 117.778 32.000
      vertex 86.085 117.611 32.000
      vertex 86.085 117.611 36.000
    endloop
  endfacet
  facet normal -0.773010 0.634393 0.000000
    outer loop
      vertex 86.222 117.778 32.000
      vertex 86.085 117.611 36.000
      vertex 86.222 117.778 36.000
    endloop
  endfacet
  facet normal 0.000000 0.000000 -1.000000
    outer loop
      vertex 87.000 117.000 32.000
      vertex 86.085 117.611 32.000
      vertex 86.222 117.778 32.000
    endloop
  endfacet
  facet normal 0.000000 0.000000 1.000000
    outer loop
      vertex 87.000 117.000 36.000
      vertex 86.222 117.778 36.000
      vertex 86.085 117.611 36.000
    endloop
  endfacet
  facet normal -0.881921 0.471397 0.000000
    outer loop
      vertex 86.085 117.611 32.000
      vertex 85.984 117.421 32.000
      vertex 85.984 117.421 36.000
    endloop
  endfacet
  facet normal -0.881921 0.471397 0.000000
    outer loop
      vertex 86.085 117.611 32.000
      vertex 85.984 117.421 36.000
      vertex 86.085 117.611 36.000
    endloop
  endfacet
  facet normal 0.000000 0.000000 -1.000000
    outer loop
      vertex 87.000 117.000 32.000
      vertex 85.984 117.421 32.000
      vertex 86.085 117.611 32.000
    endloop
  endfacet
  facet normal 0.000000 0.000000 1.000000
    outer loop
      vertex 87.000 117.000 36.000
      vertex 86.085 117.611 36.000
      vertex 85.984 117.421 36.000
    endloop
  endfacet
  facet normal -0.956940 0.290285 0.000000
    outer loop
      vertex 85.984 117.421 32.000
      vertex 85.921 117.215 32.000
      vertex 85.921 117.215 36.000
    endloop
  endfacet
  facet normal -0.956940 0.290285 0.000000
    outer loop
      vertex 85.984 117.421 32.000
      vertex 85.921 117.215 36.000
      vertex 85.984 117.421 36.000
    endloop
  endfacet
  facet normal 0.000000 0.000000 -1.000000
    outer loop
      vertex 87.000 117.000 32.000
      vertex 85.921 117.215 32.000
      vertex 85.984 117.421 32.000
    endloop
  endfacet
  facet normal 0.000000 0.000000 1.000000
    outer loop
      vertex 87.000 117.000 36.000
      vertex 85.984 117.421 36.000
      vertex 85.921 117.215 36.000
    endloop
  endfacet
  facet normal -0.995185 0.098017 0.000000
    outer loop
      vertex 85.921 117.215 32.000
      vertex 85.900 117.000 32.000
      vertex 85.900 117.000 36.000
    endloop
  endfacet
  facet normal -0.995185 0.098017 0.000000
    outer loop
      vertex 85.921 117.215 32.000
      vertex 85.900 117.000 36.000
      vertex 85.921 117.215 36.000
    endloop
  endfacet
  facet normal 0.000000 0.000000 -1.000000
    outer loop
      vertex 87.000 117.000 32.000
      vertex 85.900 117.000 32.000
      vertex 85.921 117.215 32.000
    endloop
  endfacet
  facet normal 0.000000 0.000000 1.000000
    outer loop
      vertex 87.000 117.000 36.000
      vertex 85.921 117.215 36.000
      vertex 85.900 117.000 36.000
    endloop
  endfacet
  facet normal -0.995185 -0.098017 0.000000
    outer loop
      vertex 85.900 117.000 32.000
      vertex 85.921 116.785 32.000
      vertex 85.921 116.785 36.000
    endloop
  endfacet
  facet normal -0.995185 -0.098017 0.000000
    outer loop
      vertex 85.900 117.000 32.000
      vertex 85.921 116.785 36.000
      vertex 85.900 117.000 36.000
    endloop
  endfacet
  facet normal -0.000000 0.000000 -1.000000
    outer loop
      vertex 87.000 117.000 32.000
      vertex 85.921 116.785 32.000
      vertex 85.900 117.000 32.000
    endloop
  endfacet
  facet normal 0.000000 0.000000 1.000000
    outer loop
      vertex 87.000 117.000 36.000
      vertex 85.900 117.000 36.000
      vertex 85.921 116.785 36.000
    endloop
  endfacet
  facet normal -0.956940 -0.290285 0.000000
    outer loop
      vertex 85.921 116.785 32.000
      vertex 85.984 116.579 32.000
      vertex 85.984 116.579 36.000
    endloop
  endfacet
  facet normal -0.956940 -0.290285 0.000000
    outer loop
      vertex 85.921 116.785 32.000
      vertex 85.984 116.579 36.000
      vertex 85.921 116.785 36.000
    endloop
  endfacet
  facet normal 0.000000 0.000000 -1.000000
    outer loop
      vertex 87.000 117.000 32.000
      vertex 85.984 116.579 32.000
      vertex 85.921 116.785 32.000
    endloop
  endfacet
  facet normal 0.000000 0.000000 1.000000
    outer loop
      vertex 87.000 117.000 36.000
      vertex 85.921 116.785 36.000
      vertex 85.984 116.579 36.000
    endloop
  endfacet
  facet normal -0.881921 -0.471397 0.000000
    outer loop
      vertex 85.984 116.579 32.000
      vertex 86.085 116.389 32.000
      vertex 86.085 116.389 36.000
    endloop
  endfacet
  facet normal -0.881921 -0.471397 0.000000
    outer loop
      vertex 85.984 116.579 32.000
      vertex 86.085 116.389 36.000
      vertex 85.984 116.579 36.000
    endloop
  endfacet
  facet normal 0.000000 0.000000 -1.000000
    outer loop
      vertex 87.000 117.000 32.000
      vertex 86.085 116.389 32.000
      vertex 85.984 116.579 32.000
    endloop
  endfacet
  facet normal 0.000000 0.000000 1.000000
    outer loop
      vertex 87.000 117.000 36.000
      vertex 85.984 116.579 36.000
      vertex 86.085 116.389 36.000
    endloop
  endfacet
  facet normal -0.773010 -0.634393 0.000000
    outer loop
      vertex 86.085 116.389 32.000
      vertex 86.222 116.222 32.000
      vertex 86.222 116.222 36.000
    endloop
  endfacet
  facet normal -0.773010 -0.634393 0.000000
    outer loop
      vertex 86.085 116.389 32.000
      vertex 86.222 116.222 36.000
      vertex 86.085 116.389 36.000
    endloop
  endfacet
  facet normal 0.000000 0.000000 -1.000000
    outer loop
      vertex 87.000 117.000 32.000
      vertex 86.222 116.222 32.000
      vertex 86.085 116.389 32.000
    endloop
  endfacet
  facet normal 0.000000 0.000000 1.000000
    outer loop
      vertex 87.000 117.000 36.000
      vertex 86.085 116.389 36.000
      vertex 86.222 116.222 36.000
    endloop
  endfacet
  facet normal -0.634393 -0.773010 0.000000
    outer loop
      vertex 86.222 116.222 32.000
      vertex 86.389 116.085 32.000
      vertex 86.389 116.085 36.000
    endloop
  endfacet
  facet normal -0.634393 -0.773010 0.000000
    outer loop
      vertex 86.222 116.222 32.000
      vertex 86.389 116.085 36.000
      vertex 86.222 116.222 36.000
    endloop
  endfacet
  facet normal 0.000000 0.000000 -1.000000
    outer loop
      vertex 87.000 117.000 32.000
      vertex 86.389 116.085 32.000
      vertex 86.222 116.222 32.000
    endloop
  endfacet
  facet normal 0.000000 0.000000 1.000000
    outer loop
      vertex 87.000 117.000 36.000
      vertex 86.222 116.222 36.000
      vertex 86.389 116.085 36.000
    endloop
  endfacet
  facet normal -0.471397 -0.881921 0.000000
    outer loop
      vertex 86.389 116.085 32.000
      vertex 86.579 115.984 32.000
      vertex 86.579 115.984 36.000
    endloop
  endfacet
  facet normal -0.471397 -0.881921 0.000000
    outer loop
      vertex 86.389 116.085 32.000
      vertex 86.579 115.984 36.000
      vertex 86.389 116.085 36.000
    endloop
  endfacet
  facet normal 0.000000 0.000000 -1.000000
    outer loop
      vertex 87.000 117.000 32.000
      vertex 86.579 115.984 32.000
      vertex 86.389 116.085 32.000
    endloop
  endfacet
  facet normal 0.000000 0.000000 1.000000
    outer loop
      vertex 87.000 117.000 36.000
      vertex 86.389 116.085 36.000
      vertex 86.579 115.984 36.000
    endloop
  endfacet
  facet normal -0.290285 -0.956940 0.000000
    outer loop
      vertex 86.579 115.984 32.000
      vertex 86.785 115.921 32.000
      vertex 86.785 115.921 36.000
    endloop
  endfacet
  facet normal -0.290285 -0.956940 0.000000
    outer loop
      vertex 86.579 115.984 32.000
      vertex 86.785 115.921 36.000
      vertex 86.579 115.984 36.000
    endloop
  endfacet
  facet normal 0.000000 0.000000 -1.000000
    outer loop
      vertex 87.000 117.000 32.000
      vertex 86.785 115.921 32.000
      vertex 86.579 115.984 32.000
    endloop
  endfacet
  facet normal 0.000000 0.000000 1.000000
    outer loop
      vertex 87.000 117.000 36.000
      vertex 86.579 115.984 36.000
      vertex 86.785 115.921 36.000
    endloop
  endfacet
  facet normal -0.098017 -0.995185 0.000000
    outer loop
      vertex 86.785 115.921 32.000
      vertex 87.000 115.900 32.000
      vertex 87.000 115.900 36.000
    endloop
  endfacet
  facet normal -0.098017 -0.995185 0.000000
    outer loop
      vertex 86.785 115.921 32.000
      vertex 87.000 115.900 36.000
      vertex 86.785 115.921 36.000
    endloop
  endfacet
  facet normal 0.000000 -0.000000 -1.000000
    outer loop
      vertex 87.000 117.000 32.000
      vertex 87.000 115.900 32.000
      vertex 86.785 115.921 32.000
    endloop
  endfacet
  facet normal 0.000000 0.000000 1.000000
    outer loop
      vertex 87.000 117.000 36.000
      vertex 86.785 115.921 36.000
      vertex 87.000 115.900 36.000
    endloop
  endfacet
  facet normal 0.098017 -0.995185 0.000000
    outer loop
      vertex 87.000 115.900 32.000
      vertex 87.215 115.921 32.000
      vertex 87.215 115.921 36.000
    endloop
  endfacet
  facet normal 0.098017 -0.995185 0.000000
    outer loop
      vertex 87.000 115.900 32.000
      vertex 87.215 115.921 36.000
      vertex 87.000 115.900 36.000
    endloop
  endfacet
  facet normal 0.000000 0.000000 -1.000000
    outer loop
      vertex 87.000 117.000 32.000
      vertex 87.215 115.921 32.000
      vertex 87.000 115.900 32.000
    endloop
  endfacet
  facet normal 0.000000 0.000000 1.000000
    outer loop
      vertex 87.000 117.000 36.000
      vertex 87.000 115.900 36.000
      vertex 87.215 115.921 36.000
    endloop
  endfacet
  facet normal 0.290285 -0.956940 0.000000
    outer loop
      vertex 87.215 115.921 32.000
      vertex 87.421 115.984 32.000
      vertex 87.421 115.984 36.000
    endloop
  endfacet
  facet normal 0.290285 -0.956940 0.000000
    outer loop
      vertex 87.215 115.921 32.000
      vertex 87.421 115.984 36.000
      vertex 87.215 115.921 36.000
    endloop
  endfacet
  facet normal 0.000000 0.000000 -1.000000
    outer loop
      vertex 87.000 117.000 32.000
      vertex 87.421 115.984 32.000
      vertex 87.215 115.921 32.000
    endloop
  endfacet
  facet normal 0.000000 0.000000 1.000000
    outer loop
      vertex 87.000 117.000 36.000
      vertex 87.215 115.921 36.000
      vertex 87.421 115.984 36.000
    endloop
  endfacet
  facet normal 0.471397 -0.881921 0.000000
    outer loop
      vertex 87.421 115.984 32.000
      vertex 87.611 116.085 32.000
      vertex 87.611 116.085 36.000
    endloop
  endfacet
  facet normal 0.471397 -0.881921 0.000000
    outer loop
      vertex 87.421 115.984 32.000
      vertex 87.611 116.085 36.000
      vertex 87.421 115.984 36.000
    endloop
  endfacet
  facet normal 0.000000 0.000000 -1.000000
    outer loop
      vertex 87.000 117.000 32.000
      vertex 87.611 116.085 32.000
      vertex 87.421 115.984 32.000
    endloop
  endfacet
  facet normal 0.000000 0.000000 1.000000
    outer loop
      vertex 87.000 117.000 36.000
      vertex 87.421 115.984 36.000
      vertex 87.611 116.085 36.000
    endloop
  endfacet
  facet normal 0.634393 -0.773010 0.000000
    outer loop
      vertex 87.611 116.085 32.000
      vertex 87.778 116.222 32.000
      vertex 87.778 116.222 36.000
    endloop
  endfacet
  facet normal 0.634393 -0.773010 0.000000
    outer loop
      vertex 87.611 116.085 32.000
      vertex 87.778 116.222 36.000
      vertex 87.611 116.085 36.000
    endloop
  endfacet
  facet normal 0.000000 0.000000 -1.000000
    outer loop
      vertex 87.000 117.000 32.000
      vertex 87.778 116.222 32.000
      vertex 87.611 116.085 32.000
    endloop
  endfacet
  facet normal 0.000000 0.000000 1.000000
    outer loop
      vertex 87.000 117.000 36.000
      vertex 87.611 116.085 36.000
      vertex 87.778 116.222 36.000
    endloop
  endfacet
  facet normal 0.773010 -0.634393 0.000000
    outer loop
      vertex 87.778 116.222 32.000
      vertex 87.915 116.389 32.000
      vertex 87.915 116.389 36.000
    endloop
  endfacet
  facet normal 0.773010 -0.634393 0.000000
    outer loop
      vertex 87.778 116.222 32.000
      vertex 87.915 116.389 36.000
      vertex 87.778 116.222 36.000
    endloop
  endfacet
  facet normal 0.000000 0.000000 -1.000000
    outer loop
      vertex 87.000 117.000 32.000
      vertex 87.915 116.389 32.000
      vertex 87.778 116.222 32.000
    endloop
  endfacet
  facet normal 0.000000 0.000000 1.000000
    outer loop
      vertex 87.000 117.000 36.000
      vertex 87.778 116.222 36.000
      vertex 87.915 116.389 36.000
    endloop
  endfacet
  facet normal 0.881921 -0.471397 0.000000
    outer loop
      vertex 87.915 116.389 32.000
      vertex 88.016 116.579 32.000
      vertex 88.016 116.579 36.000
    endloop
  endfacet
  facet normal 0.881921 -0.471397 0.000000
    outer loop
      vertex 87.915 116.389 32.000
      vertex 88.016 116.579 36.000
      vertex 87.915 116.389 36.000
    endloop
  endfacet
  facet normal 0.000000 0.000000 -1.000000
    outer loop
      vertex 87.000 117.000 32.000
      vertex 88.016 116.579 32.000
      vertex 87.915 116.389 32.000
    endloop
  endfacet
  facet normal 0.000000 0.000000 1.000000
    outer loop
      vertex 87.000 117.000 36.000
      vertex 87.915 116.389 36.000
      vertex 88.016 116.579 36.000
    endloop
  endfacet
  facet normal 0.956940 -0.290285 0.000000
    outer loop
      vertex 88.016 116.579 32.000
      vertex 88.079 116.785 32.000
      vertex 88.079 116.785 36.000
    endloop
  endfacet
  facet normal 0.956940 -0.290285 0.000000
    outer loop
      vertex 88.016 116.579 32.000
      vertex 88.079 116.785 36.000
      vertex 88.016 116.579 36.000
    endloop
  endfacet
  facet normal 0.000000 0.000000 -1.000000
    outer loop
      vertex 87.000 117.000 32.000
      vertex 88.079 116.785 32.000
      vertex 88.016 116.579 32.000
    endloop
  endfacet
  facet normal 0.000000 0.000000 1.000000
    outer loop
      vertex 87.000 117.000 36.000
      vertex 88.016 116.579 36.000
      vertex 88.079 116.785 36.000
    endloop
  endfacet
  facet normal 0.995185 -0.098017 0.000000
    outer loop
      vertex 88.079 116.785 32.000
      vertex 88.100 117.000 32.000
      vertex 88.100 117.000 36.000
    endloop
  endfacet
  facet normal 0.995185 -0.098017 0.000000
    outer loop
      vertex 88.079 116.785 32.000
      vertex 88.100 117.000 36.000
      vertex 88.079 116.785 36.000
    endloop
  endfacet
  facet normal 0.000000 0.000000 -1.000000
    outer loop
      vertex 87.000 117.000 32.000
      vertex 88.100 117.000 32.000
      vertex 88.079 116.785 32.000
    endloop
  endfacet
  facet normal -0.000000 0.000000 1.000000
    outer loop
      vertex 87.000 117.000 36.000
      vertex 88.079 116.785 36.000
      vertex 88.100 117.000 36.000
    endloop
  endfacet
endsolid case_50x70_usb_borde_base
